<?xml version="1.0" encoding="UTF-8" standalone="no" ?>
<COLLADA version="1.4.1" xmlns="http://www.collada.org/2005/11/COLLADASchema">

  <asset>
    <contributor>
      <authoring_tool>ONSHAPE BY PTC INC, 1.214</authoring_tool>
    </contributor>
    <created>2026-04-30T22:18:04</created>
    <modified>2026-04-30T22:18:04</modified>
    <unit meter="1" name="meters"/>
    <up_axis>Z_UP</up_axis>
  </asset>

  <library_materials>
    <material id="ID9" name="ID9">
      <instance_effect url="#ID9-fx"/>
    </material>
    <material id="ID10" name="ID10">
      <instance_effect url="#ID10-fx"/>
    </material>
  </library_materials>

  <library_effects>
    <effect id="ID9-fx" name="ID9">
      <profile_COMMON>
        <technique sid="COMMON">
          <lambert>
            <diffuse>
              <color sid="diffuse">0.0666667 0.0666667 0.0666667 1</color>
            </diffuse>
            <transparent opaque="A_ONE">
              <color sid="transparent">1 1 1 1</color>
            </transparent>
            <transparency>
              <float sid="transparency">1</float>
            </transparency>
          </lambert>
        </technique>
        <extra>
          <technique profile="OTHER">
            <double_sided>1</double_sided>
          </technique>
        </extra>
      </profile_COMMON>
    </effect>
    <effect id="ID10-fx" name="ID10">
      <profile_COMMON>
        <technique sid="COMMON">
          <lambert>
            <diffuse>
              <color sid="diffuse">0.898039 0.913725 0.92549 1</color>
            </diffuse>
            <transparent opaque="A_ONE">
              <color sid="transparent">1 1 1 1</color>
            </transparent>
            <transparency>
              <float sid="transparency">1</float>
            </transparency>
          </lambert>
        </technique>
        <extra>
          <technique profile="OTHER">
            <double_sided>1</double_sided>
          </technique>
        </extra>
      </profile_COMMON>
    </effect>
  </library_effects>

  <library_geometries>
    <geometry id="ID3">
      <mesh>
        <source id="ID4">
          <float_array count="7449" id="ID5">-0.00809512 -0.000327835 0.0104774 -0.00807918 -0.000677203 0.0106645 -0.0073 0.00248133 0.00999909 -0.0081 0.00213232 0.00927923 -0.0081 2.69444e-05 0.0103 -0.0080502 -0.00101966 0.0108628 -0.00800497 -0.00135218 0.0110743 -0.00793935 -0.00167061 0.0113016 -0.00784666 -0.00196705 0.0115483 -0.0073 -0.00250489 0.0124166 -0.00771699 -0.00222691 0.0118184 -0.00753713 -0.00242232 0.012113 -0.0073 0.00431158 0.00848449 -0.0073 0.00473562 0.00780766 -0.0081 0.00402592 0.00743844 -0.0081 0.00428703 0.00682044 -0.0073 0.00504647 0.00707195 -0.0073 0.00523621 0.00629613 -0.0081 0.00444642 0.00616875 -0.0073 0.0053 0.0055 -0.0081 0.0045 0.0055 -0.0081 0.00366973 0.00800697 -0.0073 0.00378519 0.00908517 -0.0081 0.00322756 0.00851154 -0.0073 0.00316988 0.00959436 -0.0073 0.00248133 0.00999909 -0.0081 0.0027107 0.00893927 -0.0081 0.00213232 0.00927923 -0.0073 0.0053 0.0055 -0.0081 0.0045 6.43929e-18 -0.0081 0.0045 0.0055 -0.0073 0.0053 6.43929e-18 0.0073 0.00248133 0.00999909 0.00807915 -0.000677166 0.0106646 0.00809504 -0.00032777 0.0104775 0.0073 -0.00250489 0.0124166 0.00771681 -0.00222616 0.0118182 0.00784626 -0.00196633 0.0115484 0.00753722 -0.00242015 0.0121119 0.00793912 -0.00167025 0.0113017 0.00805006 -0.00101952 0.0108629 0.00800484 -0.00135201 0.0110743 0.0081 2.69444e-05 0.0103 0.0081 0.00213232 0.00927923 0.0073 0.00504647 0.00707195 0.0081 0.00402592 0.00743844 0.0081 0.00428703 0.00682044 0.0073 0.0053 0.0055 0.0073 0.00523621 0.00629613 0.0081 0.00444642 0.00616875 0.0081 0.00322756 0.00851154 0.0073 0.00378519 0.00908517 0.0081 0.0027107 0.00893927 0.0073 0.00431158 0.00848449 0.0081 0.00366973 0.00800697 0.0073 0.00473562 0.00780766 0.0081 0.00213232 0.00927923 0.0073 0.00316988 0.00959436 0.0073 0.00248133 0.00999909 0.0081 0.0045 0.0055 0.0073 0.0053 7.32747e-18 0.0073 0.0053 0.0055 0.0081 0.0045 0.0055 0.0081 0.0045 6.43929e-18 0.004399 0.000948057 0.004 0.00245891 0.00098807 0.004 0.00259052 0.0005583 0.004 -0.00129239 0.00231349 0.004 -0.00219463 0.00392856 0.004 -0.00282699 0.00350116 0.004 0.00264761 0.000112469 0.004 0.00446355 -0.00057158 0.004 0.00449595 0.000190985 0.004 0.0041755 0.00167785 0.004 0.00225655 0.00138941 0.004 0.00430275 -0.0013177 0.004 0.00262854 -0.000336597 0.004 0.00253384 -0.00077598 0.004 0.00383188 0.00235938 0.004 0.00337803 0.00297304 0.004 0.00198928 0.00175079 0.004 0.00282699 0.00350116 0.004 0.00219463 0.00392856 0.004 0.00166478 0.00206179 0.004 0.00129239 0.00231349 0.004 0.00149913 0.00424295 0.004 0.00088282 0.00249863 0.004 0.00401817 -0.00202592 0.004 0.00236625 -0.00119304 0.004 0 0.0045 0.004 -0.000760504 0.00443527 0.004 0 0.00265 0.004 0.00361799 -0.00267585 0.004 0.00213059 -0.00157578 0.004 -0.00088282 0.00249863 0.004 -0.00149913 0.00424295 0.004 0.0011339 -0.0043548 0.004 0.00185356 -0.00410053 0.004 0.000667742 -0.00256449 0.004 -0.00166478 0.00206179 0.004 -0.00337803 0.00297304 0.004 -0.000381627 -0.00448379 0.004 -0.000667742 -0.00256449 0.004 -0.0011339 -0.0043548 0.004 -0.0041755 0.00167785 0.004 -0.00259052 0.0005583 0.004 -0.00245891 0.00098807 0.004 -0.00311372 -0.0032488 0.004 -0.00251989 -0.00372829 0.004 -0.00183364 -0.00191318 0.004 -0.00446355 -0.00057158 0.004 -0.00253384 -0.00077598 0.004 -0.00262854 -0.000336597 0.004 -0.00236625 -0.00119304 0.004 -0.00430275 -0.0013177 0.004 -0.00264761 0.000112469 0.004 -0.00449595 0.000190985 0.004 -0.00213059 -0.00157578 0.004 -0.00401817 -0.00202592 0.004 -0.004399 0.000948057 0.004 -0.00225655 0.00138941 0.004 -0.00383188 0.00235938 0.004 -0.00361799 -0.00267585 0.004 -0.00185356 -0.00410053 0.004 -0.00148393 -0.00219555 0.004 -0.00198928 0.00175079 0.004 -0.00109154 -0.00241476 0.004 0.000224736 -0.00264045 0.004 0.000381627 -0.00448379 0.004 -0.000224736 -0.00264045 0.004 -0.000447852 0.00261188 0.004 0.000760504 0.00443527 0.004 0.000447852 0.00261188 0.004 0.00183364 -0.00191318 0.004 0.00311372 -0.0032488 0.004 0.00251989 -0.00372829 0.004 0.00148393 -0.00219555 0.004 0.00109154 -0.00241476 0.004 -0.0073 0.00248133 0.00999909 -0.00430709 0.0013015 0.0105711 -0.00407499 0.00190789 0.0102771 -0.0049 -0.00473945 0.0135 -0.00106014 -0.00437434 0.013323 -0.00173115 -0.00415461 0.0132164 0.00692319 -0.00325226 0.0127791 0.00712435 -0.00288381 0.0126004 0.00378762 -0.00242986 0.0123802 -0.00444894 0.000672285 0.0108762 -0.00375406 0.00248133 0.00999909 -0.00432528 -0.00124052 0.0118036 -0.0044583 -0.000609501 0.0114976 -0.0073 -0.00250489 0.0124166 -0.00449948 3.17247e-05 0.0111868 -0.00290809 -0.00343434 0.0128672 -0.00642656 -0.00394047 0.0131127 -0.00611806 -0.00424277 0.0132592 -0.00338928 -0.00295985 0.0126372 -0.00378846 -0.00242743 0.012379 -0.00692333 -0.00325244 0.0127792 -0.00575951 -0.0044971 0.0133827 -0.00534832 -0.00467441 0.0134686 -0.0023519 -0.00383713 0.0130625 0.00035623 -0.00448556 0.0133769 -0.00035703 -0.00448643 0.0133773 0.0049 -0.00473945 0.0135 0.0053496 -0.00467273 0.0134679 0.00575983 -0.0044958 0.0133821 0.001728 -0.00415382 0.0132161 0.00105787 -0.00437292 0.0133223 0.00338737 -0.00296193 0.0126382 0.00669237 -0.00360642 0.0129509 0.00642619 -0.0039398 0.0131124 0.00432532 -0.00124237 0.0118045 0.00410124 -0.00185253 0.0121003 0.0073 -0.00250489 0.0124166 0.00450023 3.00963e-05 0.0111875 0.00445843 -0.000611131 0.0114984 0.0073 0.00248133 0.00999909 0.0044503 0.000670948 0.0108768 0.00430869 0.00130064 0.0105715 0.00407613 0.00190805 0.010277 0.00375406 0.00248133 0.00999909 0.00290527 -0.00343564 0.0128679 0.00611793 -0.00424235 0.013259 0.00234862 -0.0038374 0.0130627 -0.0066925 -0.00360664 0.012951 -0.0071245 -0.00288398 0.0126005 -0.00410129 -0.00185025 0.0120992 -0.0073 0.00378519 0.00908517 -0.00218146 0.00393583 0.00893261 -0.0073 0.00431158 0.00848449 -0.00263227 0.00364982 0.00921207 -0.00304649 0.00331201 0.0094909 -0.00342269 0.00292161 0.00975756 -0.0073 0.00316988 0.00959436 -0.0073 0.00248133 0.00999909 -0.00375406 0.00248133 0.00999909 0.0073 0.00431158 0.00848449 0.00169448 0.00416884 0.00866679 0.00218257 0.00393539 0.00893231 -0.00169296 0.00416935 0.00866692 -0.00116398 0.00434674 0.00843703 -0.000596227 0.00446008 0.00827454 -0.0073 0.00473562 0.00780766 7.68225e-11 0.0045 0.00821293 0.0073 0.00473562 0.00780766 0.0073 0.00504647 0.00707195 0.000597134 0.00446031 0.00827362 0.00116609 0.00434651 0.00843626 0.00263347 0.00364895 0.00921187 0.0073 0.00378519 0.00908517 0.0073 0.00316988 0.00959436 0.00304848 0.00331007 0.0094917 0.00342318 0.00292082 0.00975782 0.0073 0.00248133 0.00999909 0.00375406 0.00248133 0.00999909 0.0073 0.00523621 0.00629613 -0.0073 0.00504647 0.00707195 -0.0073 0.00523621 0.00629613 0.0073 0.0053 0.0055 -0.0073 0.0053 0.0055 -0.0073 0.0053 6.43929e-18 -0.0073 0.0053 0.0055 0.0073 0.0053 0.0055 0.0073 0.0053 7.32747e-18 0.00712435 -0.00288381 0.0126004 0.00716274 -0.00606 0.0125627 0.0073 -0.00250489 0.0124166 0.00775122 -0.00606 0.0117528 0.00771681 -0.00222616 0.0118182 0.00753722 -0.00242015 0.0121119 0.00748885 -0.00606 0.0121809 0.0080606 -0.00606 0.0108006 0.00800484 -0.00135201 0.0110743 0.00794338 -0.00606 0.0112889 0.00793912 -0.00167025 0.0113017 0.00805006 -0.00101952 0.0108629 0.00807915 -0.000677166 0.0106646 0.0081 -0.00606 0.0103 0.00809504 -0.00032777 0.0104775 0.0081 2.69444e-05 0.0103 0.00588885 -0.00606 0.0133434 0.00635277 -0.00606 0.0131512 0.00611793 -0.00424235 0.013259 0.00678091 -0.00606 0.0128889 0.00692319 -0.00325226 0.0127791 0.00784626 -0.00196633 0.0115484 0.00669237 -0.00360642 0.0129509 0.00575983 -0.0044958 0.0133821 0.00642619 -0.0039398 0.0131124 0.00540059 -0.00606 0.0134606 0.0053496 -0.00467273 0.0134679 0.0049 -0.00606 0.0135 0.0049 -0.00473945 0.0135 -0.0049 -0.00473945 0.0135 -0.0049 -0.00606 0.0135 0.0049 -0.00606 0.0135 0.0049 -0.00473945 0.0135 -0.00692333 -0.00325244 0.0127792 -0.00678091 -0.00606 0.0128889 -0.0066925 -0.00360664 0.012951 -0.00642656 -0.00394047 0.0131127 -0.00635277 -0.00606 0.0131512 -0.00588885 -0.00606 0.0133434 -0.00611806 -0.00424277 0.0132592 -0.00575951 -0.0044971 0.0133827 -0.00540059 -0.00606 0.0134606 -0.0049 -0.00606 0.0135 -0.00534832 -0.00467441 0.0134686 -0.0049 -0.00473945 0.0135 -0.00716274 -0.00606 0.0125627 -0.0071245 -0.00288398 0.0126005 -0.0073 -0.00250489 0.0124166 -0.00748885 -0.00606 0.0121809 -0.00753713 -0.00242232 0.012113 -0.00771699 -0.00222691 0.0118184 -0.00775122 -0.00606 0.0117528 -0.00784666 -0.00196705 0.0115483 -0.00794338 -0.00606 0.0112889 -0.00793935 -0.00167061 0.0113016 -0.00800497 -0.00135218 0.0110743 -0.0080606 -0.00606 0.0108006 -0.0080502 -0.00101966 0.0108628 -0.00807918 -0.000677203 0.0106645 -0.00809512 -0.000327835 0.0104774 -0.0081 -0.00606 0.0103 -0.0081 2.69444e-05 0.0103 0.0081 -0.00606 0.002 0.0081 0.0045 6.43929e-18 0.0081 0.0045 0.0055 0.0081 0.00444642 0.00616875 0.0081 0.00428703 0.00682044 0.0081 0.00213232 0.00927923 0.0081 0.00322756 0.00851154 0.0081 0.0027107 0.00893927 0.0081 0.00366973 0.00800697 0.0081 0.00402592 0.00743844 0.0081 2.69444e-05 0.0103 0.0081 -0.00606 0.0103 0.0081 -0.00608462 0.00168713 0.0081 -0.00627799 0.00109202 0.0081 -0.00615789 0.00138197 0.0081 -0.00664579 0.000585786 0.0081 -0.00644197 0.00082443 0.0081 -0.00715202 0.000217987 0.0081 -0.00688443 0.000381966 0.0081 -0.00774713 2.46233e-05 0.0081 -0.00744197 9.7887e-05 0.0081 -0.00806 6.93889e-18 -0.0081 2.69444e-05 0.0103 -0.0081 0.00213232 0.00927923 -0.0081 -0.00606 0.002 -0.0081 -0.00744197 9.7887e-05 -0.0081 0.0045 6.43929e-18 -0.0081 -0.00774713 2.46233e-05 -0.0081 -0.00806 -4.24044e-20 -0.0081 -0.00688443 0.000381966 -0.0081 -0.00715202 0.000217987 -0.0081 -0.00644197 0.00082443 -0.0081 -0.00664579 0.000585786 -0.0081 -0.00615789 0.00138197 -0.0081 -0.00627799 0.00109202 -0.0081 -0.00608462 0.00168713 -0.0081 -0.00606 0.0103 -0.0081 0.00322756 0.00851154 -0.0081 0.0027107 0.00893927 -0.0081 0.00366973 0.00800697 -0.0081 0.00402592 0.00743844 -0.0081 0.00428703 0.00682044 -0.0081 0.00444642 0.00616875 -0.0081 0.0045 0.0055 -0.00992752 -0.00638479 0.0014226 -0.00978386 -0.00633866 0.00134995 -0.00989143 -0.0065236 0.00108086 -0.0105511 -0.00690149 0.00149815 -0.0104159 -0.00690832 0.00118217 -0.0106316 -0.0070411 0.00145267 -0.0108204 -0.00729256 0.0016881 -0.0107441 -0.00710856 0.00177043 -0.0108876 -0.00739918 0.002 -0.0108019 -0.00719207 0.002 -0.0109705 -0.00785314 0.00172702 -0.011 -0.00806 0.002 -0.0109874 -0.00783574 0.002 -0.0109517 -0.00764214 0.00187288 -0.0109497 -0.00761448 0.002 -0.0106405 -0.00692889 0.00182897 -0.0105634 -0.00681269 0.002 -0.0105125 -0.00675872 0.00186202 -0.0104516 -0.00676925 0.00152383 -0.0103479 -0.00681793 0.00119972 -0.0103041 -0.0071442 0.000791447 -0.0105445 -0.00729261 0.000987301 -0.0102999 -0.00709654 0.000824393 -0.0103637 -0.00660294 0.00186863 -0.010336 -0.00664821 0.00152897 -0.00992391 -0.0067461 0.000808337 -0.00979535 -0.00650818 0.00102058 -0.00987763 -0.00674668 0.000773233 -0.0101811 -0.00666247 0.0011926 -0.010072 -0.00679365 0.000883215 -0.0101197 -0.0068244 0.000895634 -0.00970415 -0.00650931 0.000951411 -0.00983515 -0.00675564 0.000734628 -0.00948493 -0.00660937 0.000711393 -0.00927949 -0.00639286 0.000931105 -0.00918916 -0.00646414 0.000809434 -0.009 -0.00612826 0.001482 -0.00908231 -0.00609323 0.00164638 -0.009 -0.00609045 0.00165247 -0.00964329 -0.0063161 0.00126176 -0.00947223 -0.00617555 0.00152476 -0.00950987 -0.00631776 0.00116057 -0.00922426 -0.00607262 0.002 -0.009 -0.00606 0.002 -0.009 -0.00606767 0.00182523 -0.00938743 -0.0063436 0.00104928 -0.00930053 -0.00617769 0.00139453 -0.00914296 -0.00621094 0.00125132 -0.00940425 -0.00674595 0.000547466 -0.00972543 -0.00686677 0.000568232 -0.00943699 -0.00667173 0.000628231 -0.00962046 -0.00652697 0.000875341 -0.00979771 -0.00677273 0.000693632 -0.00954667 -0.00656065 0.000794561 -0.00976637 -0.00679745 0.000651425 -0.00974204 -0.00682911 0.00060922 -0.009717 -0.00690937 0.00052964 -0.00943699 -0.00711486 0.000292446 -0.00976637 -0.00710318 0.000419755 -0.00974204 -0.00705399 0.00043881 -0.0101642 -0.00732621 0.00054874 -0.0101197 -0.007331 0.000511752 -0.0101811 -0.00766069 0.000436175 -0.00987763 -0.00723418 0.000403817 -0.00970415 -0.00746992 0.000223492 -0.00992391 -0.00726813 0.000412756 -0.010072 -0.00732736 0.000478786 -0.0100225 -0.0073154 0.000450788 -0.00998963 -0.00762996 0.000316048 -0.00997267 -0.00729547 0.000428565 -0.00989143 -0.00759068 0.000272259 -0.00964329 -0.00782097 0.000121428 -0.00950987 -0.00772309 9.56564e-05 -0.00934753 -0.00806 3.04508e-05 -0.0096844 -0.00806 0.000120784 -0.00978386 -0.00789976 0.000166999 -0.009 -0.00806 0 -0.00917477 -0.00806 7.67464e-06 -0.00914296 -0.00783935 1.7356e-05 -0.00979535 -0.00753682 0.000241108 -0.0104516 -0.0079507 0.000628573 -0.0103479 -0.0076255 0.000587766 -0.0102689 -0.00765126 0.000509057 -0.00992752 -0.00795723 0.000231061 -0.0104159 -0.00758415 0.000670037 -0.0105511 -0.00789021 0.000748931 -0.0106316 -0.00780866 0.000871038 -0.0104709 -0.00752841 0.000753502 -0.0106909 -0.00770839 0.000991381 -0.0105114 -0.00745987 0.000835762 -0.0102043 -0.00731314 0.000588684 -0.0102388 -0.00729216 0.000630436 -0.0105362 -0.00738051 0.00091445 -0.0102999 -0.00718881 0.000754475 -0.0102668 -0.00726387 0.000672795 -0.0107271 -0.00759229 0.0011065 -0.0107393 -0.00746369 0.00121308 -0.010867 -0.00781789 0.00132494 -0.0108827 -0.0076524 0.0014621 -0.0109696 -0.00806 0.00165284 -0.0109923 -0.00806 0.00182523 -0.0100871 -0.00765352 0.000371215 -0.00930053 -0.00798622 2.40854e-05 -0.0102873 -0.00722908 0.000714542 -0.0100252 -0.00702284 0.000631301 -0.0108795 -0.00806 0.00131622 -0.0108204 -0.0079673 0.0011768 -0.0109319 -0.00806 0.00148283 -0.0107322 -0.00806 0.00100034 -0.0108128 -0.00806 0.00115514 -0.0106384 -0.00806 0.000853058 -0.0105324 -0.00806 0.000714792 -0.00962046 -0.00739191 0.000219918 -0.00983515 -0.00719459 0.000402003 -0.0104142 -0.00806 0.000585786 -0.00979771 -0.0071505 0.000407367 -0.00954667 -0.00730503 0.000230488 -0.0102859 -0.00806 0.000468254 -0.00927949 -0.00748187 0.000105891 -0.009 -0.00771284 3.03617e-05 -0.00938743 -0.00760897 9.04273e-05 -0.0101473 -0.00806 0.000361779 -0.00948493 -0.00721179 0.000254898 -0.0100004 -0.00806 0.00026822 -0.00918916 -0.00734546 0.000141602 -0.009 -0.00754283 6.80613e-05 -0.00984548 -0.00806 0.000187506 -0.00911903 -0.00720365 0.000196533 -0.009 -0.00737622 0.000120528 -0.00972543 -0.00700434 0.000463985 -0.00940425 -0.00701703 0.000342052 -0.009518 -0.00806 6.82617e-05 -0.00938764 -0.00692112 0.000402288 -0.009717 -0.00695567 0.000494555 -0.009 -0.00788523 7.67464e-06 -0.00938764 -0.00682988 0.000471423 -0.009 -0.00706034 0.000267771 -0.009 -0.00721514 0.00018725 -0.009 -0.00691306 0.000361579 -0.009 -0.00677479 0.000467634 -0.009 -0.00664579 0.000585786 -0.00911903 -0.00655538 0.000687771 -0.009 -0.00652825 0.000714067 -0.009 -0.00642178 0.000852732 -0.00997267 -0.00675393 0.000838929 -0.009 -0.00632822 0.000999606 -0.009 -0.00624751 0.00115452 -0.00998963 -0.00655513 0.00113052 -0.0100225 -0.00676993 0.00086413 -0.009 -0.00618078 0.0013156 -0.0100871 -0.00660187 0.00116812 -0.00928722 -0.00609068 0.00180179 -0.0100701 -0.00645317 0.00147761 -0.00965312 -0.00620459 0.00163825 -0.0094446 -0.00611007 0.002 -0.0102076 -0.00654182 0.00151341 -0.00966039 -0.00617218 0.002 -0.009838 -0.00626395 0.00173174 -0.0101642 -0.00686131 0.00090103 -0.0102689 -0.00673519 0.00120323 -0.00986749 -0.00625796 0.002 -0.0100215 -0.00635195 0.00180253 -0.0100636 -0.00636632 0.002 -0.0101985 -0.00646604 0.00184861 -0.0102043 -0.0069033 0.000899248 -0.0102467 -0.00649613 0.002 -0.0102388 -0.00694917 0.00089034 -0.0104142 -0.00664579 0.002 -0.0102668 -0.0069976 0.000874562 -0.0104709 -0.00700375 0.00115107 -0.0102873 -0.0070472 0.000852367 -0.0105114 -0.00710148 0.00110734 -0.0106932 -0.00699557 0.002 -0.0105362 -0.0071987 0.00105222 -0.0106909 -0.00718408 0.00138869 -0.0107271 -0.00732631 0.00130805 -0.010867 -0.00747559 0.00158432 -0.0102467 -0.00649613 0.002 -0.0101756 -0.00644197 0.035 -0.0100636 -0.00636632 0.002 -0.00986749 -0.00625796 0.002 -0.00990798 -0.00627799 0.035 -0.00961803 -0.00615789 0.035 -0.00966039 -0.00617218 0.002 -0.0094446 -0.00611007 0.002 -0.00931287 -0.00608462 0.035 -0.009 -0.00606 0.035 -0.00922426 -0.00607262 0.002 -0.009 -0.00606 0.002 -0.0104142 -0.00664579 0.035 -0.0104142 -0.00664579 0.002 -0.0105634 -0.00681269 0.002 -0.010618 -0.00688443 0.035 -0.0106932 -0.00699557 0.002 -0.0108019 -0.00719207 0.002 -0.010782 -0.00715202 0.035 -0.0108876 -0.00739918 0.002 -0.0109021 -0.00744197 0.035 -0.0109497 -0.00761448 0.002 -0.0109754 -0.00774713 0.035 -0.011 -0.00806 0.035 -0.0109874 -0.00783574 0.002 -0.011 -0.00806 0.002 -0.008 -0.00627799 0.036908 -0.00829847 -0.00627799 0.0368845 -0.00834033 -0.00644197 0.0371488 -0.0084057 -0.00608462 0.0362486 -0.00820538 -0.00608462 0.0362967 -0.00815643 -0.00606 0.0359877 -0.00889101 -0.00606 0.035454 -0.00895106 -0.00606 0.035309 -0.00924861 -0.00608462 0.0354057 -0.00906213 -0.00608462 0.0357717 -0.00880902 -0.00606 0.0355878 -0.00916978 -0.00608462 0.035596 -0.008 -0.00615789 0.036618 -0.00825312 -0.00615789 0.0365981 -0.008 -0.00608462 0.0363129 -0.008 -0.00606 0.036 -0.00830902 -0.00606 0.0359511 -0.00867229 -0.00644197 0.0370691 -0.00953884 -0.00615789 0.0355 -0.00988449 -0.00627799 0.0352985 -0.0098146 -0.00627799 0.0355896 -0.00934915 -0.00627799 0.0363491 -0.00954359 -0.00627799 0.0361215 -0.00976007 -0.00644197 0.0362788 -0.00929671 -0.00608462 0.0352054 -0.00898769 -0.00606 0.0351564 -0.00931287 -0.00608462 0.035 -0.00961803 -0.00615789 0.035 -0.00927877 -0.00644197 0.0367601 -0.0088662 -0.00627799 0.0367 -0.00912148 -0.00627799 0.0365436 -0.00898769 -0.00644197 0.0369384 -0.0085896 -0.00627799 0.0368146 -0.009 -0.00606 0.035 -0.00926301 -0.00715202 0.0374788 -0.00880902 -0.00688443 0.0374899 -0.00918856 -0.00688443 0.0373327 -0.0103479 -0.00744197 0.0367058 -0.00996718 -0.00715202 0.0369672 -0.0102507 -0.00715202 0.0366352 -0.00953884 -0.00688443 0.037118 -0.00909603 -0.00664579 0.0371511 -0.00941904 -0.00664579 0.0369531 -0.0105858 -0.00744197 0.0363175 -0.0108298 -0.00774713 0.0359194 -0.0106511 -0.00774713 0.0363508 -0.0104071 -0.00774713 0.0367489 -0.0104788 -0.00715202 0.036263 -0.0107601 -0.00744197 0.0358968 -0.00963523 -0.00715202 0.0372507 -0.011 -0.00806 0.035 -0.0109631 -0.00806 0.0354693 -0.0109387 -0.00774713 0.0354654 -0.00874603 -0.00664579 0.0372961 -0.00837767 -0.00664579 0.0373845 -0.008 -0.00664579 0.0374142 -0.008 -0.00644197 0.0371756 -0.00840955 -0.00688443 0.0375858 -0.008 -0.00688443 0.037618 -0.0084352 -0.00715202 0.0377478 -0.00845399 -0.00744197 0.0378664 -0.008 -0.00715202 0.037782 -0.00846545 -0.00774713 0.0379387 -0.008 -0.00744197 0.0379021 -0.008 -0.00806 0.038 -0.008 -0.00774713 0.0379754 -0.0084693 -0.00806 0.0379631 -0.00859603 -0.00608462 0.0361698 -0.0085 -0.00615789 0.0365388 -0.00885969 -0.00715202 0.0376459 -0.0088968 -0.00744197 0.0377601 -0.00891944 -0.00774713 0.0378297 -0.00892705 -0.00806 0.0378532 -0.00845399 -0.00606 0.035891 -0.00877168 -0.00608462 0.0360621 -0.00873457 -0.00615789 0.0364417 -0.00931753 -0.00744197 0.0375858 -0.00935079 -0.00774713 0.0376511 -0.00936197 -0.00806 0.037673 -0.00858779 -0.00606 0.035809 -0.00892834 -0.00608462 0.0359283 -0.00895106 -0.00615789 0.036309 -0.00985123 -0.00688443 0.0368512 -0.00970582 -0.00744197 0.0373479 -0.00974888 -0.00774713 0.0374071 -0.00976336 -0.00806 0.0374271 -0.00870711 -0.00606 0.0357071 -0.00953836 -0.00644197 0.0365384 -0.00914412 -0.00615789 0.0361441 -0.00970711 -0.00664579 0.0367071 -0.0100521 -0.00744197 0.0370521 -0.0101039 -0.00774713 0.0371039 -0.0101213 -0.00806 0.0371213 -0.00995314 -0.00664579 0.036419 -0.00930902 -0.00615789 0.0359511 -0.010118 -0.00688443 0.0365388 -0.0106459 -0.00715202 0.0358597 -0.0104271 -0.00806 0.0367634 -0.00970002 -0.00627799 0.0358662 -0.00993845 -0.00644197 0.0359877 -0.00944168 -0.00615789 0.0357346 -0.0101511 -0.00664579 0.036096 -0.0103327 -0.00688443 0.0361886 -0.010673 -0.00806 0.036362 -0.00959811 -0.00615789 0.0352531 -0.0100691 -0.00644197 0.0356723 -0.0102961 -0.00664579 0.035746 -0.0104899 -0.00688443 0.035809 -0.0108532 -0.00806 0.035927 -0.0101488 -0.00644197 0.0353403 -0.0103845 -0.00664579 0.0353777 -0.0105858 -0.00688443 0.0354096 -0.0107478 -0.00715202 0.0354352 -0.0108664 -0.00744197 0.035454 -0.0109754 -0.00774713 0.035 -0.00990798 -0.00627799 0.035 -0.0101756 -0.00644197 0.035 -0.0104142 -0.00664579 0.035 -0.010618 -0.00688443 0.035 -0.010782 -0.00715202 0.035 -0.0109021 -0.00744197 0.035 -0.008 -0.00664579 0.0374142 0.008 -0.00664579 0.0374142 0.008 -0.00644197 0.0371756 0.008 -0.00627799 0.036908 -0.008 -0.00644197 0.0371756 0.008 -0.00615789 0.036618 -0.008 -0.00627799 0.036908 -0.008 -0.00615789 0.036618 0.008 -0.00608462 0.0363129 0.008 -0.00606 0.036 -0.008 -0.00608462 0.0363129 -0.008 -0.00606 0.036 -0.008 -0.00688443 0.037618 0.008 -0.00688443 0.037618 -0.008 -0.00715202 0.037782 -0.008 -0.00744197 0.0379021 0.008 -0.00715202 0.037782 -0.008 -0.00774713 0.0379754 0.008 -0.00744197 0.0379021 0.008 -0.00774713 0.0379754 -0.008 -0.00806 0.038 0.008 -0.00806 0.038 0.00990798 -0.00627799 0.035 0.00988449 -0.00627799 0.0352985 0.0101488 -0.00644197 0.0353403 0.00924861 -0.00608462 0.0354057 0.00929671 -0.00608462 0.0352054 0.00898769 -0.00606 0.0351564 0.0085 -0.00615789 0.0365388 0.00829847 -0.00627799 0.0368845 0.0085896 -0.00627799 0.0368146 0.00877168 -0.00608462 0.0360621 0.00858779 -0.00606 0.035809 0.00859603 -0.00608462 0.0361698 0.00961803 -0.00615789 0.035 0.00959811 -0.00615789 0.0352531 0.00845399 -0.00606 0.035891 0.00931287 -0.00608462 0.035 0.009 -0.00606 0.035 0.00895106 -0.00606 0.035309 0.0100691 -0.00644197 0.0356723 0.00825312 -0.00615789 0.0365981 0.0084057 -0.00608462 0.0362486 0.00820538 -0.00608462 0.0362967 0.00934915 -0.00627799 0.0363491 0.00912148 -0.00627799 0.0365436 0.00927877 -0.00644197 0.0367601 0.00815643 -0.00606 0.0359877 0.008 -0.00608462 0.0363129 0.008 -0.00615789 0.036618 0.00976007 -0.00644197 0.0362788 0.00970002 -0.00627799 0.0358662 0.00954359 -0.00627799 0.0361215 0.00993845 -0.00644197 0.0359877 0.0098146 -0.00627799 0.0355896 0.008 -0.00606 0.036 0.0104788 -0.00715202 0.036263 0.0104899 -0.00688443 0.035809 0.0103327 -0.00688443 0.0361886 0.00970582 -0.00744197 0.0373479 0.00996718 -0.00715202 0.0369672 0.00963523 -0.00715202 0.0372507 0.010118 -0.00688443 0.0365388 0.0101511 -0.00664579 0.036096 0.00995314 -0.00664579 0.036419 0.00931753 -0.00744197 0.0375858 0.00891944 -0.00774713 0.0378297 0.00935079 -0.00774713 0.0376511 0.00974888 -0.00774713 0.0374071 0.00926301 -0.00715202 0.0374788 0.0088968 -0.00744197 0.0377601 0.0102507 -0.00715202 0.0366352 0.008 -0.00806 0.038 0.0084693 -0.00806 0.0379631 0.00846545 -0.00774713 0.0379387 0.0102961 -0.00664579 0.035746 0.0103845 -0.00664579 0.0353777 0.0104142 -0.00664579 0.035 0.0101756 -0.00644197 0.035 0.0105858 -0.00688443 0.0354096 0.010618 -0.00688443 0.035 0.0107478 -0.00715202 0.0354352 0.0108664 -0.00744197 0.035454 0.010782 -0.00715202 0.035 0.0109387 -0.00774713 0.0354654 0.0109021 -0.00744197 0.035 0.011 -0.00806 0.035 0.0109754 -0.00774713 0.035 0.0109631 -0.00806 0.0354693 0.00916978 -0.00608462 0.035596 0.00953884 -0.00615789 0.0355 0.0106459 -0.00715202 0.0358597 0.0107601 -0.00744197 0.0358968 0.0108298 -0.00774713 0.0359194 0.0108532 -0.00806 0.035927 0.00889101 -0.00606 0.035454 0.00906213 -0.00608462 0.0357717 0.00944168 -0.00615789 0.0357346 0.0105858 -0.00744197 0.0363175 0.0106511 -0.00774713 0.0363508 0.010673 -0.00806 0.036362 0.00880902 -0.00606 0.0355878 0.00892834 -0.00608462 0.0359283 0.00930902 -0.00615789 0.0359511 0.00985123 -0.00688443 0.0368512 0.0103479 -0.00744197 0.0367058 0.0104071 -0.00774713 0.0367489 0.0104271 -0.00806 0.0367634 0.00870711 -0.00606 0.0357071 0.00953836 -0.00644197 0.0365384 0.00914412 -0.00615789 0.0361441 0.00970711 -0.00664579 0.0367071 0.0100521 -0.00744197 0.0370521 0.0101039 -0.00774713 0.0371039 0.0101213 -0.00806 0.0371213 0.00941904 -0.00664579 0.0369531 0.00895106 -0.00615789 0.036309 0.00953884 -0.00688443 0.037118 0.00885969 -0.00715202 0.0376459 0.00976336 -0.00806 0.0374271 0.0088662 -0.00627799 0.0367 0.00898769 -0.00644197 0.0369384 0.00873457 -0.00615789 0.0364417 0.00909603 -0.00664579 0.0371511 0.00918856 -0.00688443 0.0373327 0.00936197 -0.00806 0.037673 0.00830902 -0.00606 0.0359511 0.00867229 -0.00644197 0.0370691 0.00874603 -0.00664579 0.0372961 0.00880902 -0.00688443 0.0374899 0.00892705 -0.00806 0.0378532 0.00834033 -0.00644197 0.0371488 0.00837767 -0.00664579 0.0373845 0.00840955 -0.00688443 0.0375858 0.0084352 -0.00715202 0.0377478 0.00845399 -0.00744197 0.0378664 0.008 -0.00774713 0.0379754 0.008 -0.00627799 0.036908 0.008 -0.00644197 0.0371756 0.008 -0.00664579 0.0374142 0.008 -0.00688443 0.037618 0.008 -0.00715202 0.037782 0.008 -0.00744197 0.0379021 0.010618 -0.00688443 0.035 0.0104967 -0.00673345 0.002 0.0104142 -0.00664579 0.035 0.0101756 -0.00644197 0.035 0.0103259 -0.00656268 0.002 0.0101359 -0.00641388 0.002 0.00990798 -0.00627799 0.035 0.00992936 -0.00628904 0.002 0.00970887 -0.00618985 0.002 0.00961803 -0.00615789 0.035 0.00947815 -0.00611803 0.002 0.00924135 -0.00607462 0.002 0.00931287 -0.00608462 0.035 0.009 -0.00606 0.002 0.009 -0.00606 0.035 0.0106459 -0.00692371 0.002 0.010782 -0.00715202 0.035 0.0107708 -0.00713041 0.002 0.0109021 -0.00744197 0.035 0.0108698 -0.00735037 0.002 0.0109754 -0.00774713 0.035 0.0109417 -0.00758092 0.002 0.0109854 -0.00781865 0.002 0.011 -0.00806 0.035 0.011 -0.00806 0.002 0.00990333 -0.0067562 0.000781761 0.00974281 -0.00651609 0.000968214 0.00995029 -0.00675814 0.0008159 0.009 -0.00720451 0.000192199 0.009 -0.00705054 0.000273479 0.00927333 -0.00713214 0.000249469 0.00974251 -0.00686606 0.000577607 0.00942592 -0.00673257 0.000565939 0.00976139 -0.00682993 0.000618985 0.00973166 -0.00690749 0.000538355 0.00972916 -0.00695302 0.000502358 0.00939961 -0.00690392 0.000417665 0.0103789 -0.00685434 0.00119687 0.0102587 -0.00697483 0.000887265 0.0102261 -0.00692786 0.000897804 0.00982088 -0.0067775 0.000703333 0.00978777 -0.00680012 0.0006613 0.00951511 -0.00660263 0.000730851 0.00999931 -0.00676847 0.00084531 0.00993195 -0.00654026 0.00109343 0.010049 -0.00678689 0.000869144 0.0102558 -0.00657962 0.00151887 0.010083 -0.00638877 0.00181553 0.0102563 -0.00651052 0.00185563 0.00969573 -0.00632718 0.00128356 0.00956035 -0.0063216 0.00118515 0.00936133 -0.00617847 0.00142617 0.00990167 -0.00629233 0.00175034 0.00998023 -0.00641008 0.00143705 0.00971741 -0.00622397 0.00166192 0.0101262 -0.0066278 0.00117503 0.0101446 -0.00684571 0.000897527 0.0100979 -0.00681289 0.000886719 0.00935955 -0.00609949 0.00183527 0.00947815 -0.00611803 0.002 0.00915163 -0.00609093 0.00168413 0.00924135 -0.00607462 0.002 0.009 -0.00606761 0.00182605 0.009 -0.00606 0.002 0.0103032 -0.00676871 0.00120368 0.0101877 -0.0068844 0.000901258 0.0102182 -0.00669246 0.00119633 0.0104936 -0.0070437 0.00114198 0.0103025 -0.00707384 0.000846341 0.0102844 -0.00702396 0.000869945 0.0106588 -0.00709347 0.00143936 0.0105847 -0.00695184 0.00148929 0.01027 -0.00728578 0.000662939 0.0104653 -0.0075596 0.000734082 0.0102401 -0.00731209 0.000620613 0.0105526 -0.00733171 0.000970968 0.0103076 -0.00721376 0.000745398 0.0103143 -0.00717013 0.000783158 0.0106828 -0.00775281 0.000963694 0.01051 -0.00749439 0.000816837 0.0107258 -0.00764061 0.00108033 0.0102927 -0.00725269 0.000704937 0.0105394 -0.0074177 0.000896563 0.0108611 -0.00787591 0.00129127 0.010886 -0.00771403 0.00143135 0.0109317 -0.00806 0.001482 0.0109712 -0.00792347 0.00169032 0.0109695 -0.00806 0.00165247 0.011 -0.00806 0.002 0.0109923 -0.00806 0.00182523 0.0109854 -0.00781865 0.002 0.0103353 -0.00764842 0.000569031 0.0101626 -0.00734154 0.00053982 0.010204 -0.00733085 0.000579176 0.0106173 -0.00784821 0.000842627 0.0107318 -0.00806 0.000999606 0.0102537 -0.00766948 0.000491482 0.0104065 -0.00761144 0.00065068 0.010069 -0.00733769 0.000471789 0.0101642 -0.00767401 0.000420265 0.0100693 -0.00766189 0.000357429 0.0101172 -0.00734384 0.000503678 0.0097527 -0.00789198 0.000154677 0.00961442 -0.0078069 0.00011362 0.00977977 -0.00753137 0.000235771 0.0100195 -0.00732326 0.00044507 0.00969091 -0.00746066 0.000221395 0.00948442 -0.00770346 9.25883e-05 0.00936642 -0.00758462 9.21871e-05 0.00961026 -0.00737943 0.000221121 0.00917961 -0.0073148 0.000152728 0.00980047 -0.00714896 0.000409634 0.00983606 -0.00719434 0.000402613 0.00979736 -0.0070464 0.000471328 0.00977125 -0.00710074 0.000423614 0.00954097 -0.00707906 0.000343161 0.00948256 -0.00719499 0.000262503 0.00926384 -0.00745382 0.000112428 0.00954013 -0.00729001 0.000234956 0.009 -0.00783921 1.22319e-05 0.00911177 -0.00780386 1.96207e-05 0.009 -0.00806 -3.33067e-19 0.00987699 -0.00723557 0.000402752 0.009 -0.00740932 0.000108812 0.00992209 -0.00727145 0.000410048 0.00997005 -0.00730096 0.000424291 0.00997174 -0.00763345 0.000304781 0.00987429 -0.00758952 0.000263835 0.009 -0.00762121 4.87502e-05 0.0100372 -0.00703483 0.000631301 0.00926361 -0.00795679 2.0137e-05 0.00917477 -0.00806 7.67464e-06 0.00934716 -0.00806 3.03617e-05 0.00968378 -0.00806 0.000120528 0.00951717 -0.00806 6.80613e-05 0.00984486 -0.00806 0.00018725 0.0105312 -0.00792404 0.000720614 0.00999966 -0.00806 0.000267771 0.0101469 -0.00806 0.000361579 0.0102852 -0.00806 0.000467634 0.0103126 -0.00712303 0.000817132 0.0105493 -0.00723892 0.00103791 0.0104142 -0.00806 0.000585786 0.0107451 -0.00751482 0.00118918 0.0108796 -0.00753933 0.00155738 0.0105317 -0.00806 0.000714067 0.0105294 -0.00714199 0.00109547 0.0106382 -0.00806 0.000852732 0.0107402 -0.00737907 0.00128712 0.0107111 -0.00723726 0.00137132 0.0108125 -0.00806 0.00115452 0.0108792 -0.00806 0.0013156 0.010443 -0.00694689 0.00117611 0.0105589 -0.00681528 0.00185666 0.0104909 -0.00681643 0.00151967 0.0104164 -0.00665406 0.00186947 0.0109636 -0.00771498 0.00184073 0.0103802 -0.00669116 0.00152963 0.0108422 -0.00735684 0.00166574 0.0109417 -0.00758092 0.002 0.0100298 -0.00657657 0.0011404 0.0108698 -0.00735037 0.002 0.0107749 -0.00717179 0.00175331 0.0101212 -0.00648502 0.00148771 0.0107708 -0.00713041 0.002 0.0106795 -0.00698952 0.00181756 0.00983704 -0.00635695 0.00136834 0.0106459 -0.00692371 0.002 0.00983535 -0.0065199 0.00103548 0.0104967 -0.00673345 0.002 0.00953555 -0.00618565 0.00155281 0.0103259 -0.00656268 0.002 0.0101359 -0.00641388 0.002 0.00965699 -0.00652893 0.000893563 0.00985977 -0.00676272 0.000743875 0.00992936 -0.00628904 0.002 0.00958035 -0.00655806 0.000813675 0.00970887 -0.00618985 0.002 0.00943479 -0.00634039 0.00107594 0.00932268 -0.006383 0.000959069 0.00919975 -0.00620265 0.00128562 0.009 -0.0063252 0.0010048 0.00922723 -0.0064482 0.000837901 0.00946313 -0.00666137 0.000647473 0.009 -0.00612738 0.00148541 0.009 -0.00609007 0.00165452 0.00915119 -0.00653413 0.000715921 0.009 -0.00641799 0.000858229 0.009 -0.00624538 0.00115919 0.009 -0.00617936 0.00131943 0.009 -0.00664004 0.000591602 0.00940454 -0.00681421 0.000488594 0.00973507 -0.00700134 0.000470653 0.009 -0.0065232 0.000720079 0.00941127 -0.00699912 0.000355191 0.009 -0.00676743 0.000473836 0.009 -0.00690487 0.000367337 0.0097165 -0.0138538 0.000593798 0.00992765 -0.0138538 0.000723195 0.00988168 -0.01386 0.000786474 0.0106969 -0.0136539 0.00113537 0.0107335 -0.013587 0.00111676 0.0108113 -0.0136539 0.00141147 0.0107628 -0.0137136 0.00142722 0.0108307 -0.0137136 0.00171004 0.0107718 -0.0137645 0.00171937 0.0109045 -0.0136539 0.002 0.0108536 -0.0137136 0.002 0.0108811 -0.0136539 0.00170207 0.010172 -0.0134382 0.000386946 0.0101612 -0.0135145 0.000401764 0.00990519 -0.0134382 0.000223472 0.0101435 -0.013587 0.000426055 0.0103757 -0.013587 0.000624321 0.0106515 -0.0137136 0.0011585 0.0104996 -0.0137136 0.000910509 0.0105408 -0.0136539 0.000880558 0.0105739 -0.013587 0.000856462 0.00989687 -0.0135145 0.000239791 0.00961613 -0.0134382 0.000103742 0.00988324 -0.013587 0.000266544 0.00961047 -0.0135145 0.000121161 0.0109216 -0.013587 0.00169566 0.009 -0.01336 -1.51122e-35 0.00931287 -0.01336 2.46233e-05 0.00931191 -0.0134382 3.07034e-05 0.0109455 -0.013587 0.002 0.0109512 -0.0135145 0.00169096 0.0107939 -0.0137645 0.002 0.0109693 -0.0134382 0.00168809 0.0109755 -0.0135145 0.002 0.0109938 -0.0134382 0.002 0.0109754 -0.01336 0.00168713 0.011 -0.01336 0.002 0.010727 -0.0138055 0.002 0.0107057 -0.0138055 0.00172984 0.0107061 -0.0137645 0.00144566 0.0106341 -0.0138355 0.00174118 0.0106545 -0.0138355 0.002 0.0105782 -0.0138538 0.002 0.0105 -0.01386 0.002 0.0105588 -0.0138538 0.00175311 0.0104266 -0.01386 0.00153647 0.010501 -0.0138538 0.0015123 0.0104815 -0.01386 0.00176535 0.0105984 -0.0137645 0.00118559 0.0106425 -0.0138055 0.00146633 0.0104513 -0.0137645 0.000945576 0.0105388 -0.0138055 0.00121596 0.0103972 -0.0138055 0.000984898 0.00924689 -0.0138538 0.000441213 0.009 -0.0138538 0.000421783 0.009 -0.0138355 0.000345492 0.0100544 -0.0137645 0.00054871 0.0102212 -0.0138055 0.00077883 0.0100151 -0.0138055 0.000602831 0.0094877 -0.0138538 0.000499026 0.00968099 -0.01386 0.00066349 0.00946353 -0.01386 0.000573415 0.00951127 -0.0138355 0.000426469 0.00927016 -0.0138055 0.000294267 0.00953367 -0.0138055 0.00035753 0.00923465 -0.01386 0.000518468 0.009 -0.01386 0.0005 0.0104062 -0.0138538 0.0012835 0.0105735 -0.0138355 0.00148873 0.0108503 -0.013587 0.00139881 0.0108788 -0.0135145 0.00138953 0.0108963 -0.0134382 0.00138387 0.0109021 -0.01336 0.00138197 0.0103365 -0.01386 0.00131901 0.0102768 -0.0138538 0.00107235 0.0104742 -0.0138355 0.00124887 0.0107602 -0.0135145 0.00110313 0.0107765 -0.0134382 0.00109481 0.010782 -0.01336 0.00109202 0.0102135 -0.01386 0.00111832 0.010116 -0.0138538 0.000884032 0.0103385 -0.0138355 0.0010275 0.0103467 -0.0136539 0.000653309 0.0105982 -0.0135145 0.000838814 0.0106131 -0.0134382 0.000828048 0.010618 -0.01336 0.00082443 0.0100607 -0.01386 0.00093934 0.0102685 -0.0137645 0.000731526 0.0101699 -0.0138355 0.000830086 0.0103107 -0.0137136 0.00068934 0.0103969 -0.0135145 0.000603091 0.0104099 -0.0134382 0.000590139 0.0104142 -0.01336 0.000585786 0.0100895 -0.0137136 0.000500444 0.0099725 -0.0138355 0.000661475 0.0101194 -0.0136539 0.00045922 0.00960119 -0.013587 0.000149716 0.0101756 -0.01336 0.000381966 0.00978404 -0.0138055 0.000461236 0.00981441 -0.0137645 0.00040163 0.00975113 -0.0138355 0.000525822 0.0098415 -0.0137136 0.000348472 0.00986463 -0.0136539 0.000303071 0.00990798 -0.01336 0.000217987 0.00925882 -0.0138355 0.000365861 0.00955434 -0.0137645 0.000293907 0.00957278 -0.0137136 0.000237166 0.00958853 -0.0136539 0.000188705 0.00961803 -0.01336 9.7887e-05 0.00928063 -0.0137645 0.000228193 0.00928996 -0.0137136 0.000169267 0.00929793 -0.0136539 0.000118939 0.00930434 -0.013587 7.84491e-05 0.00930904 -0.0135145 4.87938e-05 0.009 -0.0134382 6.15583e-06 0.009 -0.0138055 0.000273005 0.009 -0.0137645 0.000206107 0.009 -0.0137136 0.000146447 0.009 -0.0136539 9.54915e-05 0.009 -0.013587 5.44967e-05 0.009 -0.0135145 2.44717e-05 0.0108536 -0.0137136 0.002 0.0108536 -0.0137136 0.035 0.0107939 -0.0137645 0.035 0.010727 -0.0138055 0.035 0.0107939 -0.0137645 0.002 0.0106545 -0.0138355 0.035 0.010727 -0.0138055 0.002 0.0106545 -0.0138355 0.002 0.0105782 -0.0138538 0.035 0.0105 -0.01386 0.035 0.0105782 -0.0138538 0.002 0.0105 -0.01386 0.002 0.0109045 -0.0136539 0.002 0.0109045 -0.0136539 0.035 0.0109455 -0.013587 0.002 0.0109755 -0.0135145 0.002 0.0109455 -0.013587 0.035 0.0109938 -0.0134382 0.002 0.0109755 -0.0135145 0.035 0.0109938 -0.0134382 0.035 0.011 -0.01336 0.002 0.011 -0.01336 0.035 -0.009 -0.0136539 9.54915e-05 0.009 -0.0137136 0.000146447 -0.009 -0.0137136 0.000146447 -0.009 -0.013587 5.44967e-05 0.009 -0.0136539 9.54915e-05 0.009 -0.013587 5.44967e-05 -0.009 -0.0135145 2.44717e-05 -0.009 -0.0134382 6.15583e-06 0.009 -0.0135145 2.44717e-05 -0.009 -0.01336 6.93889e-18 0.009 -0.0134382 6.15583e-06 0.009 -0.01336 -1.51122e-35 0.009 -0.0137645 0.000206107 -0.009 -0.0137645 0.000206107 0.009 -0.0138055 0.000273005 0.009 -0.0138355 0.000345492 -0.009 -0.0138055 0.000273005 0.009 -0.0138538 0.000421783 -0.009 -0.0138355 0.000345492 -0.009 -0.0138538 0.000421783 0.009 -0.01386 0.0005 -0.009 -0.01386 0.0005 0.008 -0.0138055 0.037727 0.0084266 -0.0138055 0.0376934 0.00843706 -0.0137645 0.0377595 0.00879671 -0.0138538 0.037452 0.00840332 -0.0138538 0.0375465 0.00839109 -0.01386 0.0374692 0.0102275 -0.01386 0.036135 0.0103776 -0.01386 0.0357725 0.010452 -0.0138538 0.0357967 0.0100858 -0.0138538 0.0365154 0.0100225 -0.01386 0.0364695 0.0102972 -0.0138538 0.0361705 0.008 -0.0138355 0.0376545 0.00841526 -0.0138355 0.0376218 0.00886336 -0.0137645 0.0376571 0.00877254 -0.01386 0.0373776 0.008 -0.0138538 0.0375782 0.008 -0.01386 0.0375 0.0105246 -0.0138355 0.0358203 0.0106934 -0.0138055 0.0354266 0.0105935 -0.0138055 0.0358427 0.00992828 -0.0138055 0.0369283 0.0102062 -0.0138055 0.0366029 0.0102603 -0.0137645 0.0366422 0.0105465 -0.0138538 0.0354033 0.0104692 -0.01386 0.0353911 0.0105782 -0.0138538 0.035 0.0106545 -0.0138355 0.035 0.00964221 -0.0137645 0.0372603 0.00923803 -0.0138055 0.0374298 0.00960289 -0.0138055 0.0372062 0.0092684 -0.0137645 0.0374894 0.00884269 -0.0138055 0.0375935 0.0105 -0.01386 0.035 0.00933723 -0.013587 0.0376245 0.00889754 -0.0136539 0.0377624 0.00931862 -0.0136539 0.0375879 0.0104073 -0.0135145 0.036749 0.0100828 -0.013587 0.0370828 0.010383 -0.013587 0.0367313 0.00970723 -0.0136539 0.0373498 0.00929549 -0.0137136 0.0375425 0.00967728 -0.0137136 0.0373086 0.0106512 -0.0135145 0.0363509 0.0108473 -0.0134382 0.0359251 0.0106675 -0.0134382 0.0363592 0.0104221 -0.0134382 0.0367597 0.0106245 -0.013587 0.0363372 0.0108299 -0.0135145 0.0359195 0.00973132 -0.013587 0.037383 0.011 -0.01336 0.035 0.0109631 -0.01336 0.0354693 0.010957 -0.0134382 0.0354683 0.0088818 -0.0137136 0.0377139 0.00844639 -0.0137136 0.0378184 0.008 -0.0137136 0.0378536 0.008 -0.0137645 0.0377939 0.00845436 -0.0136539 0.0378687 0.008 -0.0136539 0.0379045 0.00846078 -0.013587 0.0379092 0.00846548 -0.0135145 0.0379389 0.008 -0.013587 0.0379455 0.00846834 -0.0134382 0.037957 0.008 -0.0135145 0.0379755 0.008 -0.01336 0.038 0.008 -0.0134382 0.0379938 0.0084693 -0.01336 0.0379631 0.00917049 -0.0138538 0.0372972 0.00882029 -0.0138355 0.0375246 0.00891021 -0.013587 0.0378013 0.00891949 -0.0135145 0.0378299 0.00892515 -0.0134382 0.0378473 0.00892705 -0.01336 0.0378532 0.00913498 -0.01386 0.0372275 0.00951544 -0.0138538 0.0370858 0.00920512 -0.0138355 0.0373652 0.00935086 -0.0135145 0.0376512 0.00935918 -0.0134382 0.0376675 0.00936197 -0.01336 0.037673 0.00946946 -0.01386 0.0370225 0.00982308 -0.0138538 0.0368231 0.00956028 -0.0138355 0.0371475 0.0100538 -0.0136539 0.0370538 0.00974897 -0.0135145 0.0374073 0.00975974 -0.0134382 0.0374221 0.00976336 -0.01336 0.0374271 0.00976777 -0.01386 0.0367678 0.00997558 -0.0137645 0.0369756 0.00987702 -0.0138355 0.036877 0.0100178 -0.0137136 0.0370178 0.010104 -0.0135145 0.037104 0.010117 -0.0134382 0.037117 0.0101213 -0.01336 0.0371213 0.0103086 -0.0137136 0.0366773 0.0101475 -0.0138355 0.0365603 0.0103498 -0.0136539 0.0367072 0.0108013 -0.013587 0.0359102 0.0104271 -0.01336 0.0367634 0.0104298 -0.0138055 0.036238 0.0104894 -0.0137645 0.0362684 0.0103652 -0.0138355 0.0362051 0.0105425 -0.0137136 0.0362955 0.0105879 -0.0136539 0.0363186 0.010673 -0.01336 0.036362 0.0106218 -0.0138355 0.0354153 0.0106571 -0.0137645 0.0358634 0.0107139 -0.0137136 0.0358818 0.0107624 -0.0136539 0.0358975 0.0108532 -0.01336 0.035927 0.0107595 -0.0137645 0.0354371 0.0108184 -0.0137136 0.0354464 0.0108687 -0.0136539 0.0354544 0.0109092 -0.013587 0.0354608 0.0109389 -0.0135145 0.0354655 0.0109938 -0.0134382 0.035 0.010727 -0.0138055 0.035 0.0107939 -0.0137645 0.035 0.0108536 -0.0137136 0.035 0.0109045 -0.0136539 0.035 0.0109455 -0.013587 0.035 0.0109755 -0.0135145 0.035 -0.0104062 -0.0138538 0.0012835 -0.0102768 -0.0138538 0.00107235 -0.0102135 -0.01386 0.00111832 -0.00986463 -0.0136539 0.000303071 -0.00988324 -0.013587 0.000266544 -0.00958853 -0.0136539 0.000188705 -0.00957278 -0.0137136 0.000237166 -0.00928996 -0.0137136 0.000169267 -0.00928063 -0.0137645 0.000228193 -0.009 -0.0136539 9.54915e-05 -0.009 -0.0137136 0.000146447 -0.00929793 -0.0136539 0.000118939 -0.0106131 -0.0134382 0.000828048 -0.0105982 -0.0135145 0.000838814 -0.0107765 -0.0134382 0.00109481 -0.0105739 -0.013587 0.000856462 -0.0103757 -0.013587 0.000624321 -0.0098415 -0.0137136 0.000348472 -0.0100895 -0.0137136 0.000500444 -0.0101194 -0.0136539 0.00045922 -0.0101435 -0.013587 0.000426055 -0.0107602 -0.0135145 0.00110313 -0.0108963 -0.0134382 0.00138387 -0.0107335 -0.013587 0.00111676 -0.0108788 -0.0135145 0.00138953 -0.00930434 -0.013587 7.84491e-05 -0.011 -0.01336 0.002 -0.0109754 -0.01336 0.00168713 -0.0109693 -0.0134382 0.00168809 -0.009 -0.013587 5.44967e-05 -0.00930904 -0.0135145 4.87938e-05 -0.009 -0.0137645 0.000206107 -0.00931191 -0.0134382 3.07034e-05 -0.009 -0.0135145 2.44717e-05 -0.009 -0.0134382 6.15583e-06 -0.00931287 -0.01336 2.46233e-05 -0.009 -0.01336 6.93889e-18 -0.009 -0.0138055 0.000273005 -0.00927016 -0.0138055 0.000294267 -0.00955434 -0.0137645 0.000293907 -0.00925882 -0.0138355 0.000365861 -0.009 -0.0138355 0.000345492 -0.009 -0.0138538 0.000421783 -0.009 -0.01386 0.0005 -0.00924689 -0.0138538 0.000441213 -0.00946353 -0.01386 0.000573415 -0.0094877 -0.0138538 0.000499026 -0.00923465 -0.01386 0.000518468 -0.00981441 -0.0137645 0.00040163 -0.00953367 -0.0138055 0.00035753 -0.0100544 -0.0137645 0.00054871 -0.00978404 -0.0138055 0.000461236 -0.0100151 -0.0138055 0.000602831 -0.0105588 -0.0138538 0.00175311 -0.0105782 -0.0138538 0.002 -0.0106545 -0.0138355 0.002 -0.0104513 -0.0137645 0.000945576 -0.0102212 -0.0138055 0.00077883 -0.0103972 -0.0138055 0.000984898 -0.010501 -0.0138538 0.0015123 -0.0103365 -0.01386 0.00131901 -0.0104266 -0.01386 0.00153647 -0.0105735 -0.0138355 0.00148873 -0.0107057 -0.0138055 0.00172984 -0.0106425 -0.0138055 0.00146633 -0.0104815 -0.01386 0.00176535 -0.0105 -0.01386 0.002 -0.0097165 -0.0138538 0.000593798 -0.00951127 -0.0138355 0.000426469 -0.00960119 -0.013587 0.000149716 -0.00961047 -0.0135145 0.000121161 -0.00961613 -0.0134382 0.000103742 -0.00961803 -0.01336 9.7887e-05 -0.00968099 -0.01386 0.00066349 -0.00992765 -0.0138538 0.000723195 -0.00975113 -0.0138355 0.000525822 -0.00989687 -0.0135145 0.000239791 -0.00990519 -0.0134382 0.000223472 -0.00990798 -0.01336 0.000217987 -0.00988168 -0.01386 0.000786474 -0.010116 -0.0138538 0.000884032 -0.0099725 -0.0138355 0.000661475 -0.0103467 -0.0136539 0.000653309 -0.0101612 -0.0135145 0.000401764 -0.010172 -0.0134382 0.000386946 -0.0101756 -0.01336 0.000381966 -0.0100607 -0.01386 0.00093934 -0.0102685 -0.0137645 0.000731526 -0.0101699 -0.0138355 0.000830086 -0.0103107 -0.0137136 0.00068934 -0.0103969 -0.0135145 0.000603091 -0.0104099 -0.0134382 0.000590139 -0.0104142 -0.01336 0.000585786 -0.0104996 -0.0137136 0.000910509 -0.0103385 -0.0138355 0.0010275 -0.0105408 -0.0136539 0.000880558 -0.0108503 -0.013587 0.00139881 -0.010618 -0.01336 0.00082443 -0.0105388 -0.0138055 0.00121596 -0.0105984 -0.0137645 0.00118559 -0.0104742 -0.0138355 0.00124887 -0.0106515 -0.0137136 0.0011585 -0.0106969 -0.0136539 0.00113537 -0.010782 -0.01336 0.00109202 -0.0106341 -0.0138355 0.00174118 -0.0107061 -0.0137645 0.00144566 -0.0107628 -0.0137136 0.00142722 -0.0108113 -0.0136539 0.00141147 -0.0109021 -0.01336 0.00138197 -0.0107718 -0.0137645 0.00171937 -0.0108307 -0.0137136 0.00171004 -0.0108811 -0.0136539 0.00170207 -0.0109216 -0.013587 0.00169566 -0.0109512 -0.0135145 0.00169096 -0.0109938 -0.0134382 0.002 -0.010727 -0.0138055 0.002 -0.0107939 -0.0137645 0.002 -0.0108536 -0.0137136 0.002 -0.0109045 -0.0136539 0.002 -0.0109455 -0.013587 0.002 -0.0109755 -0.0135145 0.002 -0.008 -0.0137645 0.0377939 0.008 -0.0137136 0.0378536 -0.008 -0.0137136 0.0378536 -0.008 -0.0138055 0.037727 0.008 -0.0137645 0.0377939 0.008 -0.0138055 0.037727 -0.008 -0.0138355 0.0376545 -0.008 -0.0138538 0.0375782 0.008 -0.0138355 0.0376545 -0.008 -0.01386 0.0375 0.008 -0.0138538 0.0375782 0.008 -0.01386 0.0375 0.008 -0.0136539 0.0379045 -0.008 -0.0136539 0.0379045 0.008 -0.013587 0.0379455 0.008 -0.0135145 0.0379755 -0.008 -0.013587 0.0379455 0.008 -0.0134382 0.0379938 -0.008 -0.0135145 0.0379755 -0.008 -0.0134382 0.0379938 0.008 -0.01336 0.038 -0.008 -0.01336 0.038 -0.0109045 -0.0136539 0.035 -0.0108536 -0.0137136 0.002 -0.0108536 -0.0137136 0.035 -0.0109455 -0.013587 0.035 -0.0109045 -0.0136539 0.002 -0.0109455 -0.013587 0.002 -0.0109755 -0.0135145 0.035 -0.0109938 -0.0134382 0.035 -0.0109755 -0.0135145 0.002 -0.011 -0.01336 0.035 -0.0109938 -0.0134382 0.002 -0.011 -0.01336 0.002 -0.0107939 -0.0137645 0.002 -0.0107939 -0.0137645 0.035 -0.010727 -0.0138055 0.002 -0.0106545 -0.0138355 0.002 -0.010727 -0.0138055 0.035 -0.0105782 -0.0138538 0.002 -0.0106545 -0.0138355 0.035 -0.0105782 -0.0138538 0.035 -0.0105 -0.01386 0.002 -0.0105 -0.01386 0.035 -0.00917049 -0.0138538 0.0372972 -0.00951544 -0.0138538 0.0370858 -0.00946946 -0.01386 0.0370225 -0.0105879 -0.0136539 0.0363186 -0.0106245 -0.013587 0.0363372 -0.0107624 -0.0136539 0.0358975 -0.0107139 -0.0137136 0.0358818 -0.0108184 -0.0137136 0.0354464 -0.0107595 -0.0137645 0.0354371 -0.0109045 -0.0136539 0.035 -0.0108536 -0.0137136 0.035 -0.0108687 -0.0136539 0.0354544 -0.00975974 -0.0134382 0.0374221 -0.00974897 -0.0135145 0.0374073 -0.00935918 -0.0134382 0.0376675 -0.00973132 -0.013587 0.037383 -0.0100828 -0.013587 0.0370828 -0.0105425 -0.0137136 0.0362955 -0.0103086 -0.0137136 0.0366773 -0.0103498 -0.0136539 0.0367072 -0.010383 -0.013587 0.0367313 -0.00935086 -0.0135145 0.0376512 -0.00892515 -0.0134382 0.0378473 -0.00933723 -0.013587 0.0376245 -0.00891949 -0.0135145 0.0378299 -0.0109092 -0.013587 0.0354608 -0.008 -0.01336 0.038 -0.0084693 -0.01336 0.0379631 -0.00846834 -0.0134382 0.037957 -0.0109455 -0.013587 0.035 -0.0109389 -0.0135145 0.0354655 -0.0107939 -0.0137645 0.035 -0.010957 -0.0134382 0.0354683 -0.0109755 -0.0135145 0.035 -0.0109938 -0.0134382 0.035 -0.0109631 -0.01336 0.0354693 -0.011 -0.01336 0.035 -0.010727 -0.0138055 0.035 -0.0106934 -0.0138055 0.0354266 -0.0106571 -0.0137645 0.0358634 -0.0106218 -0.0138355 0.0354153 -0.0106545 -0.0138355 0.035 -0.0105782 -0.0138538 0.035 -0.0105 -0.01386 0.035 -0.0105465 -0.0138538 0.0354033 -0.0103776 -0.01386 0.0357725 -0.010452 -0.0138538 0.0357967 -0.0104692 -0.01386 0.0353911 -0.0104894 -0.0137645 0.0362684 -0.0104298 -0.0138055 0.036238 -0.0102603 -0.0137645 0.0366422 -0.0105935 -0.0138055 0.0358427 -0.00840332 -0.0138538 0.0375465 -0.00841526 -0.0138355 0.0376218 -0.00879671 -0.0138538 0.037452 -0.0102062 -0.0138055 0.0366029 -0.00992828 -0.0138055 0.0369283 -0.00960289 -0.0138055 0.0372062 -0.00964221 -0.0137645 0.0372603 -0.00884269 -0.0138055 0.0375935 -0.00882029 -0.0138355 0.0375246 -0.0084266 -0.0138055 0.0376934 -0.008 -0.0138538 0.0375782 -0.00839109 -0.01386 0.0374692 -0.008 -0.01386 0.0375 -0.008 -0.0138355 0.0376545 -0.00913498 -0.01386 0.0372275 -0.0102972 -0.0138538 0.0361705 -0.0105246 -0.0138355 0.0358203 -0.0108013 -0.013587 0.0359102 -0.0108299 -0.0135145 0.0359195 -0.0108473 -0.0134382 0.0359251 -0.0108532 -0.01336 0.035927 -0.0102275 -0.01386 0.036135 -0.0100858 -0.0138538 0.0365154 -0.0103652 -0.0138355 0.0362051 -0.0106512 -0.0135145 0.0363509 -0.0106675 -0.0134382 0.0363592 -0.010673 -0.01336 0.036362 -0.0100225 -0.01386 0.0364695 -0.00982308 -0.0138538 0.0368231 -0.0101475 -0.0138355 0.0365603 -0.0100538 -0.0136539 0.0370538 -0.0104073 -0.0135145 0.036749 -0.0104221 -0.0134382 0.0367597 -0.0104271 -0.01336 0.0367634 -0.00976777 -0.01386 0.0367678 -0.00997558 -0.0137645 0.0369756 -0.00987702 -0.0138355 0.036877 -0.0100178 -0.0137136 0.0370178 -0.010104 -0.0135145 0.037104 -0.010117 -0.0134382 0.037117 -0.0101213 -0.01336 0.0371213 -0.00967728 -0.0137136 0.0373086 -0.00956028 -0.0138355 0.0371475 -0.00970723 -0.0136539 0.0373498 -0.00891021 -0.013587 0.0378013 -0.00976336 -0.01336 0.0374271 -0.00923803 -0.0138055 0.0374298 -0.0092684 -0.0137645 0.0374894 -0.00920512 -0.0138355 0.0373652 -0.00929549 -0.0137136 0.0375425 -0.00931862 -0.0136539 0.0375879 -0.00936197 -0.01336 0.037673 -0.00877254 -0.01386 0.0373776 -0.00886336 -0.0137645 0.0376571 -0.0088818 -0.0137136 0.0377139 -0.00889754 -0.0136539 0.0377624 -0.00892705 -0.01336 0.0378532 -0.00843706 -0.0137645 0.0377595 -0.00844639 -0.0137136 0.0378184 -0.00845436 -0.0136539 0.0378687 -0.00846078 -0.013587 0.0379092 -0.00846548 -0.0135145 0.0379389 -0.008 -0.0134382 0.0379938 -0.008 -0.0138055 0.037727 -0.008 -0.0137645 0.0377939 -0.008 -0.0137136 0.0378536 -0.008 -0.0136539 0.0379045 -0.008 -0.013587 0.0379455 -0.008 -0.0135145 0.0379755 0.009 -0.0063252 0.0010048 0.0081 -0.00644197 0.00082443 0.0081 -0.00627799 0.00109202 0.0081 -0.00615789 0.00138197 0.009 -0.00624538 0.00115919 0.009 -0.00617936 0.00131943 0.009 -0.00612738 0.00148541 0.009 -0.00609007 0.00165452 0.0081 -0.00608462 0.00168713 0.0081 -0.00606 0.002 0.009 -0.00606761 0.00182605 0.009 -0.00606 0.002 0.009 -0.00641799 0.000858229 0.009 -0.0065232 0.000720079 0.0081 -0.00664579 0.000585786 0.009 -0.00664004 0.000591602 0.009 -0.00676743 0.000473836 0.0081 -0.00688443 0.000381966 0.009 -0.00690487 0.000367337 0.0081 -0.00715202 0.000217987 0.009 -0.00705054 0.000273479 0.009 -0.00720451 0.000192199 0.0081 -0.00744197 9.7887e-05 0.009 -0.00740932 0.000108812 0.009 -0.00762121 4.87502e-05 0.0081 -0.00774713 2.46233e-05 0.0081 -0.00806 6.93889e-18 0.009 -0.00783921 1.22319e-05 0.009 -0.00806 -3.33067e-19 0.00917477 -0.00806 7.67464e-06 0.009 -0.01336 -1.51122e-35 0.009 -0.00806 -3.33067e-19 0.00951717 -0.00806 6.80613e-05 0.00961803 -0.01336 9.7887e-05 0.00931287 -0.01336 2.46233e-05 0.00934716 -0.00806 3.03617e-05 0.00999966 -0.00806 0.000267771 0.00990798 -0.01336 0.000217987 0.00984486 -0.00806 0.00018725 0.00968378 -0.00806 0.000120528 0.0104142 -0.01336 0.000585786 0.0102852 -0.00806 0.000467634 0.0104142 -0.00806 0.000585786 0.0101469 -0.00806 0.000361579 0.0101756 -0.01336 0.000381966 0.0106382 -0.00806 0.000852732 0.0107318 -0.00806 0.000999606 0.010618 -0.01336 0.00082443 0.0105317 -0.00806 0.000714067 0.0108125 -0.00806 0.00115452 0.0108792 -0.00806 0.0013156 0.010782 -0.01336 0.00109202 0.0109021 -0.01336 0.00138197 0.0109317 -0.00806 0.001482 0.0109695 -0.00806 0.00165247 0.0109754 -0.01336 0.00168713 0.0109923 -0.00806 0.00182523 0.011 -0.01336 0.002 0.011 -0.00806 0.002 -0.0109923 -0.00806 0.00182523 -0.0109696 -0.00806 0.00165284 -0.0109754 -0.01336 0.00168713 -0.011 -0.01336 0.002 -0.011 -0.00806 0.002 -0.0109021 -0.01336 0.00138197 -0.0108795 -0.00806 0.00131622 -0.0108128 -0.00806 0.00115514 -0.0109319 -0.00806 0.00148283 -0.0106384 -0.00806 0.000853058 -0.0105324 -0.00806 0.000714792 -0.010618 -0.01336 0.00082443 -0.0107322 -0.00806 0.00100034 -0.010782 -0.01336 0.00109202 -0.0102859 -0.00806 0.000468254 -0.0101756 -0.01336 0.000381966 -0.0104142 -0.01336 0.000585786 -0.0104142 -0.00806 0.000585786 -0.00984548 -0.00806 0.000187506 -0.00990798 -0.01336 0.000217987 -0.0100004 -0.00806 0.00026822 -0.0101473 -0.00806 0.000361779 -0.0096844 -0.00806 0.000120784 -0.00961803 -0.01336 9.7887e-05 -0.009518 -0.00806 6.82617e-05 -0.00931287 -0.01336 2.46233e-05 -0.00934753 -0.00806 3.04508e-05 -0.00917477 -0.00806 7.67464e-06 -0.009 -0.00806 0 -0.009 -0.01336 6.93889e-18 0.0108532 -0.00806 0.035927 0.0108532 -0.01336 0.035927 0.0109631 -0.01336 0.0354693 0.011 -0.01336 0.035 0.011 -0.00806 0.035 0.0109631 -0.00806 0.0354693 0.0104271 -0.01336 0.0367634 0.0101213 -0.00806 0.0371213 0.0101213 -0.01336 0.0371213 0.0104271 -0.00806 0.0367634 0.010673 -0.01336 0.036362 0.010673 -0.00806 0.036362 0.00892705 -0.00806 0.0378532 0.00892705 -0.01336 0.0378532 0.00936197 -0.01336 0.037673 0.00936197 -0.00806 0.037673 0.00976336 -0.01336 0.0374271 0.00976336 -0.00806 0.0374271 0.0084693 -0.00806 0.0379631 0.0084693 -0.01336 0.0379631 0.008 -0.01336 0.038 0.008 -0.00806 0.038 -0.0084693 -0.00806 0.0379631 -0.008 -0.01336 0.038 -0.008 -0.00806 0.038 -0.00976336 -0.00806 0.0374271 -0.00936197 -0.01336 0.037673 -0.00936197 -0.00806 0.037673 -0.00892705 -0.00806 0.0378532 -0.00892705 -0.01336 0.0378532 -0.0084693 -0.01336 0.0379631 -0.0104271 -0.01336 0.0367634 -0.0104271 -0.00806 0.0367634 -0.010673 -0.00806 0.036362 -0.00976336 -0.01336 0.0374271 -0.0101213 -0.00806 0.0371213 -0.0101213 -0.01336 0.0371213 -0.0108532 -0.01336 0.035927 -0.0108532 -0.00806 0.035927 -0.0109631 -0.00806 0.0354693 -0.010673 -0.01336 0.036362 -0.011 -0.00806 0.035 -0.0109631 -0.01336 0.0354693 -0.011 -0.01336 0.035 0.011 -0.01336 0.002 0.011 -0.00806 0.035 0.011 -0.01336 0.035 0.011 -0.00806 0.002 -0.011 -0.00806 0.035 -0.011 -0.00806 0.002 -0.011 -0.01336 0.002 -0.011 -0.01336 0.035 -0.009 -0.00606 0.002 -0.009 -0.00606 0.035 -0.0081 -0.00606 0.0103 0.009 -0.00606 0.035 0.00895106 -0.00606 0.035309 0.00898769 -0.00606 0.0351564 0.0080606 -0.00606 0.0108006 0.0081 -0.00606 0.0103 0.00588885 -0.00606 0.0133434 0.00540059 -0.00606 0.0134606 0.00880902 -0.00606 0.0355878 0.00889101 -0.00606 0.035454 0.00678091 -0.00606 0.0128889 0.00635277 -0.00606 0.0131512 0.00748885 -0.00606 0.0121809 0.00716274 -0.00606 0.0125627 0.00794338 -0.00606 0.0112889 0.00775122 -0.00606 0.0117528 0.009 -0.00606 0.002 0.0081 -0.00606 0.002 0.008 -0.00606 0.036 0.00858779 -0.00606 0.035809 0.00870711 -0.00606 0.0357071 0.00830902 -0.00606 0.0359511 0.00845399 -0.00606 0.035891 0.00815643 -0.00606 0.0359877 0.0049 -0.00606 0.0135 -0.0049 -0.00606 0.0135 -0.008 -0.00606 0.036 -0.00895106 -0.00606 0.035309 -0.00889101 -0.00606 0.035454 -0.00898769 -0.00606 0.0351564 -0.00870711 -0.00606 0.0357071 -0.00880902 -0.00606 0.0355878 -0.00858779 -0.00606 0.035809 -0.00845399 -0.00606 0.035891 -0.00830902 -0.00606 0.0359511 -0.00815643 -0.00606 0.0359877 -0.00540059 -0.00606 0.0134606 -0.0081 -0.00606 0.002 -0.00794338 -0.00606 0.0112889 -0.0080606 -0.00606 0.0108006 -0.00748885 -0.00606 0.0121809 -0.00775122 -0.00606 0.0117528 -0.00678091 -0.00606 0.0128889 -0.00716274 -0.00606 0.0125627 -0.00588885 -0.00606 0.0133434 -0.00635277 -0.00606 0.0131512 0.008 -0.01336 0.038 -0.008 -0.00806 0.038 -0.008 -0.01336 0.038 0.008 -0.00806 0.038 -0.0105 -0.01386 0.035 -0.0103776 -0.01386 0.0357725 -0.0104692 -0.01386 0.0353911 0.0103365 -0.01386 0.00131901 0.0105 -0.01386 0.002 0.0102135 -0.01386 0.00111832 -0.0102275 -0.01386 0.036135 -0.00976777 -0.01386 0.0367678 -0.0100225 -0.01386 0.0364695 -0.00946946 -0.01386 0.0370225 -0.00913498 -0.01386 0.0372275 -0.00877254 -0.01386 0.0373776 -0.00839109 -0.01386 0.0374692 -0.008 -0.01386 0.0375 -0.009 -0.01386 0.0005 0.00968099 -0.01386 0.00066349 0.00946353 -0.01386 0.000573415 0.0102275 -0.01386 0.036135 0.0105 -0.01386 0.035 0.0103776 -0.01386 0.0357725 0.0104692 -0.01386 0.0353911 0.0100225 -0.01386 0.0364695 0.00976777 -0.01386 0.0367678 0.00946946 -0.01386 0.0370225 0.00913498 -0.01386 0.0372275 0.00877254 -0.01386 0.0373776 0.00839109 -0.01386 0.0374692 0.008 -0.01386 0.0375 0.009 -0.01386 0.0005 0.0104266 -0.01386 0.00153647 0.0104815 -0.01386 0.00176535 0.00988168 -0.01386 0.000786474 0.0100607 -0.01386 0.00093934 0.00923465 -0.01386 0.000518468 -0.0105 -0.01386 0.002 -0.00946353 -0.01386 0.000573415 -0.00923465 -0.01386 0.000518468 -0.00988168 -0.01386 0.000786474 -0.00968099 -0.01386 0.00066349 -0.0102135 -0.01386 0.00111832 -0.0100607 -0.01386 0.00093934 -0.0104266 -0.01386 0.00153647 -0.0103365 -0.01386 0.00131901 -0.0104815 -0.01386 0.00176535 -0.0081 -0.00627799 0.00109202 -0.009 -0.00618078 0.0013156 -0.0081 -0.00615789 0.00138197 -0.0081 -0.00606 0.002 -0.0081 -0.00608462 0.00168713 -0.009 -0.00606767 0.00182523 -0.0081 -0.00664579 0.000585786 -0.0081 -0.00688443 0.000381966 -0.009 -0.00677479 0.000467634 -0.009 -0.00642178 0.000852732 -0.009 -0.00632822 0.000999606 -0.0081 -0.00644197 0.00082443 -0.0081 -0.00774713 2.46233e-05 -0.009 -0.00754283 6.80613e-05 -0.0081 -0.00744197 9.7887e-05 -0.009 -0.00721514 0.00018725 -0.0081 -0.00715202 0.000217987 -0.009 -0.00771284 3.03617e-05 -0.009 -0.00788523 7.67464e-06 -0.009 -0.00806 0 -0.0081 -0.00806 -4.24044e-20 -0.009 -0.00737622 0.000120528 -0.009 -0.00706034 0.000267771 -0.009 -0.00691306 0.000361579 -0.009 -0.00652825 0.000714067 -0.009 -0.00664579 0.000585786 -0.009 -0.00624751 0.00115452 -0.009 -0.00612826 0.001482 -0.009 -0.00609045 0.00165247 -0.009 -0.00606 0.002 0.009 -0.01336 -1.51122e-35 0.0081 -0.00806 6.93889e-18 0.009 -0.00806 -3.33067e-19 -0.00561616 0.000562755 7.16094e-18 -0.00569521 0.000366028 7.16094e-18 -0.0081 0.0045 6.43929e-18 -0.009 -0.01336 6.93889e-18 -0.00253384 -0.00077598 0 -0.00343559 -0.000655384 7.16094e-18 -0.00334014 -0.000466071 7.16094e-18 -0.00363508 0.000902445 7.16094e-18 -0.00380003 0.00103564 7.16094e-18 -0.00225655 0.00138941 0 -0.00573988 0.000158772 7.16094e-18 -0.00574887 -5.30515e-05 7.16094e-18 -0.009 -0.00806 0 -0.0081 -0.00806 -4.24044e-20 -0.00572194 -0.000263349 7.16094e-18 0.00389038 -0.00109127 7.16094e-18 0.00213059 -0.00157578 0 0.00371472 -0.000972545 7.16094e-18 -0.00491642 -0.0011786 7.16094e-18 -0.00471125 -0.00123202 7.16094e-18 -0.0045 -0.00125 6.93889e-18 -0.00528528 -0.000972545 7.16094e-18 -0.00510962 -0.00109127 7.16094e-18 -0.00556441 -0.000655384 7.16094e-18 -0.00543834 -0.000825843 7.16094e-18 -0.00565986 -0.000466071 7.16094e-18 -0.00439399 0.0012455 7.16094e-18 -0.00460601 0.0012455 7.16094e-18 -0.0073 0.0053 6.43929e-18 -0.00536492 0.000902445 7.16094e-18 -0.005505 0.000743292 7.16094e-18 -0.00501488 0.00113904 7.16094e-18 -0.00519997 0.00103564 7.16094e-18 -0.00481497 0.00120967 7.16094e-18 -0.00398512 0.00113904 7.16094e-18 -0.00198928 0.00175079 0 -0.00418503 0.00120967 7.16094e-18 -0.00166478 0.00206179 0 0 0.00265 6.93889e-18 0.0073 0.0053 7.32747e-18 -0.00236625 -0.00119304 0 -0.00213059 -0.00157578 0 -0.00389038 -0.00109127 7.16094e-18 0.00363508 0.000902445 7.16094e-18 0.00225655 0.00138941 0 0.00380003 0.00103564 7.16094e-18 0.00343559 -0.000655384 7.16094e-18 0.00253384 -0.00077598 0 0.00334014 -0.000466071 7.16094e-18 0.00262854 -0.000336597 0 0.00327806 -0.000263349 7.16094e-18 0.00326012 0.000158772 7.16094e-18 0.00325113 -5.30515e-05 7.16094e-18 0.00264761 0.000112469 0 -0.003495 0.000743292 7.16094e-18 -0.00245891 0.00098807 0 -0.00338384 0.000562755 7.16094e-18 0.00356166 -0.000825843 7.16094e-18 0.00236625 -0.00119304 0 0.00183364 -0.00191318 0 0.00408358 -0.0011786 7.16094e-18 0.00428875 -0.00123202 7.16094e-18 0.00148393 -0.00219555 0 0.000224736 -0.00264045 0 0.00109154 -0.00241476 0 0.000667742 -0.00256449 0 -0.00109154 -0.00241476 0 -0.00148393 -0.00219555 0 -0.00262854 -0.000336597 0 -0.00327806 -0.000263349 7.16094e-18 -0.00183364 -0.00191318 0 -0.00428875 -0.00123202 7.16094e-18 0.00330479 0.000366028 7.16094e-18 0.00259052 0.0005583 0 0.00338384 0.000562755 7.16094e-18 0.00245891 0.00098807 0 0.003495 0.000743292 7.16094e-18 -0.00326012 0.000158772 7.16094e-18 -0.00330479 0.000366028 7.16094e-18 -0.00264761 0.000112469 0 -0.00325113 -5.30515e-05 7.16094e-18 -0.00259052 0.0005583 0 0.00398512 0.00113904 7.16094e-18 0.00198928 0.00175079 0 0.00418503 0.00120967 7.16094e-18 0.00166478 0.00206179 0 0.00439399 0.0012455 7.16094e-18 0.00460601 0.0012455 7.16094e-18 0.00129239 0.00231349 0 0.00501488 0.00113904 7.16094e-18 0.00481497 0.00120967 7.16094e-18 0.00519997 0.00103564 7.16094e-18 0.0081 0.0045 6.43929e-18 0.00574887 -5.30515e-05 7.16094e-18 0.00573988 0.000158772 7.16094e-18 0.005505 0.000743292 7.16094e-18 0.00536492 0.000902445 7.16094e-18 0.00569521 0.000366028 7.16094e-18 0.00561616 0.000562755 7.16094e-18 0.00572194 -0.000263349 7.16094e-18 0.00556441 -0.000655384 7.16094e-18 0.00565986 -0.000466071 7.16094e-18 0.00528528 -0.000972545 7.16094e-18 0.00543834 -0.000825843 7.16094e-18 0.00491642 -0.0011786 7.16094e-18 0.00510962 -0.00109127 7.16094e-18 0.0045 -0.00125 6.93889e-18 0.00471125 -0.00123202 7.16094e-18 0.00088282 0.00249863 0 0.000447852 0.00261188 0 -0.00356166 -0.000825843 7.16094e-18 -0.00371472 -0.000972545 7.16094e-18 -0.00408358 -0.0011786 7.16094e-18 -0.000667742 -0.00256449 0 -0.000224736 -0.00264045 0 -0.00129239 0.00231349 0 -0.000447852 0.00261188 0 -0.00088282 0.00249863 0 -0.00430709 0.0013015 0.0105711 -0.0041755 0.00167785 0.004 -0.00407499 0.00190789 0.0102771 0.00337803 0.00297304 0.004 0.00383188 0.00235938 0.004 0.00375406 0.00248133 0.00999909 -0.00449595 0.000190985 0.004 -0.00444894 0.000672285 0.0108762 -0.00449948 3.17247e-05 0.0111868 -0.00401817 -0.00202592 0.004 -0.00430275 -0.0013177 0.004 -0.00410129 -0.00185025 0.0120992 -0.00446355 -0.00057158 0.004 -0.00432528 -0.00124052 0.0118036 -0.0044583 -0.000609501 0.0114976 -0.004399 0.000948057 0.004 -0.00378846 -0.00242743 0.012379 -0.00383188 0.00235938 0.004 -0.00375406 0.00248133 0.00999909 -0.00361799 -0.00267585 0.004 -0.00337803 0.00297304 0.004 -0.00338928 -0.00295985 0.0126372 -0.00342269 0.00292161 0.00975756 -0.00311372 -0.0032488 0.004 -0.00304649 0.00331201 0.0094909 -0.00290809 -0.00343434 0.0128672 -0.00282699 0.00350116 0.004 -0.00251989 -0.00372829 0.004 -0.00263227 0.00364982 0.00921207 -0.0023519 -0.00383713 0.0130625 -0.00219463 0.00392856 0.004 -0.00218146 0.00393583 0.00893261 -0.00185356 -0.00410053 0.004 -0.00169296 0.00416935 0.00866692 -0.00149913 0.00424295 0.004 -0.00116398 0.00434674 0.00843703 -0.00173115 -0.00415461 0.0132164 -0.000760504 0.00443527 0.004 -0.000596227 0.00446008 0.00827454 7.68225e-11 0.0045 0.00821293 0 0.0045 0.004 -0.0011339 -0.0043548 0.004 -0.00106014 -0.00437434 0.013323 -0.00035703 -0.00448643 0.0133773 -0.000381627 -0.00448379 0.004 0.000381627 -0.00448379 0.004 0.00035623 -0.00448556 0.0133769 0.00105787 -0.00437292 0.0133223 0.0011339 -0.0043548 0.004 0.00185356 -0.00410053 0.004 0.001728 -0.00415382 0.0132161 0.00234862 -0.0038374 0.0130627 0.00251989 -0.00372829 0.004 0.00290527 -0.00343564 0.0128679 0.00311372 -0.0032488 0.004 0.00361799 -0.00267585 0.004 0.00338737 -0.00296193 0.0126382 0.00378762 -0.00242986 0.0123802 0.00401817 -0.00202592 0.004 0.00410124 -0.00185253 0.0121003 0.00430275 -0.0013177 0.004 0.00446355 -0.00057158 0.004 0.00432532 -0.00124237 0.0118045 0.00445843 -0.000611131 0.0114984 0.00450023 3.00963e-05 0.0111875 0.0044503 0.000670948 0.0108768 0.00449595 0.000190985 0.004 0.004399 0.000948057 0.004 0.00430869 0.00130064 0.0105715 0.00407613 0.00190805 0.010277 0.0041755 0.00167785 0.004 0.00149913 0.00424295 0.004 0.00219463 0.00392856 0.004 0.00169448 0.00416884 0.00866679 0.00282699 0.00350116 0.004 0.00304848 0.00331007 0.0094917 0.00263347 0.00364895 0.00921187 0.000760504 0.00443527 0.004 0.000597134 0.00446031 0.00827362 0.00116609 0.00434651 0.00843626 0.00218257 0.00393539 0.00893231 0.00342318 0.00292082 0.00975782 -0.000447852 0.00261188 0 0 0.00265 6.93889e-18 0 0.00265 0.004 -0.00166478 0.00206179 0 -0.00129239 0.00231349 0 -0.00129239 0.00231349 0.004 -0.00088282 0.00249863 0 -0.000447852 0.00261188 0.004 -0.00088282 0.00249863 0.004 -0.00225655 0.00138941 0.004 -0.00245891 0.00098807 0 -0.00225655 0.00138941 0 -0.00166478 0.00206179 0.004 -0.00198928 0.00175079 0.004 -0.00198928 0.00175079 0 -0.00264761 0.000112469 0 -0.00264761 0.000112469 0.004 -0.00262854 -0.000336597 0 -0.00259052 0.0005583 0 -0.00245891 0.00098807 0.004 -0.00259052 0.0005583 0.004 -0.00213059 -0.00157578 0 -0.00236625 -0.00119304 0 -0.00236625 -0.00119304 0.004 -0.00253384 -0.00077598 0.004 -0.00253384 -0.00077598 0 -0.00262854 -0.000336597 0.004 -0.00148393 -0.00219555 0.004 -0.00109154 -0.00241476 0 -0.00148393 -0.00219555 0 -0.00213059 -0.00157578 0.004 -0.00183364 -0.00191318 0.004 -0.00183364 -0.00191318 0 -0.000224736 -0.00264045 0 -0.000224736 -0.00264045 0.004 0.000224736 -0.00264045 0 -0.000667742 -0.00256449 0 -0.00109154 -0.00241476 0.004 -0.000667742 -0.00256449 0.004 0.00148393 -0.00219555 0 0.00109154 -0.00241476 0 0.00109154 -0.00241476 0.004 0.000667742 -0.00256449 0.004 0.000667742 -0.00256449 0 0.000224736 -0.00264045 0.004 0.00213059 -0.00157578 0.004 0.00236625 -0.00119304 0 0.00213059 -0.00157578 0 0.00148393 -0.00219555 0.004 0.00183364 -0.00191318 0.004 0.00183364 -0.00191318 0 0.00262854 -0.000336597 0 0.00262854 -0.000336597 0.004 0.00264761 0.000112469 0 0.00253384 -0.00077598 0 0.00236625 -0.00119304 0.004 0.00253384 -0.00077598 0.004 0.00264761 0.000112469 0.004 0.00259052 0.0005583 0.004 0.00259052 0.0005583 0 0.00245891 0.00098807 0.004 0.00245891 0.00098807 0 0.00225655 0.00138941 0 0.00225655 0.00138941 0.004 0.00198928 0.00175079 0.004 0.00198928 0.00175079 0 0.00166478 0.00206179 0.004 0.00166478 0.00206179 0 0.00129239 0.00231349 0 0.00129239 0.00231349 0.004 0.00088282 0.00249863 0.004 0.00088282 0.00249863 0 0.000447852 0.00261188 0.004 0.000447852 0.00261188 0 0.0045 -0.001 0.0025 0.0045 1.11022e-19 0.00310086 0.004669 -0.000985616 0.0025 0.004331 -0.000985616 0.0025 0.00498769 -0.000873014 0.0025 0.00483314 -0.000942877 0.0025 0.00525067 -0.000660675 0.0025 0.00512822 -0.000778036 0.0025 0.00542789 -0.000372856 0.0025 0.00535153 -0.000524307 0.0025 0.0054991 -4.24412e-05 0.0025 0.00547756 -0.000210679 0.0025 0.00545617 0.000292823 0.0025 0.0054919 0.000127018 0.0025 0.005304 0.000594633 0.0025 0.00539293 0.000450204 0.0025 0.00505997 0.00082851 0.0025 0.00519194 0.000721956 0.0025 0.00475198 0.000967733 0.0025 0.0049119 0.000911228 0.0025 0.00458481 0.000996397 0.0025 0.00424802 0.000967733 0.0025 0.00441519 0.000996397 0.0025 0.00394003 0.00082851 0.0025 0.0040881 0.000911228 0.0025 0.003696 0.000594633 0.0025 0.00380806 0.000721956 0.0025 0.00354383 0.000292823 0.0025 0.00360707 0.000450204 0.0025 0.0035009 -4.24412e-05 0.0025 0.0035081 0.000127018 0.0025 0.00357211 -0.000372856 0.0025 0.00352244 -0.000210679 0.0025 0.00374933 -0.000660675 0.0025 0.00364847 -0.000524307 0.0025 0.00401231 -0.000873014 0.0025 0.00387178 -0.000778036 0.0025 0.00416686 -0.000942877 0.0025 0.004331 -0.000985616 0.0025 0.0045 -0.001 0.0025 0.0045 -0.001 0.00025 0.00387178 -0.000778036 0.0025 0.00401231 -0.000873014 0.0025 0.00401231 -0.000873014 0.00025 0.00416686 -0.000942877 0.0025 0.004331 -0.000985616 0.00025 0.00416686 -0.000942877 0.00025 0.00364847 -0.000524307 0.00025 0.00357211 -0.000372856 0.0025 0.00364847 -0.000524307 0.0025 0.00387178 -0.000778036 0.00025 0.00374933 -0.000660675 0.00025 0.00374933 -0.000660675 0.0025 0.0035009 -4.24412e-05 0.0025 0.0035009 -4.24412e-05 0.00025 0.0035081 0.000127018 0.0025 0.00352244 -0.000210679 0.0025 0.00357211 -0.000372856 0.00025 0.00352244 -0.000210679 0.00025 0.003696 0.000594633 0.0025 0.00360707 0.000450204 0.0025 0.00360707 0.000450204 0.00025 0.00354383 0.000292823 0.00025 0.00354383 0.000292823 0.0025 0.0035081 0.000127018 0.00025 0.00394003 0.00082851 0.00025 0.0040881 0.000911228 0.0025 0.00394003 0.00082851 0.0025 0.003696 0.000594633 0.00025 0.00380806 0.000721956 0.00025 0.00380806 0.000721956 0.0025 0.00441519 0.000996397 0.0025 0.00441519 0.000996397 0.00025 0.00458481 0.000996397 0.0025 0.00424802 0.000967733 0.0025 0.0040881 0.000911228 0.00025 0.00424802 0.000967733 0.00025 0.00505997 0.00082851 0.0025 0.0049119 0.000911228 0.0025 0.0049119 0.000911228 0.00025 0.00475198 0.000967733 0.00025 0.00475198 0.000967733 0.0025 0.00458481 0.000996397 0.00025 0.005304 0.000594633 0.00025 0.00539293 0.000450204 0.0025 0.005304 0.000594633 0.0025 0.00505997 0.00082851 0.00025 0.00519194 0.000721956 0.00025 0.00519194 0.000721956 0.0025 0.0054919 0.000127018 0.0025 0.0054919 0.000127018 0.00025 0.0054991 -4.24412e-05 0.0025 0.00545617 0.000292823 0.0025 0.00539293 0.000450204 0.00025 0.00545617 0.000292823 0.00025 0.0054991 -4.24412e-05 0.00025 0.00547756 -0.000210679 0.00025 0.00547756 -0.000210679 0.0025 0.00542789 -0.000372856 0.00025 0.00542789 -0.000372856 0.0025 0.00535153 -0.000524307 0.0025 0.00535153 -0.000524307 0.00025 0.00525067 -0.000660675 0.00025 0.00525067 -0.000660675 0.0025 0.00512822 -0.000778036 0.00025 0.00512822 -0.000778036 0.0025 0.00498769 -0.000873014 0.0025 0.00498769 -0.000873014 0.00025 0.00483314 -0.000942877 0.00025 0.00483314 -0.000942877 0.0025 0.004669 -0.000985616 0.00025 0.004669 -0.000985616 0.0025 0.0045 -0.001 0.00025 0.00428875 -0.00123202 7.16094e-18 0.004331 -0.000985616 0.00025 0.00389038 -0.00109127 7.16094e-18 0.00416686 -0.000942877 0.00025 0.00408358 -0.0011786 7.16094e-18 0.00343559 -0.000655384 7.16094e-18 0.00374933 -0.000660675 0.00025 0.00356166 -0.000825843 7.16094e-18 0.00371472 -0.000972545 7.16094e-18 0.00387178 -0.000778036 0.00025 0.00401231 -0.000873014 0.00025 0.00327806 -0.000263349 7.16094e-18 0.00325113 -5.30515e-05 7.16094e-18 0.00352244 -0.000210679 0.00025 0.00364847 -0.000524307 0.00025 0.00334014 -0.000466071 7.16094e-18 0.00357211 -0.000372856 0.00025 0.00354383 0.000292823 0.00025 0.00330479 0.000366028 7.16094e-18 0.00338384 0.000562755 7.16094e-18 0.0035081 0.000127018 0.00025 0.0035009 -4.24412e-05 0.00025 0.00326012 0.000158772 7.16094e-18 0.00380003 0.00103564 7.16094e-18 0.00380806 0.000721956 0.00025 0.00363508 0.000902445 7.16094e-18 0.003495 0.000743292 7.16094e-18 0.003696 0.000594633 0.00025 0.00360707 0.000450204 0.00025 0.00418503 0.00120967 7.16094e-18 0.00439399 0.0012455 7.16094e-18 0.00424802 0.000967733 0.00025 0.00394003 0.00082851 0.00025 0.00398512 0.00113904 7.16094e-18 0.0040881 0.000911228 0.00025 0.00475198 0.000967733 0.00025 0.00481497 0.00120967 7.16094e-18 0.00501488 0.00113904 7.16094e-18 0.00458481 0.000996397 0.00025 0.00441519 0.000996397 0.00025 0.00460601 0.0012455 7.16094e-18 0.005505 0.000743292 7.16094e-18 0.00519194 0.000721956 0.00025 0.00536492 0.000902445 7.16094e-18 0.00519997 0.00103564 7.16094e-18 0.00505997 0.00082851 0.00025 0.0049119 0.000911228 0.00025 0.00569521 0.000366028 7.16094e-18 0.00573988 0.000158772 7.16094e-18 0.00545617 0.000292823 0.00025 0.005304 0.000594633 0.00025 0.00561616 0.000562755 7.16094e-18 0.00539293 0.000450204 0.00025 0.00574887 -5.30515e-05 7.16094e-18 0.00572194 -0.000263349 7.16094e-18 0.0054991 -4.24412e-05 0.00025 0.0054919 0.000127018 0.00025 0.00565986 -0.000466071 7.16094e-18 0.00547756 -0.000210679 0.00025 0.00542789 -0.000372856 0.00025 0.00556441 -0.000655384 7.16094e-18 0.00543834 -0.000825843 7.16094e-18 0.00535153 -0.000524307 0.00025 0.00528528 -0.000972545 7.16094e-18 0.00525067 -0.000660675 0.00025 0.00512822 -0.000778036 0.00025 0.00510962 -0.00109127 7.16094e-18 0.00491642 -0.0011786 7.16094e-18 0.00498769 -0.000873014 0.00025 0.00471125 -0.00123202 7.16094e-18 0.00483314 -0.000942877 0.00025 0.004669 -0.000985616 0.00025 0.0045 -0.00125 6.93889e-18 -0.0045 -0.001 0.0025 -0.0045 1.11022e-19 0.00310086 -0.004331 -0.000985616 0.0025 -0.004669 -0.000985616 0.0025 -0.00401231 -0.000873014 0.0025 -0.00416686 -0.000942877 0.0025 -0.00374933 -0.000660675 0.0025 -0.00387178 -0.000778036 0.0025 -0.00357211 -0.000372856 0.0025 -0.00364847 -0.000524307 0.0025 -0.0035009 -4.24412e-05 0.0025 -0.00352244 -0.000210679 0.0025 -0.00354383 0.000292823 0.0025 -0.0035081 0.000127018 0.0025 -0.003696 0.000594633 0.0025 -0.00360707 0.000450204 0.0025 -0.00394003 0.00082851 0.0025 -0.00380806 0.000721956 0.0025 -0.00424802 0.000967733 0.0025 -0.0040881 0.000911228 0.0025 -0.00441519 0.000996397 0.0025 -0.00475198 0.000967733 0.0025 -0.00458481 0.000996397 0.0025 -0.00505997 0.00082851 0.0025 -0.0049119 0.000911228 0.0025 -0.005304 0.000594633 0.0025 -0.00519194 0.000721956 0.0025 -0.00545617 0.000292823 0.0025 -0.00539293 0.000450204 0.0025 -0.0054991 -4.24412e-05 0.0025 -0.0054919 0.000127018 0.0025 -0.00542789 -0.000372856 0.0025 -0.00547756 -0.000210679 0.0025 -0.00525067 -0.000660675 0.0025 -0.00535153 -0.000524307 0.0025 -0.00498769 -0.000873014 0.0025 -0.00512822 -0.000778036 0.0025 -0.00483314 -0.000942877 0.0025 -0.004669 -0.000985616 0.0025 -0.0045 -0.001 0.0025 -0.0045 -0.001 0.00025 -0.00512822 -0.000778036 0.0025 -0.00498769 -0.000873014 0.0025 -0.00498769 -0.000873014 0.00025 -0.00483314 -0.000942877 0.0025 -0.004669 -0.000985616 0.00025 -0.00483314 -0.000942877 0.00025 -0.00535153 -0.000524307 0.00025 -0.00542789 -0.000372856 0.0025 -0.00535153 -0.000524307 0.0025 -0.00512822 -0.000778036 0.00025 -0.00525067 -0.000660675 0.00025 -0.00525067 -0.000660675 0.0025 -0.0054991 -4.24412e-05 0.0025 -0.0054991 -4.24412e-05 0.00025 -0.0054919 0.000127018 0.0025 -0.00547756 -0.000210679 0.0025 -0.00542789 -0.000372856 0.00025 -0.00547756 -0.000210679 0.00025 -0.005304 0.000594633 0.0025 -0.00539293 0.000450204 0.0025 -0.00539293 0.000450204 0.00025 -0.00545617 0.000292823 0.00025 -0.00545617 0.000292823 0.0025 -0.0054919 0.000127018 0.00025 -0.00505997 0.00082851 0.00025 -0.0049119 0.000911228 0.0025 -0.00505997 0.00082851 0.0025 -0.005304 0.000594633 0.00025 -0.00519194 0.000721956 0.00025 -0.00519194 0.000721956 0.0025 -0.00458481 0.000996397 0.0025 -0.00458481 0.000996397 0.00025 -0.00441519 0.000996397 0.0025 -0.00475198 0.000967733 0.0025 -0.0049119 0.000911228 0.00025 -0.00475198 0.000967733 0.00025 -0.00394003 0.00082851 0.0025 -0.0040881 0.000911228 0.0025 -0.0040881 0.000911228 0.00025 -0.00424802 0.000967733 0.00025 -0.00424802 0.000967733 0.0025 -0.00441519 0.000996397 0.00025 -0.003696 0.000594633 0.00025 -0.00360707 0.000450204 0.0025 -0.003696 0.000594633 0.0025 -0.00394003 0.00082851 0.00025 -0.00380806 0.000721956 0.00025 -0.00380806 0.000721956 0.0025 -0.0035081 0.000127018 0.0025 -0.0035081 0.000127018 0.00025 -0.0035009 -4.24412e-05 0.0025 -0.00354383 0.000292823 0.0025 -0.00360707 0.000450204 0.00025 -0.00354383 0.000292823 0.00025 -0.0035009 -4.24412e-05 0.00025 -0.00352244 -0.000210679 0.00025 -0.00352244 -0.000210679 0.0025 -0.00357211 -0.000372856 0.00025 -0.00357211 -0.000372856 0.0025 -0.00364847 -0.000524307 0.0025 -0.00364847 -0.000524307 0.00025 -0.00374933 -0.000660675 0.00025 -0.00374933 -0.000660675 0.0025 -0.00387178 -0.000778036 0.00025 -0.00387178 -0.000778036 0.0025 -0.00401231 -0.000873014 0.0025 -0.00401231 -0.000873014 0.00025 -0.00416686 -0.000942877 0.00025 -0.00416686 -0.000942877 0.0025 -0.004331 -0.000985616 0.00025 -0.004331 -0.000985616 0.0025 -0.0045 -0.001 0.00025 -0.00471125 -0.00123202 7.16094e-18 -0.004669 -0.000985616 0.00025 -0.00510962 -0.00109127 7.16094e-18 -0.00483314 -0.000942877 0.00025 -0.00491642 -0.0011786 7.16094e-18 -0.00556441 -0.000655384 7.16094e-18 -0.00525067 -0.000660675 0.00025 -0.00543834 -0.000825843 7.16094e-18 -0.00528528 -0.000972545 7.16094e-18 -0.00512822 -0.000778036 0.00025 -0.00498769 -0.000873014 0.00025 -0.00572194 -0.000263349 7.16094e-18 -0.00574887 -5.30515e-05 7.16094e-18 -0.00547756 -0.000210679 0.00025 -0.00535153 -0.000524307 0.00025 -0.00565986 -0.000466071 7.16094e-18 -0.00542789 -0.000372856 0.00025 -0.00545617 0.000292823 0.00025 -0.00569521 0.000366028 7.16094e-18 -0.00561616 0.000562755 7.16094e-18 -0.0054919 0.000127018 0.00025 -0.0054991 -4.24412e-05 0.00025 -0.00573988 0.000158772 7.16094e-18 -0.00519997 0.00103564 7.16094e-18 -0.00519194 0.000721956 0.00025 -0.00536492 0.000902445 7.16094e-18 -0.005505 0.000743292 7.16094e-18 -0.005304 0.000594633 0.00025 -0.00539293 0.000450204 0.00025 -0.00481497 0.00120967 7.16094e-18 -0.00460601 0.0012455 7.16094e-18 -0.00475198 0.000967733 0.00025 -0.00505997 0.00082851 0.00025 -0.00501488 0.00113904 7.16094e-18 -0.0049119 0.000911228 0.00025 -0.00424802 0.000967733 0.00025 -0.00418503 0.00120967 7.16094e-18 -0.00398512 0.00113904 7.16094e-18 -0.00441519 0.000996397 0.00025 -0.00458481 0.000996397 0.00025 -0.00439399 0.0012455 7.16094e-18 -0.003495 0.000743292 7.16094e-18 -0.00380806 0.000721956 0.00025 -0.00363508 0.000902445 7.16094e-18 -0.00380003 0.00103564 7.16094e-18 -0.00394003 0.00082851 0.00025 -0.0040881 0.000911228 0.00025 -0.00330479 0.000366028 7.16094e-18 -0.00326012 0.000158772 7.16094e-18 -0.00354383 0.000292823 0.00025 -0.003696 0.000594633 0.00025 -0.00338384 0.000562755 7.16094e-18 -0.00360707 0.000450204 0.00025 -0.00325113 -5.30515e-05 7.16094e-18 -0.00327806 -0.000263349 7.16094e-18 -0.0035009 -4.24412e-05 0.00025 -0.0035081 0.000127018 0.00025 -0.00334014 -0.000466071 7.16094e-18 -0.00352244 -0.000210679 0.00025 -0.00357211 -0.000372856 0.00025 -0.00343559 -0.000655384 7.16094e-18 -0.00356166 -0.000825843 7.16094e-18 -0.00364847 -0.000524307 0.00025 -0.00371472 -0.000972545 7.16094e-18 -0.00374933 -0.000660675 0.00025 -0.00387178 -0.000778036 0.00025 -0.00389038 -0.00109127 7.16094e-18 -0.00408358 -0.0011786 7.16094e-18 -0.00401231 -0.000873014 0.00025 -0.00428875 -0.00123202 7.16094e-18 -0.00416686 -0.000942877 0.00025 -0.004331 -0.000985616 0.00025 -0.0045 -0.00125 6.93889e-18</float_array>
          <technique_common>
            <accessor count="2483" source="#ID5" stride="3">
              <param name="X" type="float"/>
              <param name="Y" type="float"/>
              <param name="Z" type="float"/>
            </accessor>
          </technique_common>
        </source>
        <source id="ID6">
          <float_array count="7449" id="ID7">-0.707107 0.308487 0.636267 -0.707107 0.308487 0.636267 -0.707107 0.308487 0.636267 -0.707107 0.308487 0.636267 -0.707107 0.308487 0.636267 -0.707107 0.308487 0.636267 -0.707107 0.308487 0.636267 -0.707107 0.308487 0.636267 -0.707107 0.308487 0.636267 -0.707107 0.308487 0.636267 -0.707107 0.308487 0.636267 -0.707107 0.308487 0.636267 -0.707107 0.567324 0.422071 -0.707107 0.627291 0.326353 -0.707107 0.627291 0.326353 -0.707107 0.671252 0.222308 -0.707107 0.671252 0.222308 -0.707107 0.698086 0.11259 -0.707107 0.698086 0.11259 -0.707107 0.707107 8.18846e-08 -0.707107 0.707107 8.18846e-08 -0.707107 0.567324 0.422071 -0.707107 0.492881 0.507019 -0.707107 0.492881 0.507019 -0.707107 0.405862 0.57903 -0.707107 0.308487 0.636267 -0.707107 0.405862 0.57903 -0.707107 0.308487 0.636267 -0.707107 0.707107 0 -0.707107 0.707107 0 -0.707107 0.707107 0 -0.707107 0.707107 0 0.707107 0.308487 0.636267 0.707107 0.308487 0.636267 0.707107 0.308487 0.636267 0.707107 0.308487 0.636267 0.707107 0.308487 0.636267 0.707107 0.308487 0.636267 0.707107 0.308487 0.636267 0.707107 0.308487 0.636267 0.707107 0.308487 0.636267 0.707107 0.308487 0.636267 0.707107 0.308487 0.636267 0.707107 0.308487 0.636267 0.707107 0.671252 0.222308 0.707107 0.627291 0.326353 0.707107 0.671252 0.222308 0.707107 0.707107 -4.17499e-08 0.707107 0.698086 0.11259 0.707107 0.698086 0.11259 0.707107 0.492881 0.507019 0.707107 0.492881 0.507019 0.707107 0.405862 0.57903 0.707107 0.567324 0.422071 0.707107 0.567324 0.422071 0.707107 0.627291 0.326353 0.707107 0.308487 0.636267 0.707107 0.405862 0.57903 0.707107 0.308487 0.636267 0.707107 0.707107 -4.17499e-08 0.707107 0.707107 0 0.707107 0.707107 0 0.707107 0.707107 0 0.707107 0.707107 0 0 0 1 0 0 1 0 0 1 0 0 1 0 0 1 0 0 1 0 0 1 0 0 1 0 0 1 0 0 1 0 0 1 0 0 1 0 0 1 0 0 1 0 0 1 0 0 1 0 0 1 0 0 1 0 0 1 0 0 1 0 0 1 0 0 1 0 0 1 0 0 1 0 0 1 0 0 1 0 0 1 0 0 1 0 0 1 0 0 1 0 0 1 0 0 1 0 0 1 0 0 1 0 0 1 0 0 1 0 0 1 0 0 1 0 0 1 0 0 1 0 0 1 0 0 1 0 0 1 0 0 1 0 0 1 0 0 1 0 0 1 0 0 1 0 0 1 0 0 1 0 0 1 0 0 1 0 0 1 0 0 1 0 0 1 0 0 1 0 0 1 0 0 1 0 0 1 0 0 1 0 0 1 0 0 1 0 0 1 0 0 1 0 0 1 0 0 1 0 0 1 0 0 1 0 0 1 0 0 1 0 0 1 0 0 1 0 0 1 0 0 1 0 0.436266 0.899818 0 0.436266 0.899818 0 0.436266 0.899818 0 0.436266 0.899818 0 0.436266 0.899818 0 0.436266 0.899818 0 0.436266 0.899818 0 0.436266 0.899818 0 0.436266 0.899818 0 0.436266 0.899818 0 0.436266 0.899818 0 0.436266 0.899818 0 0.436266 0.899818 0 0.436266 0.899818 0 0.436266 0.899818 0 0.436266 0.899818 0 0.436266 0.899818 0 0.436266 0.899818 0 0.436266 0.899818 0 0.436266 0.899818 0 0.436266 0.899818 0 0.436266 0.899818 0 0.436266 0.899818 0 0.436266 0.899818 0 0.436266 0.899818 0 0.436266 0.899818 0 0.436266 0.899818 0 0.436266 0.899818 0 0.436266 0.899818 0 0.436266 0.899818 0 0.436266 0.899818 0 0.436266 0.899818 0 0.436266 0.899818 0 0.436266 0.899818 0 0.436266 0.899818 0 0.436266 0.899818 0 0.436266 0.899818 0 0.436266 0.899818 0 0.436266 0.899818 0 0.436266 0.899818 0 0.436266 0.899818 0 0.436266 0.899818 0 0.436266 0.899818 0 0.436266 0.899818 0 0.436266 0.899818 0 0.436266 0.899818 0 0.436266 0.899818 0 0.436266 0.899818 0 0.436266 0.899818 0 0.436266 0.899818 0 0.697039 0.717033 0 0.727143 0.686486 0 0.802317 0.596898 0 0.669957 0.7424 0 0.602451 0.798156 0 0.524372 0.851489 0 0.573975 0.818873 0 0.436266 0.899818 0 0.436266 0.899818 0 0.802317 0.596898 0 0.773835 0.633387 0 0.727125 0.686505 0 0.773853 0.633365 0 0.809311 0.58738 0 0.831938 0.554868 0 0.887123 0.461533 0 0.84 0.542587 0 0.887123 0.461533 0 0.949294 0.314391 0 0.832029 0.554732 0 0.809375 0.587292 0 0.669935 0.74242 0 0.697039 0.717033 0 0.573975 0.818873 0 0.602137 0.798393 0 0.524174 0.851611 0 0.436266 0.899818 0 0.436266 0.899818 0 0.987242 0.159227 0 0.949294 0.314391 0 0.987242 0.159227 0 1 -5.90432e-08 0 1 -5.90432e-08 0 1 0 0 1 0 0 1 0 0 1 0 0.695124 0 0.71889 0.707107 0 0.707107 0.75 0 0.661438 0.891007 0 0.45399 0.880268 0 0.474478 0.824199 0 0.5663 0.809017 0 0.587785 0.987688 0 0.156435 0.970277 0 0.241998 0.951057 0 0.309017 0.94974 0 0.31304 0.984407 0 0.175908 0.993489 0 0.113932 1 0 5.17053e-09 0.998461 0 0.0554661 1 0 5.17053e-09 0.309017 0 0.951057 0.453991 0 0.891007 0.380602 0 0.924739 0.587785 0 0.809017 0.632234 0 0.774777 0.920744 0 0.390168 0.560109 0 0.828419 0.268676 0 0.963231 0.476941 0 0.878935 0.156434 0 0.987688 0.140439 0 0.990089 -1.68091e-07 0 1 7.03274e-08 0 1 0 0 1 0 0 1 0 0 1 0 0 1 -0.632305 0 0.774719 -0.587785 0 0.809017 -0.560164 0 0.828382 -0.477046 0 0.878878 -0.45399 0 0.891007 -0.309017 0 0.951057 -0.38065 0 0.924719 -0.268643 0 0.96324 -0.156435 0 0.987688 -6.75435e-09 0 1 -0.140174 0 0.990127 -6.75435e-09 0 1 -0.707107 0 0.707107 -0.695162 0 0.718853 -0.75 0 0.661438 -0.809017 0 0.587785 -0.824065 0 0.566495 -0.880277 0 0.474461 -0.891007 0 0.453991 -0.920791 0 0.390057 -0.951057 0 0.309017 -0.949767 0 0.312959 -0.970291 0 0.24194 -0.987688 0 0.156434 -0.984416 0 0.175855 -0.993491 0 0.113908 -0.998462 0 0.055434 -1 -0 -1.69675e-07 -1 0 6.87435e-08 1 0 0 1 0 0 1 0 0 1 0 0 1 0 0 1 0 0 1 0 0 1 0 0 1 0 0 1 0 0 1 0 0 1 0 0 1 0 0 1 0 0 1 0 0 1 0 0 1 0 0 1 0 0 1 0 0 1 0 0 1 0 0 1 0 0 -1 0 0 -1 0 0 -1 0 0 -1 0 0 -1 0 0 -1 0 0 -1 0 0 -1 0 0 -1 0 0 -1 0 0 -1 0 0 -1 0 0 -1 0 0 -1 0 0 -1 0 0 -1 0 0 -1 0 0 -1 0 0 -1 0 0 -1 0 0 -1 0 0 -1 0 0 -0.463759 0.837603 -0.288701 -0.391929 0.860669 -0.325024 -0.445716 0.768201 -0.459569 -0.775564 0.579256 -0.250923 -0.707949 0.575843 -0.408917 -0.815824 0.50945 -0.273666 -0.910185 0.383721 -0.155952 -0.872075 0.475721 -0.114783 -0.943897 0.330239 9.15308e-05 -0.901001 0.433817 0.000148164 -0.985227 0.103429 -0.136491 -1 -1.28679e-07 -7.87632e-08 -0.993712 0.111968 -0.000195271 -0.975863 0.208928 -0.063561 -0.97493 0.222513 0.000256265 -0.820265 0.565556 -0.0855152 -0.782032 0.623238 6.92994e-05 -0.756245 0.650641 -0.0689915 -0.725817 0.645373 -0.238083 -0.673945 0.621036 -0.400141 -0.652056 0.457901 -0.604276 -0.772262 0.383695 -0.50635 -0.649941 0.481731 -0.587803 -0.681857 0.72853 -0.065687 -0.668013 0.705897 -0.235515 -0.461954 0.65695 -0.595832 -0.397676 0.775912 -0.489709 -0.438812 0.656662 -0.613383 -0.590551 0.698766 -0.403702 -0.535991 0.633175 -0.558393 -0.559838 0.617798 -0.552183 -0.352076 0.775344 -0.524294 -0.417575 0.652181 -0.632686 -0.242464 0.725316 -0.644304 -0.139746 0.833569 -0.534447 -0.0945797 0.79793 -0.595283 0.000469126 0.965895 -0.258936 -0.041154 0.983384 -0.17681 0.00013961 0.984802 -0.173681 -0.321647 0.871949 -0.369118 -0.236116 0.942224 -0.237622 -0.254937 0.871118 -0.419715 -0.111972 0.993711 -0.00019445 -1.91639e-07 1 1.42476e-07 -0.000455169 0.996204 -0.0870533 -0.193716 0.858201 -0.475358 -0.150265 0.941155 -0.302735 -0.0714794 0.924531 -0.374342 -0.202125 0.657025 -0.726267 -0.362713 0.596615 -0.715884 -0.218497 0.694133 -0.685885 -0.310228 0.766514 -0.562329 -0.398853 0.643636 -0.653184 -0.273337 0.749677 -0.60272 -0.383185 0.631273 -0.674288 -0.371022 0.615447 -0.69539 -0.358498 0.575317 -0.73518 -0.218497 0.472572 -0.853777 -0.383185 0.478409 -0.790123 -0.371022 0.503006 -0.780595 -0.582108 0.366894 -0.72563 -0.559838 0.364501 -0.744124 -0.590551 0.199654 -0.781913 -0.438813 0.412908 -0.798092 -0.352076 0.295039 -0.888254 -0.461954 0.395933 -0.793622 -0.535991 0.36632 -0.760607 -0.511253 0.372298 -0.774606 -0.494816 0.215019 -0.841976 -0.486335 0.382265 -0.785717 -0.445716 0.234658 -0.863871 -0.321647 0.119517 -0.939286 -0.254936 0.168453 -0.952172 -0.173652 -0.000173727 -0.984807 -0.341857 -0.000282683 -0.939752 -0.391929 0.0801178 -0.9165 -1.13547e-08 1.91166e-08 -1 -0.0871407 0.000575849 -0.996196 -0.0714794 0.110324 -0.991322 -0.397676 0.261589 -0.879446 -0.725817 0.0546501 -0.685714 -0.673945 0.21725 -0.706117 -0.634433 0.20437 -0.745471 -0.463759 0.0513873 -0.88447 -0.707949 0.237923 -0.664982 -0.775564 0.0848944 -0.625534 -0.815824 0.12567 -0.564481 -0.735468 0.265795 -0.623249 -0.845437 0.175805 -0.50431 -0.755711 0.300065 -0.582119 -0.60216 0.37343 -0.705658 -0.619417 0.383922 -0.684782 -0.768094 0.339745 -0.542775 -0.649941 0.435596 -0.622762 -0.633383 0.398067 -0.663602 -0.863554 0.233856 -0.446751 -0.869651 0.298153 -0.393462 -0.933499 0.121057 -0.337528 -0.941345 0.203801 -0.26895 -0.984816 0.00028528 -0.173603 -0.996203 0.000444828 -0.0870556 -0.543562 0.203238 -0.814392 -0.150265 0.0368893 -0.987957 -0.643656 0.415459 -0.642729 -0.512584 0.518578 -0.68435 -0.939688 0.000498512 -0.342032 -0.910185 0.0463509 -0.4116 -0.965945 0.000449089 -0.258746 -0.86585 0.000457171 -0.500303 -0.906303 0.000336034 -0.422629 -0.819088 0.000135673 -0.573669 -0.765429 0.000157382 -0.64352 -0.310228 0.334044 -0.890041 -0.417575 0.432703 -0.798999 -0.707107 -4.76578e-08 -0.707107 -0.398853 0.454748 -0.796317 -0.273337 0.377483 -0.884756 -0.641871 -9.7214e-05 -0.766813 -0.139746 0.289065 -0.947055 -0.000267543 0.173766 -0.984787 -0.193716 0.225516 -0.954786 -0.5732 -0.000180087 -0.819415 -0.242464 0.424106 -0.872551 -0.499391 -0.00023347 -0.866377 -0.0945796 0.357272 -0.929199 -0.000418785 0.259021 -0.965872 -0.422373 -0.000415329 -0.906422 -0.0595167 0.428176 -0.901734 -0.000182456 0.342636 -0.939468 -0.362713 0.527829 -0.768007 -0.202125 0.521486 -0.828974 -0.258831 -0.000574232 -0.965922 -0.19382 0.569441 -0.798856 -0.358498 0.552167 -0.752723 -0.00059331 0.0871285 -0.996197 -0.19382 0.615058 -0.764289 9.52375e-05 0.50109 -0.865395 -0.00014773 0.42305 -0.906106 -2.05461e-06 0.573886 -0.818935 0.000295903 0.643614 -0.765351 5.62905e-08 0.707107 -0.707107 -0.0595167 0.752311 -0.656115 0.000460009 0.766308 -0.642473 0.000293252 0.819161 -0.573564 -0.486335 0.653037 -0.580535 0.000475398 0.866035 -0.499982 0.00046449 0.906269 -0.422701 -0.494816 0.752435 -0.43474 -0.511253 0.645035 -0.567935 0.000324862 0.939672 -0.342076 -0.543562 0.729065 -0.415938 -0.143608 0.98466 -0.0991042 -0.535072 0.803415 -0.261194 -0.326562 0.927707 -0.180877 -0.222636 0.974902 -0.00024977 -0.603816 0.759088 -0.243294 -0.330435 0.943829 -9.83303e-05 -0.419001 0.898024 -0.134132 -0.582108 0.599347 -0.549485 -0.634433 0.662407 -0.398386 -0.433981 0.900922 -6.31033e-05 -0.510774 0.854027 -0.0987326 -0.532393 0.846497 -6.36137e-05 -0.599241 0.796982 -0.0756967 -0.60216 0.578351 -0.550376 -0.623881 0.781519 3.33303e-05 -0.619417 0.555415 -0.55483 -0.707107 0.707107 4.21086e-08 -0.633383 0.531199 -0.562719 -0.735468 0.528126 -0.424463 -0.643656 0.5064 -0.573817 -0.755711 0.47926 -0.44633 -0.846882 0.531781 0.000189409 -0.768094 0.430651 -0.47389 -0.845437 0.437961 -0.305656 -0.863554 0.366847 -0.345975 -0.933499 0.292204 -0.207839 -0.62349 0.781831 0 -0.587785 0.809017 0 -0.532032 0.846724 0 -0.433884 0.900969 0 -0.45399 0.891007 0 -0.309017 0.951057 0 -0.330279 0.943883 0 -0.222521 0.974928 0 -0.156435 0.987688 0 -5.96244e-09 1 0 -0.111965 0.993712 0 -5.96244e-09 1 0 -0.707107 0.707107 0 -0.707107 0.707107 0 -0.781832 0.62349 0 -0.809017 0.587785 0 -0.846724 0.532032 0 -0.900969 0.433884 0 -0.891007 0.453991 0 -0.943883 0.330279 0 -0.951057 0.309017 0 -0.974928 0.222521 0 -0.987688 0.156434 0 -1 -1.68883e-07 0 -0.993712 0.111965 0 -1 6.95355e-08 0 -2.70689e-09 0.891007 0.453991 -0.0710198 0.891007 0.448401 -0.0919499 0.809017 0.580549 -0.0483409 0.987688 0.148778 -0.0244718 0.987688 0.154509 6.83797e-09 1 -4.31732e-08 3.89471e-08 1 -1.98446e-08 4.1572e-08 1 -1.35076e-08 -0.148778 0.987688 0.0483409 -0.126558 0.987688 0.0919499 3.53633e-08 1 -2.56929e-08 -0.139384 0.987688 0.0710198 -1.84249e-09 0.951057 0.309017 -0.0483409 0.951057 0.305212 -9.32731e-10 0.987688 0.156434 2.60626e-16 1 -4.37114e-08 1.35076e-08 1 -4.1572e-08 -0.181636 0.809017 0.559017 -0.293893 0.951057 0.0954915 -0.448401 0.891007 0.0710197 -0.431771 0.891007 0.140291 -0.32102 0.891007 0.32102 -0.367286 0.891007 0.266849 -0.475528 0.809017 0.345491 -0.154509 0.987688 0.0244718 4.31732e-08 1 -6.83797e-09 -0.156434 0.987688 1.08777e-08 -0.309017 0.951057 2.14876e-08 -0.345492 0.809017 0.475528 -0.206107 0.891007 0.404509 -0.266849 0.891007 0.367286 -0.266849 0.809017 0.523721 -0.140291 0.891007 0.431771 4.37114e-08 1 -3.03949e-15 -0.404508 0.453991 0.793893 -0.25 0.587785 0.769421 -0.367286 0.587785 0.720839 -0.769421 0.309017 0.559017 -0.630037 0.453991 0.630037 -0.720839 0.453991 0.523721 -0.475528 0.587785 0.654508 -0.32102 0.707107 0.630037 -0.415627 0.707107 0.572061 -0.847398 0.309017 0.431771 -0.939347 0.156435 0.305212 -0.880037 0.156435 0.448401 -0.799057 0.156435 0.580549 -0.793893 0.453991 0.404509 -0.904509 0.309017 0.293893 -0.523721 0.453991 0.720839 -1 1.82552e-08 6.95355e-08 -0.987688 1.82552e-08 0.156434 -0.975528 0.156435 0.154509 -0.218508 0.707107 0.672499 -0.110616 0.707107 0.698401 -4.21608e-09 0.707107 0.707107 -3.50463e-09 0.809017 0.587785 -0.126558 0.587785 0.799057 -4.82371e-09 0.587785 0.809017 -0.139384 0.453991 0.880037 -0.148778 0.309017 0.939347 -5.31257e-09 0.453991 0.891007 -0.154509 0.156435 0.975528 -5.67062e-09 0.309017 0.951057 -5.96244e-09 1.82552e-08 1 -5.88903e-09 0.156435 0.987688 -0.156435 1.82552e-08 0.987688 -0.0710198 0.987688 0.139384 -0.0954915 0.951057 0.293893 -0.275336 0.453991 0.847398 -0.293893 0.309017 0.904509 -0.305212 0.156435 0.939347 -0.309017 1.82552e-08 0.951057 1.98446e-08 1 -3.89471e-08 -0.0919499 0.987688 0.126558 -0.140291 0.951057 0.275336 -0.431771 0.309017 0.847398 -0.448401 0.156435 0.880037 -0.45399 1.82552e-08 0.891007 2.56929e-08 1 -3.53633e-08 -0.110616 0.987688 0.110616 -0.181636 0.951057 0.25 -0.572061 0.587785 0.572061 -0.559017 0.309017 0.769421 -0.580549 0.156435 0.799057 -0.587785 1.82552e-08 0.809017 3.09086e-08 1 -3.09086e-08 -0.415627 0.809017 0.415627 -0.218508 0.951057 0.218508 -0.5 0.707107 0.5 -0.672499 0.309017 0.672498 -0.698401 0.156435 0.698401 -0.707107 1.82552e-08 0.707107 -0.572061 0.707107 0.415627 -0.25 0.951057 0.181636 -0.654508 0.587785 0.475528 -0.847398 0.453991 0.275336 -0.809017 1.82552e-08 0.587785 -0.404509 0.891007 0.206107 -0.523721 0.809017 0.266849 -0.275336 0.951057 0.140291 -0.630037 0.707107 0.32102 -0.720839 0.587785 0.367286 -0.891007 1.82552e-08 0.453991 -0.305212 0.951057 0.0483409 -0.559017 0.809017 0.181636 -0.672499 0.707107 0.218508 -0.769421 0.587785 0.25 -0.951057 1.82552e-08 0.309017 -0.580549 0.809017 0.09195 -0.698401 0.707107 0.110616 -0.799057 0.587785 0.126558 -0.880037 0.453991 0.139384 -0.939347 0.309017 0.148778 -0.987688 0.156435 6.86794e-08 -0.453991 0.891007 3.15684e-08 -0.587785 0.809017 4.08719e-08 -0.707107 0.707107 4.9169e-08 -0.809017 0.587785 5.62554e-08 -0.891007 0.453991 6.19565e-08 -0.951057 0.309017 6.61322e-08 0 0.707107 0.707107 0 0.707107 0.707107 0 0.809017 0.587785 0 0.891007 0.45399 0 0.809017 0.587785 0 0.951057 0.309017 0 0.891007 0.45399 0 0.951057 0.309017 0 0.987688 0.156435 0 1 5.96244e-09 0 0.987688 0.156435 0 1 5.96244e-09 0 0.587785 0.809017 0 0.587785 0.809017 0 0.453991 0.891007 0 0.309017 0.951057 0 0.453991 0.891007 0 0.156435 0.987688 0 0.309017 0.951057 0 0.156434 0.987688 0 6.95355e-08 1 0 -1.68883e-07 1 0.453991 0.891007 2.70689e-09 0.448401 0.891007 0.0710198 0.580549 0.809017 0.0919499 0.148778 0.987688 0.0483409 0.154509 0.987688 0.0244718 -4.31732e-08 1 -6.83797e-09 0.0954915 0.951057 0.293893 0.0710197 0.891007 0.448401 0.140291 0.891007 0.431771 0.0919499 0.987688 0.126558 -2.56929e-08 1 -3.53633e-08 0.0710198 0.987688 0.139384 0.309017 0.951057 1.84249e-09 0.305212 0.951057 0.0483409 -1.98446e-08 1 -3.89471e-08 0.156434 0.987688 9.32731e-10 -4.37114e-08 1 -2.60626e-16 -4.1572e-08 1 -1.35076e-08 0.559017 0.809017 0.181636 0.0483409 0.951057 0.305212 0.0483409 0.987688 0.148778 0.0244718 0.987688 0.154509 0.32102 0.891007 0.32102 0.266849 0.891007 0.367286 0.345491 0.809017 0.475528 -6.83797e-09 1 -4.31732e-08 1.08777e-08 0.987688 0.156434 2.14876e-08 0.951057 0.309017 0.475528 0.809017 0.345492 0.404509 0.891007 0.206107 0.367286 0.891007 0.266849 0.523721 0.809017 0.266849 0.431771 0.891007 0.140291 -3.03949e-15 1 -4.37114e-08 0.793893 0.453991 0.404508 0.769421 0.587785 0.25 0.720839 0.587785 0.367286 0.559017 0.309017 0.769421 0.630037 0.453991 0.630037 0.523721 0.453991 0.720839 0.654508 0.587785 0.475528 0.630037 0.707107 0.32102 0.572061 0.707107 0.415627 0.431771 0.309017 0.847398 0.305212 0.156435 0.939347 0.448401 0.156435 0.880037 0.580549 0.156435 0.799057 0.404509 0.453991 0.793893 0.293893 0.309017 0.904509 0.720839 0.453991 0.523721 6.95355e-08 1.82552e-08 1 0.156434 1.82552e-08 0.987688 0.154509 0.156435 0.975528 0.672499 0.707107 0.218508 0.698401 0.707107 0.110616 0.707107 0.707107 4.21608e-09 0.587785 0.809017 3.50463e-09 0.799057 0.587785 0.126558 0.809017 0.587785 4.82371e-09 0.880037 0.453991 0.139384 0.939347 0.309017 0.148778 0.891007 0.453991 5.31257e-09 0.975528 0.156435 0.154509 0.951057 0.309017 5.67062e-09 1 1.82552e-08 5.96244e-09 0.987688 0.156435 5.88903e-09 0.987688 1.82552e-08 0.156435 0.139384 0.987688 0.0710198 0.293893 0.951057 0.0954915 0.847398 0.453991 0.275336 0.904509 0.309017 0.293893 0.939347 0.156435 0.305212 0.951057 1.82552e-08 0.309017 -3.89471e-08 1 -1.98446e-08 0.126558 0.987688 0.0919499 0.275336 0.951057 0.140291 0.847398 0.309017 0.431771 0.880037 0.156435 0.448401 0.891007 1.82552e-08 0.45399 -3.53633e-08 1 -2.56929e-08 0.110616 0.987688 0.110616 0.25 0.951057 0.181636 0.572061 0.587785 0.572061 0.769421 0.309017 0.559017 0.799057 0.156435 0.580549 0.809017 1.82552e-08 0.587785 -3.09086e-08 1 -3.09086e-08 0.415627 0.809017 0.415627 0.218508 0.951057 0.218508 0.5 0.707107 0.5 0.672498 0.309017 0.672499 0.698401 0.156435 0.698401 0.707107 1.82552e-08 0.707107 0.415627 0.707107 0.572061 0.181636 0.951057 0.25 0.475528 0.587785 0.654508 0.275336 0.453991 0.847398 0.587785 1.82552e-08 0.809017 0.206107 0.891007 0.404509 0.266849 0.809017 0.523721 0.140291 0.951057 0.275336 0.32102 0.707107 0.630037 0.367286 0.587785 0.720839 0.453991 1.82552e-08 0.891007 -1.35076e-08 1 -4.1572e-08 0.181636 0.809017 0.559017 0.218508 0.707107 0.672499 0.25 0.587785 0.769421 0.309017 1.82552e-08 0.951057 0.09195 0.809017 0.580549 0.110616 0.707107 0.698401 0.126558 0.587785 0.799057 0.139384 0.453991 0.880037 0.148778 0.309017 0.939347 6.86794e-08 0.156435 0.987688 3.15684e-08 0.891007 0.453991 4.08719e-08 0.809017 0.587785 4.9169e-08 0.707107 0.707107 5.62554e-08 0.587785 0.809017 6.19565e-08 0.453991 0.891007 6.61322e-08 0.309017 0.951057 0.809017 0.587785 0 0.748511 0.663123 0 0.707107 0.707107 0 0.587785 0.809017 0 0.663123 0.748511 0 0.568065 0.822984 0 0.45399 0.891007 0 0.464723 0.885456 0 0.354605 0.935016 0 0.309017 0.951057 0 0.239316 0.970942 0 0.120537 0.992709 0 0.156435 0.987688 0 5.96244e-09 1 0 5.96244e-09 1 0 0.822984 0.568065 0 0.891007 0.453991 0 0.885456 0.464723 0 0.951057 0.309017 0 0.935016 0.354605 0 0.987688 0.156435 0 0.970942 0.239316 0 0.992709 0.120537 0 1 6.95355e-08 0 1 -1.68883e-07 0 0.451664 0.651899 -0.60912 0.371406 0.771954 -0.515893 0.475146 0.650932 -0.59205 4.78093e-08 0.427743 -0.9039 -2.86639e-05 0.50562 -0.862756 0.136665 0.463932 -0.875266 0.371254 0.596967 -0.711197 0.212961 0.663713 -0.717031 0.380696 0.615037 -0.690507 0.365829 0.576253 -0.730823 0.364578 0.553489 -0.748821 0.199807 0.578041 -0.791168 0.689449 0.602832 -0.401564 0.62933 0.542586 -0.556367 0.61307 0.566071 -0.551098 0.410441 0.64125 -0.648334 0.393885 0.62994 -0.66935 0.257555 0.728684 -0.634574 0.499657 0.645767 -0.577345 0.465973 0.759871 -0.453283 0.524492 0.636553 -0.565428 0.627891 0.74019 -0.240565 0.541519 0.835614 -0.0922326 0.628144 0.774742 -0.072185 0.347865 0.866412 -0.358218 0.280174 0.8692 -0.407424 0.180665 0.940765 -0.286917 0.450837 0.883834 -0.124831 0.490113 0.824962 -0.281474 0.358706 0.918017 -0.169042 0.563075 0.716102 -0.412485 0.572286 0.607146 -0.551237 0.548936 0.623555 -0.556641 0.179776 0.980253 -0.0823631 0.239307 0.970944 0.000279299 0.0758169 0.984535 -0.157933 0.12054 0.992709 -0.000162486 0.000493255 0.996242 -0.0866116 1.00867e-07 1 9.51788e-08 0.651619 0.645647 -0.398161 0.593872 0.587799 -0.549371 0.609087 0.683769 -0.401837 0.746815 0.50815 -0.429011 0.65126 0.49308 -0.57683 0.642183 0.51802 -0.565028 0.829382 0.483266 -0.28032 0.79233 0.554082 -0.255355 0.63499 0.387111 -0.66853 0.732641 0.2502 -0.632959 0.620064 0.373957 -0.689693 0.77632 0.364143 -0.514516 0.653807 0.423119 -0.627301 0.657157 0.444937 -0.608421 0.841383 0.153594 -0.518153 0.755019 0.282804 -0.591582 0.86289 0.209697 -0.459835 0.646347 0.403657 -0.647531 0.769719 0.321152 -0.551718 0.930566 0.0920457 -0.354365 0.942993 0.172984 -0.284325 0.965894 -0.000469302 -0.258936 0.985578 0.0682669 -0.154839 0.984802 -0.000139667 -0.173681 1 -3.79067e-08 -2.94561e-08 0.996204 0.000454956 -0.0870535 0.992708 0.120543 -0.000161718 0.667632 0.20579 -0.715485 0.581312 0.359229 -0.73009 0.601998 0.364573 -0.710412 0.808646 0.105897 -0.578686 0.866036 -0.000475351 -0.499982 0.626871 0.19526 -0.754259 0.70323 0.224281 -0.67466 0.534517 0.361156 -0.764106 0.582119 0.192994 -0.789868 0.534664 0.199057 -0.821286 0.5586 0.358079 -0.748161 0.376348 0.0840091 -0.922662 0.30721 0.126548 -0.94319 0.389886 0.264316 -0.882114 0.509755 0.368372 -0.777465 0.345454 0.299671 -0.889302 0.242208 0.17827 -0.953706 0.183212 0.237688 -0.953906 0.305128 0.340286 -0.889439 0.0898058 0.372601 -0.923636 0.400235 0.455518 -0.795183 0.418028 0.432829 -0.798693 0.39868 0.506799 -0.764336 0.385626 0.47963 -0.788193 0.270486 0.490468 -0.828419 0.24128 0.432505 -0.868748 0.13192 0.303092 -0.943786 0.270067 0.384992 -0.882522 0.000310891 0.11026 -0.993903 0.0558836 0.128068 -0.99019 -5.31028e-11 3.07485e-08 -1 0.438494 0.412217 -0.798624 -0.000270385 0.325336 -0.945598 0.461043 0.394275 -0.794976 0.485027 0.379518 -0.787855 0.485872 0.213275 -0.84761 0.437145 0.235239 -0.868082 -0.000484773 0.219224 -0.975675 0.518578 0.512584 -0.68435 0.131806 0.051603 -0.989931 0.0871286 0.000593272 -0.996197 0.173766 0.000267604 -0.984787 0.342636 0.000182451 -0.939468 0.259021 0.000418777 -0.965872 0.42305 0.000147726 -0.906106 0.765619 0.0679776 -0.639693 0.50109 -9.52399e-05 -0.865395 0.573886 2.0539e-06 -0.818935 0.643614 -0.000295902 -0.765351 0.6563 0.468483 -0.591434 0.774631 0.410539 -0.481045 0.707107 -6.7661e-08 -0.707107 0.872547 0.272591 -0.405409 0.939813 0.260334 -0.221308 0.766308 -0.000460051 -0.642473 0.764701 0.459006 -0.452267 0.819161 -0.000293215 -0.573564 0.870076 0.340466 -0.356442 0.855548 0.411372 -0.314342 0.906269 -0.000464529 -0.422701 0.939672 -0.000324796 -0.342076 0.721488 0.556556 -0.411947 0.779441 0.622362 -0.0716705 0.745458 0.621783 -0.240165 0.708219 0.702969 -0.0652646 0.981783 0.17251 -0.0796359 0.690114 0.684419 -0.235187 0.921117 0.351583 -0.167129 0.970915 0.239425 -0.000235285 0.514909 0.741715 -0.4298 0.934922 0.354854 -0.00015718 0.887444 0.444105 -0.123346 0.560579 0.787491 -0.256143 0.88538 0.464867 -1.94543e-05 0.839761 0.535238 -0.0912185 0.418522 0.851523 -0.315828 0.822879 0.568217 -3.09353e-05 0.417676 0.770048 -0.482258 0.748199 0.663474 1.81128e-05 0.267776 0.937178 -0.223594 0.662768 0.748825 0.000113221 0.567909 0.823091 0.000121104 0.328495 0.765533 -0.553219 0.429887 0.648641 -0.628062 0.464673 0.885482 3.62498e-05 0.290177 0.75097 -0.593162 0.354524 0.935047 0.000181838 0.217397 0.859806 -0.46203 0.16134 0.838502 -0.520466 0.0998764 0.928676 -0.35719 0.000392898 0.867148 -0.498051 0.113615 0.805899 -0.58105 0.231567 0.699317 -0.676264 0.000541933 0.966286 -0.257472 0.000227988 0.984965 -0.172756 0.0755959 0.762936 -0.642039 0.000275259 0.820741 -0.571301 0.000477278 0.907213 -0.420672 0.000420161 0.94028 -0.340403 6.81868e-05 0.709557 -0.704648 0.202271 0.622896 -0.755703 0.367537 0.529331 -0.764673 9.71698e-05 0.767618 -0.640908 0.205637 0.530438 -0.822405 -0.000187681 0.645073 -0.764121 -1.55291e-05 0.577272 -0.816552 0.0710198 -0.987688 -0.139384 0.0919499 -0.987688 -0.126558 -2.56929e-08 -1 3.53633e-08 0.720839 -0.587785 -0.367286 0.793893 -0.453991 -0.404508 0.769421 -0.587785 -0.25 0.672499 -0.707107 -0.218508 0.698401 -0.707107 -0.110616 0.580549 -0.809017 -0.0919499 0.809017 -0.587785 -4.82372e-09 0.707107 -0.707107 -4.21608e-09 0.799057 -0.587785 -0.126558 0.580549 -0.156435 -0.799057 0.559017 -0.309017 -0.769421 0.448401 -0.156435 -0.880037 0.523721 -0.453991 -0.720839 0.630037 -0.453991 -0.630037 0.630037 -0.707107 -0.32102 0.572061 -0.707107 -0.415627 0.654508 -0.587785 -0.475528 0.720839 -0.453991 -0.523721 0.431771 -0.309017 -0.847398 0.305212 -0.156435 -0.939347 0.404509 -0.453991 -0.793893 0.293893 -0.309017 -0.904509 0.880037 -0.453991 -0.139384 6.95355e-08 -1.82552e-08 -1 0.156434 -1.82552e-08 -0.987688 0.154509 -0.156435 -0.975528 0.891007 -0.453991 -5.31257e-09 0.939347 -0.309017 -0.148778 0.587785 -0.809017 -3.50463e-09 0.975528 -0.156435 -0.154509 0.951057 -0.309017 -5.67062e-09 0.987688 -0.156435 -5.88903e-09 0.987688 -1.82552e-08 -0.156435 1 -1.82552e-08 -5.96244e-09 0.453991 -0.891007 -2.70689e-09 0.448401 -0.891007 -0.0710198 0.559017 -0.809017 -0.181636 0.305212 -0.951057 -0.0483409 0.309017 -0.951057 -1.8425e-09 0.156434 -0.987688 -9.32731e-10 -4.37114e-08 -1 2.49214e-16 0.154509 -0.987688 -0.0244718 -4.1572e-08 -1 1.35076e-08 0.148778 -0.987688 -0.0483409 -4.31732e-08 -1 6.83797e-09 0.523721 -0.809017 -0.266849 0.431771 -0.891007 -0.140291 0.475528 -0.809017 -0.345492 0.404509 -0.891007 -0.206107 0.367286 -0.891007 -0.266849 0.0244718 -0.987688 -0.154509 1.08777e-08 -0.987688 -0.156434 2.14876e-08 -0.951057 -0.309017 0.345491 -0.809017 -0.475528 0.32102 -0.891007 -0.32102 0.266849 -0.891007 -0.367286 0.0483409 -0.987688 -0.148778 -1.98446e-08 -1 3.89471e-08 -1.35076e-08 -1 4.1572e-08 0.0954915 -0.951057 -0.293893 0.0710197 -0.891007 -0.448401 0.140291 -0.891007 -0.431771 -6.83797e-09 -1 4.31732e-08 -3.03949e-15 -1 4.37114e-08 0.139384 -0.987688 -0.0710198 0.293893 -0.951057 -0.0954915 0.847398 -0.453991 -0.275336 0.904509 -0.309017 -0.293893 0.939347 -0.156435 -0.305212 0.951057 -1.82552e-08 -0.309017 -3.89471e-08 -1 1.98446e-08 0.126558 -0.987688 -0.0919499 0.275336 -0.951057 -0.140291 0.847398 -0.309017 -0.431771 0.880037 -0.156435 -0.448401 0.891007 -1.82552e-08 -0.45399 -3.53633e-08 -1 2.56929e-08 0.110616 -0.987688 -0.110616 0.25 -0.951057 -0.181636 0.572061 -0.587785 -0.572061 0.769421 -0.309017 -0.559017 0.799057 -0.156435 -0.580549 0.809017 -1.82552e-08 -0.587785 -3.09086e-08 -1 3.09086e-08 0.415627 -0.809017 -0.415627 0.218508 -0.951057 -0.218508 0.5 -0.707107 -0.5 0.672498 -0.309017 -0.672499 0.698401 -0.156435 -0.698401 0.707107 -1.82552e-08 -0.707107 0.415627 -0.707107 -0.572061 0.181636 -0.951057 -0.25 0.475528 -0.587785 -0.654508 0.275336 -0.453991 -0.847398 0.587785 -1.82552e-08 -0.809017 0.206107 -0.891007 -0.404509 0.266849 -0.809017 -0.523721 0.140291 -0.951057 -0.275336 0.32102 -0.707107 -0.630037 0.367286 -0.587785 -0.720839 0.453991 -1.82552e-08 -0.891007 0.0483409 -0.951057 -0.305212 0.181636 -0.809017 -0.559017 0.218508 -0.707107 -0.672499 0.25 -0.587785 -0.769421 0.309017 -1.82552e-08 -0.951057 0.09195 -0.809017 -0.580549 0.110616 -0.707107 -0.698401 0.126558 -0.587785 -0.799057 0.139384 -0.453991 -0.880037 0.148778 -0.309017 -0.939347 6.86794e-08 -0.156435 -0.987688 3.15684e-08 -0.891007 -0.453991 4.08719e-08 -0.809017 -0.587785 4.9169e-08 -0.707107 -0.707107 5.62554e-08 -0.587785 -0.809017 6.19565e-08 -0.453991 -0.891007 6.61322e-08 -0.309017 -0.951057 0.707107 -0.707107 -8.06996e-18 0.707107 -0.707107 -8.06997e-18 0.587785 -0.809017 -9.23303e-18 0.45399 -0.891007 -1.01687e-17 0.587785 -0.809017 -9.23303e-18 0.309017 -0.951057 -1.08541e-17 0.45399 -0.891007 -1.01687e-17 0.309017 -0.951057 -1.08541e-17 0.156435 -0.987688 -1.12721e-17 5.96244e-09 -1 -1.14127e-17 0.156435 -0.987688 -1.12721e-17 5.96244e-09 -1 -1.14127e-17 0.809017 -0.587785 -6.70819e-18 0.809017 -0.587785 -6.70819e-18 0.891007 -0.453991 -5.18124e-18 0.951057 -0.309017 -3.5267e-18 0.891007 -0.453991 -5.18124e-18 0.987688 -0.156435 -1.78533e-18 0.951057 -0.309017 -3.5267e-18 0.987688 -0.156434 -1.78533e-18 1 -6.95355e-08 -7.93584e-25 1 1.68883e-07 1.9274e-24 0 -0.587785 -0.809017 0 -0.707107 -0.707107 0 -0.707107 -0.707107 0 -0.453991 -0.891007 0 -0.587785 -0.809017 0 -0.453991 -0.891007 0 -0.309017 -0.951057 0 -0.156435 -0.987688 0 -0.309017 -0.951057 0 -6.95355e-08 -1 0 -0.156434 -0.987688 0 1.68883e-07 -1 0 -0.809017 -0.587785 0 -0.809017 -0.587785 0 -0.891007 -0.45399 0 -0.951057 -0.309017 0 -0.891007 -0.45399 0 -0.987688 -0.156435 0 -0.951057 -0.309017 0 -0.987688 -0.156435 0 -1 -5.96244e-09 0 -1 -5.96244e-09 2.70689e-09 -0.891007 0.453991 0.0710198 -0.891007 0.448401 0.0919499 -0.809017 0.580549 0.0483409 -0.987688 0.148778 0.0244718 -0.987688 0.154509 -6.83797e-09 -1 -4.31732e-08 -3.89471e-08 -1 -1.98446e-08 -4.1572e-08 -1 -1.35076e-08 0.148778 -0.987688 0.0483409 0.126558 -0.987688 0.0919499 -3.53633e-08 -1 -2.56929e-08 0.139384 -0.987688 0.0710198 1.84249e-09 -0.951057 0.309017 0.0483409 -0.951057 0.305212 0.181636 -0.809017 0.559017 -1.35076e-08 -1 -4.1572e-08 9.32731e-10 -0.987688 0.156434 -2.60626e-16 -1 -4.37114e-08 0.293893 -0.951057 0.0954915 0.448401 -0.891007 0.0710197 0.431771 -0.891007 0.140291 0.32102 -0.891007 0.32102 0.367286 -0.891007 0.266849 0.475528 -0.809017 0.345491 0.154509 -0.987688 0.0244718 -4.31732e-08 -1 -6.83797e-09 0.156434 -0.987688 1.08777e-08 0.309017 -0.951057 2.14876e-08 0.345492 -0.809017 0.475528 0.206107 -0.891007 0.404509 0.266849 -0.891007 0.367286 0.266849 -0.809017 0.523721 0.140291 -0.891007 0.431771 -4.37114e-08 -1 -3.0509e-15 0.404508 -0.453991 0.793893 0.25 -0.587785 0.769421 0.367286 -0.587785 0.720839 0.769421 -0.309017 0.559017 0.630037 -0.453991 0.630037 0.720839 -0.453991 0.523721 0.475528 -0.587785 0.654508 0.32102 -0.707107 0.630037 0.415627 -0.707107 0.572061 0.847398 -0.309017 0.431771 0.939347 -0.156435 0.305212 0.880037 -0.156435 0.448401 0.799057 -0.156435 0.580549 0.793893 -0.453991 0.404509 0.904509 -0.309017 0.293893 0.523721 -0.453991 0.720839 1 -1.82552e-08 6.95355e-08 0.987688 -1.82552e-08 0.156434 0.975528 -0.156435 0.154509 0.218508 -0.707107 0.672499 0.110616 -0.707107 0.698401 4.21608e-09 -0.707107 0.707107 3.50463e-09 -0.809017 0.587785 0.126558 -0.587785 0.799057 4.82371e-09 -0.587785 0.809017 0.139384 -0.453991 0.880037 0.148778 -0.309017 0.939347 5.31257e-09 -0.453991 0.891007 0.154509 -0.156435 0.975528 5.67062e-09 -0.309017 0.951057 5.96244e-09 -1.82552e-08 1 5.88903e-09 -0.156435 0.987688 0.156435 -1.82552e-08 0.987688 0.0710198 -0.987688 0.139384 0.0954915 -0.951057 0.293893 0.275336 -0.453991 0.847398 0.293893 -0.309017 0.904509 0.305212 -0.156435 0.939347 0.309017 -1.82552e-08 0.951057 -1.98446e-08 -1 -3.89471e-08 0.0919499 -0.987688 0.126558 0.140291 -0.951057 0.275336 0.431771 -0.309017 0.847398 0.448401 -0.156435 0.880037 0.45399 -1.82552e-08 0.891007 -2.56929e-08 -1 -3.53633e-08 0.110616 -0.987688 0.110616 0.181636 -0.951057 0.25 0.572061 -0.587785 0.572061 0.559017 -0.309017 0.769421 0.580549 -0.156435 0.799057 0.587785 -1.82552e-08 0.809017 -3.09086e-08 -1 -3.09086e-08 0.415627 -0.809017 0.415627 0.218508 -0.951057 0.218508 0.5 -0.707107 0.5 0.672499 -0.309017 0.672498 0.698401 -0.156435 0.698401 0.707107 -1.82552e-08 0.707107 0.572061 -0.707107 0.415627 0.25 -0.951057 0.181636 0.654508 -0.587785 0.475528 0.847398 -0.453991 0.275336 0.809017 -1.82552e-08 0.587785 0.404509 -0.891007 0.206107 0.523721 -0.809017 0.266849 0.275336 -0.951057 0.140291 0.630037 -0.707107 0.32102 0.720839 -0.587785 0.367286 0.891007 -1.82552e-08 0.453991 0.305212 -0.951057 0.0483409 0.559017 -0.809017 0.181636 0.672499 -0.707107 0.218508 0.769421 -0.587785 0.25 0.951057 -1.82552e-08 0.309017 0.580549 -0.809017 0.09195 0.698401 -0.707107 0.110616 0.799057 -0.587785 0.126558 0.880037 -0.453991 0.139384 0.939347 -0.309017 0.148778 0.987688 -0.156435 6.86794e-08 0.453991 -0.891007 3.15684e-08 0.587785 -0.809017 4.08719e-08 0.707107 -0.707107 4.9169e-08 0.809017 -0.587785 5.62554e-08 0.891007 -0.453991 6.19565e-08 0.951057 -0.309017 6.61322e-08 -0.139384 -0.987688 -0.0710198 -0.126558 -0.987688 -0.0919499 3.53633e-08 -1 2.56929e-08 -0.367286 -0.587785 -0.720839 -0.404508 -0.453991 -0.793893 -0.25 -0.587785 -0.769421 -0.218508 -0.707107 -0.672499 -0.110616 -0.707107 -0.698401 -0.0919499 -0.809017 -0.580549 -4.82371e-09 -0.587785 -0.809017 -4.21608e-09 -0.707107 -0.707107 -0.126558 -0.587785 -0.799057 -0.799057 -0.156435 -0.580549 -0.769421 -0.309017 -0.559017 -0.880037 -0.156435 -0.448401 -0.720839 -0.453991 -0.523721 -0.630037 -0.453991 -0.630037 -0.32102 -0.707107 -0.630037 -0.415627 -0.707107 -0.572061 -0.475528 -0.587785 -0.654508 -0.523721 -0.453991 -0.720839 -0.847398 -0.309017 -0.431771 -0.939347 -0.156435 -0.305212 -0.793893 -0.453991 -0.404509 -0.904509 -0.309017 -0.293893 -0.139384 -0.453991 -0.880037 -1 -1.82552e-08 -6.95355e-08 -0.987688 -1.82552e-08 -0.156434 -0.975528 -0.156435 -0.154509 -5.31257e-09 -0.453991 -0.891007 -0.148778 -0.309017 -0.939347 -3.50463e-09 -0.809017 -0.587785 -0.154509 -0.156435 -0.975528 -5.67062e-09 -0.309017 -0.951057 -5.88903e-09 -0.156435 -0.987688 -0.156435 -1.82552e-08 -0.987688 -5.96244e-09 -1.82552e-08 -1 -2.70689e-09 -0.891007 -0.453991 -0.0710198 -0.891007 -0.448401 -0.181636 -0.809017 -0.559017 -0.0483409 -0.951057 -0.305212 -1.84249e-09 -0.951057 -0.309017 -9.32731e-10 -0.987688 -0.156434 2.60626e-16 -1 4.37114e-08 -0.0244718 -0.987688 -0.154509 1.35076e-08 -1 4.1572e-08 -0.0483409 -0.987688 -0.148778 6.83797e-09 -1 4.31732e-08 -0.266849 -0.809017 -0.523721 -0.140291 -0.891007 -0.431771 -0.345492 -0.809017 -0.475528 -0.206107 -0.891007 -0.404509 -0.266849 -0.891007 -0.367286 -0.154509 -0.987688 -0.0244718 -0.156434 -0.987688 -1.08777e-08 -0.309017 -0.951057 -2.14876e-08 -0.475528 -0.809017 -0.345491 -0.32102 -0.891007 -0.32102 -0.367286 -0.891007 -0.266849 -0.148778 -0.987688 -0.0483409 3.89471e-08 -1 1.98446e-08 4.1572e-08 -1 1.35076e-08 -0.293893 -0.951057 -0.0954915 -0.448401 -0.891007 -0.0710197 -0.431771 -0.891007 -0.140291 4.31732e-08 -1 6.83797e-09 4.37114e-08 -1 3.02808e-15 -0.0710198 -0.987688 -0.139384 -0.0954915 -0.951057 -0.293893 -0.275336 -0.453991 -0.847398 -0.293893 -0.309017 -0.904509 -0.305212 -0.156435 -0.939347 -0.309017 -1.82552e-08 -0.951057 1.98446e-08 -1 3.89471e-08 -0.0919499 -0.987688 -0.126558 -0.140291 -0.951057 -0.275336 -0.431771 -0.309017 -0.847398 -0.448401 -0.156435 -0.880037 -0.45399 -1.82552e-08 -0.891007 2.56929e-08 -1 3.53633e-08 -0.110616 -0.987688 -0.110616 -0.181636 -0.951057 -0.25 -0.572061 -0.587785 -0.572061 -0.559017 -0.309017 -0.769421 -0.580549 -0.156435 -0.799057 -0.587785 -1.82552e-08 -0.809017 3.09086e-08 -1 3.09086e-08 -0.415627 -0.809017 -0.415627 -0.218508 -0.951057 -0.218508 -0.5 -0.707107 -0.5 -0.672499 -0.309017 -0.672498 -0.698401 -0.156435 -0.698401 -0.707107 -1.82552e-08 -0.707107 -0.572061 -0.707107 -0.415627 -0.25 -0.951057 -0.181636 -0.654508 -0.587785 -0.475528 -0.847398 -0.453991 -0.275336 -0.809017 -1.82552e-08 -0.587785 -0.404509 -0.891007 -0.206107 -0.523721 -0.809017 -0.266849 -0.275336 -0.951057 -0.140291 -0.630037 -0.707107 -0.32102 -0.720839 -0.587785 -0.367286 -0.891007 -1.82552e-08 -0.453991 -0.305212 -0.951057 -0.0483409 -0.559017 -0.809017 -0.181636 -0.672499 -0.707107 -0.218508 -0.769421 -0.587785 -0.25 -0.951057 -1.82552e-08 -0.309017 -0.580549 -0.809017 -0.09195 -0.698401 -0.707107 -0.110616 -0.799057 -0.587785 -0.126558 -0.880037 -0.453991 -0.139384 -0.939347 -0.309017 -0.148778 -0.987688 -0.156435 -6.86794e-08 -0.453991 -0.891007 -3.15684e-08 -0.587785 -0.809017 -4.08719e-08 -0.707107 -0.707107 -4.9169e-08 -0.809017 -0.587785 -5.62554e-08 -0.891007 -0.453991 -6.19565e-08 -0.951057 -0.309017 -6.61322e-08 0 -0.809017 0.587785 0 -0.707107 0.707107 0 -0.707107 0.707107 0 -0.891007 0.453991 0 -0.809017 0.587785 0 -0.891007 0.453991 0 -0.951057 0.309017 0 -0.987688 0.156435 0 -0.951057 0.309017 0 -1 6.95355e-08 0 -0.987688 0.156434 0 -1 -1.68883e-07 0 -0.587785 0.809017 0 -0.587785 0.809017 0 -0.45399 0.891007 0 -0.309017 0.951057 0 -0.45399 0.891007 0 -0.156435 0.987688 0 -0.309017 0.951057 0 -0.156435 0.987688 0 -5.96244e-09 1 0 -5.96244e-09 1 -0.809017 -0.587785 -6.70819e-18 -0.707107 -0.707107 -8.06997e-18 -0.707107 -0.707107 -8.06996e-18 -0.891007 -0.453991 -5.18124e-18 -0.809017 -0.587785 -6.70819e-18 -0.891007 -0.453991 -5.18124e-18 -0.951057 -0.309017 -3.5267e-18 -0.987688 -0.156435 -1.78533e-18 -0.951057 -0.309017 -3.5267e-18 -1 -6.95355e-08 -7.93584e-25 -0.987688 -0.156434 -1.78533e-18 -1 1.68883e-07 1.9274e-24 -0.587785 -0.809017 -9.23303e-18 -0.587785 -0.809017 -9.23303e-18 -0.45399 -0.891007 -1.01687e-17 -0.309017 -0.951057 -1.08541e-17 -0.45399 -0.891007 -1.01687e-17 -0.156435 -0.987688 -1.12721e-17 -0.309017 -0.951057 -1.08541e-17 -0.156435 -0.987688 -1.12721e-17 -5.96244e-09 -1 -1.14127e-17 -5.96244e-09 -1 -1.14127e-17 -0.0710198 -0.987688 0.139384 -0.0919499 -0.987688 0.126558 2.56929e-08 -1 -3.53633e-08 -0.720839 -0.587785 0.367286 -0.793893 -0.453991 0.404508 -0.769421 -0.587785 0.25 -0.672499 -0.707107 0.218508 -0.698401 -0.707107 0.110616 -0.580549 -0.809017 0.0919499 -0.809017 -0.587785 4.82371e-09 -0.707107 -0.707107 4.21608e-09 -0.799057 -0.587785 0.126558 -0.580549 -0.156435 0.799057 -0.559017 -0.309017 0.769421 -0.448401 -0.156435 0.880037 -0.523721 -0.453991 0.720839 -0.630037 -0.453991 0.630037 -0.630037 -0.707107 0.32102 -0.572061 -0.707107 0.415627 -0.654508 -0.587785 0.475528 -0.720839 -0.453991 0.523721 -0.431771 -0.309017 0.847398 -0.305212 -0.156435 0.939347 -0.404509 -0.453991 0.793893 -0.293893 -0.309017 0.904509 -0.880037 -0.453991 0.139384 -6.95355e-08 -1.82552e-08 1 -0.156434 -1.82552e-08 0.987688 -0.154509 -0.156435 0.975528 -0.891007 -0.453991 5.31257e-09 -0.939347 -0.309017 0.148778 -0.587785 -0.809017 3.50463e-09 -0.975528 -0.156435 0.154509 -0.951057 -0.309017 5.67062e-09 -0.987688 -0.156435 5.88903e-09 -0.987688 -1.82552e-08 0.156435 -1 -1.82552e-08 5.96244e-09 -0.453991 -0.891007 2.70689e-09 -0.448401 -0.891007 0.0710198 -0.559017 -0.809017 0.181636 -0.305212 -0.951057 0.0483409 -0.309017 -0.951057 1.84249e-09 -0.156434 -0.987688 9.32731e-10 4.37114e-08 -1 -2.72039e-16 -0.154509 -0.987688 0.0244718 4.1572e-08 -1 -1.35076e-08 -0.148778 -0.987688 0.0483409 4.31732e-08 -1 -6.83797e-09 -0.523721 -0.809017 0.266849 -0.404509 -0.891007 0.206107 -0.475528 -0.809017 0.345492 -0.431771 -0.891007 0.140291 -0.0244718 -0.987688 0.154509 -0.0483409 -0.951057 0.305212 -0.0483409 -0.987688 0.148778 -0.367286 -0.891007 0.266849 -0.32102 -0.891007 0.32102 -0.266849 -0.891007 0.367286 -0.345491 -0.809017 0.475528 -0.140291 -0.891007 0.431771 -0.0954915 -0.951057 0.293893 -0.0710197 -0.891007 0.448401 -1.08777e-08 -0.987688 0.156434 6.83797e-09 -1 -4.31732e-08 3.03949e-15 -1 -4.37114e-08 -2.14876e-08 -0.951057 0.309017 1.98446e-08 -1 -3.89471e-08 -0.139384 -0.987688 0.0710198 -0.293893 -0.951057 0.0954915 -0.847398 -0.453991 0.275336 -0.904509 -0.309017 0.293893 -0.939347 -0.156435 0.305212 -0.951057 -1.82552e-08 0.309017 3.89471e-08 -1 -1.98446e-08 -0.126558 -0.987688 0.0919499 -0.275336 -0.951057 0.140291 -0.847398 -0.309017 0.431771 -0.880037 -0.156435 0.448401 -0.891007 -1.82552e-08 0.45399 3.53633e-08 -1 -2.56929e-08 -0.110616 -0.987688 0.110616 -0.25 -0.951057 0.181636 -0.572061 -0.587785 0.572061 -0.769421 -0.309017 0.559017 -0.799057 -0.156435 0.580549 -0.809017 -1.82552e-08 0.587785 3.09086e-08 -1 -3.09086e-08 -0.415627 -0.809017 0.415627 -0.218508 -0.951057 0.218508 -0.5 -0.707107 0.5 -0.672498 -0.309017 0.672499 -0.698401 -0.156435 0.698401 -0.707107 -1.82552e-08 0.707107 -0.415627 -0.707107 0.572061 -0.181636 -0.951057 0.25 -0.475528 -0.587785 0.654508 -0.275336 -0.453991 0.847398 -0.587785 -1.82552e-08 0.809017 -0.206107 -0.891007 0.404509 -0.266849 -0.809017 0.523721 -0.140291 -0.951057 0.275336 -0.32102 -0.707107 0.630037 -0.367286 -0.587785 0.720839 -0.453991 -1.82552e-08 0.891007 1.35076e-08 -1 -4.1572e-08 -0.181636 -0.809017 0.559017 -0.218508 -0.707107 0.672499 -0.25 -0.587785 0.769421 -0.309017 -1.82552e-08 0.951057 -0.09195 -0.809017 0.580549 -0.110616 -0.707107 0.698401 -0.126558 -0.587785 0.799057 -0.139384 -0.453991 0.880037 -0.148778 -0.309017 0.939347 -6.86794e-08 -0.156435 0.987688 -3.15684e-08 -0.891007 0.453991 -4.08719e-08 -0.809017 0.587785 -4.9169e-08 -0.707107 0.707107 -5.62554e-08 -0.587785 0.809017 -6.19565e-08 -0.453991 0.891007 -6.61322e-08 -0.309017 0.951057 0 0.867329 -0.497735 0 0.809017 -0.587785 0 0.891007 -0.453991 0 0.951057 -0.309017 0 0.907226 -0.420644 0 0.940287 -0.340383 0 0.966263 -0.257557 0 0.984959 -0.17279 0 0.987688 -0.156435 0 1 -6.95355e-08 0 0.996233 -0.0867219 0 1 1.68883e-07 0 0.820897 -0.571076 0 0.768279 -0.640115 0 0.707107 -0.707107 0 0.709873 -0.70433 0 0.646118 -0.763237 0 0.587785 -0.809017 0 0.577494 -0.816395 0 0.45399 -0.891007 0 0.504519 -0.8634 0 0.427743 -0.9039 0 0.309017 -0.951057 0 0.325458 -0.945557 0 0.219203 -0.975679 0 0.156435 -0.987688 0 5.96244e-09 -1 0 0.110274 -0.993901 0 5.96244e-09 -1 0.0871557 0 -0.996195 5.96244e-09 0 -1 5.96244e-09 0 -1 0.258819 0 -0.965926 0.309017 0 -0.951057 0.156435 0 -0.987688 0.173648 0 -0.984808 0.5 0 -0.866025 0.45399 0 -0.891007 0.422618 0 -0.906308 0.34202 0 -0.939693 0.707107 0 -0.707107 0.642788 0 -0.766044 0.707107 0 -0.707107 0.573577 0 -0.819152 0.587785 0 -0.809017 0.819152 0 -0.573576 0.866025 0 -0.5 0.809017 0 -0.587785 0.766044 0 -0.642788 0.906308 0 -0.422618 0.939693 0 -0.34202 0.891007 0 -0.453991 0.951057 0 -0.309017 0.965926 0 -0.258819 0.984808 0 -0.173648 0.987688 0 -0.156434 0.996195 0 -0.0871558 1 0 1.68883e-07 1 0 -6.95355e-08 -0.996195 0 -0.0871558 -0.984808 0 -0.173648 -0.987688 0 -0.156435 -1 0 -6.95355e-08 -1 0 1.68883e-07 -0.951057 0 -0.309017 -0.939693 0 -0.34202 -0.906308 0 -0.422618 -0.965926 0 -0.258819 -0.819152 0 -0.573576 -0.766044 0 -0.642788 -0.809017 0 -0.587785 -0.866025 0 -0.5 -0.891007 0 -0.453991 -0.642788 0 -0.766044 -0.587785 0 -0.809017 -0.707107 0 -0.707107 -0.707107 0 -0.707107 -0.422618 0 -0.906308 -0.45399 0 -0.891007 -0.5 0 -0.866025 -0.573577 0 -0.819152 -0.34202 0 -0.939693 -0.309017 0 -0.951057 -0.258819 0 -0.965926 -0.156435 0 -0.987688 -0.173648 0 -0.984808 -0.0871557 0 -0.996195 -5.96244e-09 0 -1 -5.96244e-09 0 -1 0.951057 0 0.309017 0.951057 0 0.309017 0.987688 0 0.156435 1 0 6.95355e-08 1 0 -1.68883e-07 0.987688 0 0.156434 0.809017 0 0.587785 0.707107 0 0.707107 0.707107 0 0.707107 0.809017 0 0.587785 0.891007 0 0.453991 0.891007 0 0.453991 0.309017 0 0.951057 0.309017 0 0.951057 0.45399 0 0.891007 0.45399 0 0.891007 0.587785 0 0.809017 0.587785 0 0.809017 0.156435 0 0.987688 0.156435 0 0.987688 5.96244e-09 0 1 5.96244e-09 0 1 -0.156435 0 0.987688 -5.96244e-09 0 1 -5.96244e-09 0 1 -0.587785 0 0.809017 -0.45399 0 0.891007 -0.45399 0 0.891007 -0.309017 0 0.951057 -0.309017 0 0.951057 -0.156435 0 0.987688 -0.809017 0 0.587785 -0.809017 0 0.587785 -0.891007 0 0.453991 -0.587785 0 0.809017 -0.707107 0 0.707107 -0.707107 0 0.707107 -0.951057 0 0.309017 -0.951057 0 0.309017 -0.987688 0 0.156435 -0.891007 0 0.453991 -1 0 6.95355e-08 -0.987688 0 0.156434 -1 -0 -1.68883e-07 1 0 0 1 0 0 1 0 0 1 0 0 -1 0 0 -1 0 0 -1 0 0 -1 0 0 0 1 0 0 1 0 0 1 0 0 1 0 0 1 0 0 1 0 0 1 0 0 1 0 0 1 0 0 1 0 0 1 0 0 1 0 0 1 0 0 1 0 0 1 0 0 1 0 0 1 0 0 1 0 0 1 0 0 1 0 0 1 0 0 1 0 0 1 0 0 1 0 0 1 0 0 1 0 0 1 0 0 1 0 0 1 0 0 1 0 0 1 0 0 1 0 0 1 0 0 1 0 0 1 0 0 1 0 0 1 0 0 1 0 0 1 0 0 1 0 0 1 0 0 1 0 0 1 0 0 1 0 0 1 0 0 1 0 0 1 0 0 1 0 0 0 1 0 0 1 0 0 1 0 0 1 -0 -1 -1.14127e-17 -0 -1 -1.14127e-17 -0 -1 -1.14127e-17 -0 -1 -1.14127e-17 -0 -1 -1.14127e-17 -0 -1 -1.14127e-17 -0 -1 -1.14127e-17 -0 -1 -1.14127e-17 -0 -1 -1.14127e-17 -0 -1 -1.14127e-17 -0 -1 -1.14127e-17 -0 -1 -1.14127e-17 -0 -1 -1.14127e-17 -0 -1 -1.14127e-17 -0 -1 -1.14127e-17 -0 -1 -1.14127e-17 -0 -1 -1.14127e-17 -0 -1 -1.14127e-17 -0 -1 -1.14127e-17 -0 -1 -1.14127e-17 -0 -1 -1.14127e-17 -0 -1 -1.14127e-17 -0 -1 -1.14127e-17 -0 -1 -1.14127e-17 -0 -1 -1.14127e-17 -0 -1 -1.14127e-17 -0 -1 -1.14127e-17 -0 -1 -1.14127e-17 -0 -1 -1.14127e-17 -0 -1 -1.14127e-17 -0 -1 -1.14127e-17 -0 -1 -1.14127e-17 -0 -1 -1.14127e-17 -0 -1 -1.14127e-17 -0 -1 -1.14127e-17 -0 -1 -1.14127e-17 -0 -1 -1.14127e-17 -0 -1 -1.14127e-17 -0 -1 -1.14127e-17 -0 -1 -1.14127e-17 -0 -1 -1.14127e-17 -0 -1 -1.14127e-17 -0 -1 -1.14127e-17 -0 -1 -1.14127e-17 0 0.891007 -0.453991 0 0.939693 -0.34202 0 0.951057 -0.309017 0 1 1.68883e-07 0 0.987688 -0.156434 0 0.996195 -0.0871558 0 0.707107 -0.707107 0 0.587785 -0.809017 0 0.642788 -0.766044 0 0.819152 -0.573576 0 0.866025 -0.5 0 0.809017 -0.587785 0 0.156435 -0.987688 0 0.258819 -0.965926 0 0.309017 -0.951057 0 0.422618 -0.906308 0 0.45399 -0.891007 0 0.173648 -0.984808 0 0.0871557 -0.996195 0 5.96244e-09 -1 0 5.96244e-09 -1 0 0.34202 -0.939693 0 0.5 -0.866025 0 0.573577 -0.819152 0 0.766044 -0.642788 0 0.707107 -0.707107 0 0.906308 -0.422618 0 0.965926 -0.258819 0 0.984808 -0.173648 0 1 -6.95355e-08 0 0 -1 0 0 -1 0 0 -1 0 0 -1 0 0 -1 0 0 -1 0 0 -1 0 0 -1 0 0 -1 0 0 -1 0 0 -1 0 0 -1 0 0 -1 0 0 -1 0 0 -1 0 0 -1 0 0 -1 0 0 -1 0 0 -1 0 0 -1 0 0 -1 0 0 -1 0 0 -1 0 0 -1 0 0 -1 0 0 -1 0 0 -1 0 0 -1 0 0 -1 0 0 -1 0 0 -1 0 0 -1 0 0 -1 0 0 -1 0 0 -1 0 0 -1 0 0 -1 0 0 -1 0 0 -1 0 0 -1 0 0 -1 0 0 -1 0 0 -1 0 0 -1 0 0 -1 0 0 -1 0 0 -1 0 0 -1 0 0 -1 0 0 -1 0 0 -1 0 0 -1 0 0 -1 0 0 -1 0 0 -1 0 0 -1 0 0 -1 0 0 -1 0 0 -1 0 0 -1 0 0 -1 0 0 -1 0 0 -1 0 0 -1 0 0 -1 0 0 -1 0 0 -1 0 0 -1 0 0 -1 0 0 -1 0 0 -1 0 0 -1 0 0 -1 0 0 -1 0 0 -1 0 0 -1 0 0 -1 0 0 -1 0 0 -1 0 0 -1 0 0 -1 0 0 -1 0 0 -1 0 0 -1 0 0 -1 0 0 -1 0 0 -1 0 0 -1 0 0 -1 0 0 -1 0 0 -1 0 0 -1 0 0 -1 0 0 -1 0 0 -1 0 0 -1 0 0 -1 0 0 -1 0 0 -1 0 0 -1 0 0 -1 0 0 -1 0 0 -1 0 0 -1 0 0 -1 0 0 -1 0 0 -1 0 0 -1 0 0 -1 0 0 -1 0 0 -1 0 0 -1 0 0 -1 0 0 -1 0 0 -1 0 0 -1 0 0 -1 0 0 -1 0 0 -1 0 0 -1 0 0 -1 0.957311 -0.28906 0 0.927889 -0.372856 0 0.905666 -0.423991 0 -0.750672 -0.660675 -0 -0.851529 -0.524307 -0 -0.834236 -0.551407 -0 0.999099 -0.0424412 0 0.988807 -0.149198 0 0.999977 -0.00684752 0 0.892926 0.450204 0 0.956167 0.292823 0 0.911479 0.411347 0 0.9919 0.127018 0 0.961207 0.275828 0 0.990761 0.135618 0 0.977555 -0.210679 0 0.841915 0.53961 0 0.851529 -0.524307 0 0.834237 -0.551407 0 0.803997 0.594633 0 0.750672 -0.660675 0 0.753123 0.657879 0 0.760562 -0.649266 0 0.691939 0.721956 0 0.676962 -0.736018 0 0.646111 0.763243 0 0.62822 -0.778036 0 0.559975 0.82851 0 0.584938 -0.811078 0 0.522464 0.852661 0 0.487695 -0.873014 0 0.48474 -0.874658 0 0.411901 0.911229 0 0.376196 -0.92654 0 0.33314 -0.942877 0 0.25864 -0.965974 0 0.384504 0.923124 0 0.169001 -0.985616 0 0.132452 -0.991189 0 -9.14324e-13 -1 -0 -0 -1 -0 0.251978 0.967733 0 0.23542 0.971894 0 0.0792329 0.996856 0 0.0848059 0.996397 0 -0.0848059 0.996397 0 -0.0793277 0.996849 0 -0.235412 0.971896 0 -0.251978 0.967733 0 -0.411901 0.911228 0 -0.384411 0.923162 0 -0.52231 0.852756 0 -0.559975 0.82851 0 -0.645929 0.763397 0 -0.691939 0.721956 0 -0.803997 0.594633 0 -0.752942 0.658087 0 -0.841759 0.539854 0 -0.892926 0.450204 0 -0.911362 0.411606 0 -0.956167 0.292823 0 -0.9919 0.127018 0 -0.961134 0.276081 0 -0.99073 0.135843 0 -0.999978 -0.0066671 -0 -0.988827 -0.14907 -0 -0.999099 -0.0424415 -0 -0.977555 -0.210679 -0 -0.957331 -0.288992 -0 -0.905663 -0.423998 -0 -0.927889 -0.372856 -0 -0.33314 -0.942877 -0 -0.487695 -0.873014 -0 -0.37656 -0.926392 -0 -0.62822 -0.778036 -0 -0.677463 -0.735557 -0 -0.585234 -0.810864 -0 -0.169001 -0.985616 -0 -0.132741 -0.991151 -0 -0.259163 -0.965833 -0 -0.485041 -0.874491 -0 -0.760746 -0.64905 -0 0.169001 -0.985616 0 1.35811e-22 -1 0 -1.37186e-11 -1 -0 0.62822 -0.778036 0 0.487695 -0.873014 0 0.487695 -0.873014 0 0.33314 -0.942877 0 0.169001 -0.985616 0 0.33314 -0.942877 0 0.851529 -0.524307 0 0.927889 -0.372856 0 0.851529 -0.524307 0 0.62822 -0.778036 0 0.750672 -0.660675 0 0.750672 -0.660675 0 0.999099 -0.0424412 0 0.999099 -0.0424412 0 0.9919 0.127018 0 0.977555 -0.210679 0 0.927889 -0.372857 0 0.977555 -0.210679 0 0.803997 0.594633 0 0.892926 0.450204 0 0.892926 0.450204 0 0.956167 0.292823 0 0.956167 0.292823 0 0.9919 0.127018 0 0.559975 0.82851 0 0.411901 0.911229 0 0.559975 0.82851 0 0.803997 0.594633 0 0.691939 0.721956 0 0.691939 0.721956 0 0.0848059 0.996397 0 0.0848059 0.996397 0 -0.0848059 0.996397 0 0.251978 0.967733 0 0.411901 0.911228 0 0.251978 0.967733 0 -0.559975 0.82851 0 -0.411901 0.911228 0 -0.411901 0.911228 0 -0.251978 0.967733 0 -0.251978 0.967733 0 -0.0848059 0.996397 0 -0.803997 0.594633 0 -0.892926 0.450204 0 -0.803997 0.594633 0 -0.559975 0.82851 0 -0.691939 0.721956 0 -0.691939 0.721956 0 -0.9919 0.127018 0 -0.9919 0.127018 0 -0.999099 -0.0424415 -0 -0.956167 0.292823 0 -0.892926 0.450204 0 -0.956167 0.292823 0 -0.999099 -0.042441 -0 -0.977555 -0.210679 -0 -0.977555 -0.210679 -0 -0.927889 -0.372857 -0 -0.927889 -0.372856 -0 -0.851529 -0.524307 -0 -0.851529 -0.524307 -0 -0.750672 -0.660675 -0 -0.750672 -0.660675 -0 -0.62822 -0.778036 -0 -0.62822 -0.778036 -0 -0.487695 -0.873014 -0 -0.487695 -0.873014 -0 -0.33314 -0.942877 -0 -0.33314 -0.942877 -0 -0.169001 -0.985616 -0 -0.169001 -0.985616 -0 9.00521e-08 0.515038 -0.857167 9.00521e-08 0.515038 -0.857167 -0.0870419 0.50763 -0.857167 0.0870419 0.50763 -0.857167 -0.251181 0.449636 -0.857167 -0.17158 0.485618 -0.857167 -0.386625 0.340273 -0.857167 -0.323557 0.400718 -0.857167 -0.477898 0.192035 -0.857167 -0.43857 0.270038 -0.857167 -0.514574 0.0218587 -0.857167 -0.503478 0.108508 -0.857167 -0.492462 -0.150815 -0.857167 -0.510867 -0.065419 -0.857167 -0.414089 -0.306259 -0.857167 -0.459891 -0.231872 -0.857167 -0.288408 -0.426714 -0.857167 -0.356375 -0.371835 -0.857167 -0.129778 -0.498419 -0.857167 -0.212145 -0.469317 -0.857167 -0.0436783 -0.513183 -0.857167 0.129778 -0.498419 -0.857167 0.0436783 -0.513183 -0.857167 0.288408 -0.426714 -0.857167 0.212145 -0.469317 -0.857167 0.414089 -0.306259 -0.857167 0.356375 -0.371835 -0.857167 0.492462 -0.150815 -0.857167 0.459891 -0.231872 -0.857167 0.514574 0.0218588 -0.857167 0.510867 -0.065419 -0.857167 0.477898 0.192035 -0.857167 0.503478 0.108508 -0.857167 0.386625 0.340273 -0.857167 0.43857 0.270038 -0.857167 0.251181 0.449636 -0.857167 0.323557 0.400718 -0.857167 0.17158 0.485618 -0.857167 0.169001 0.985616 0 1.35811e-22 1 0 -1.37186e-11 1 0 0.62822 0.778036 0 0.487695 0.873014 0 0.487695 0.873014 0 0.33314 0.942877 0 0.169001 0.985616 0 0.33314 0.942877 0 0.851529 0.524307 0 0.927889 0.372856 0 0.851529 0.524307 0 0.62822 0.778036 0 0.750672 0.660675 0 0.750672 0.660675 0 0.999099 0.0424412 0 0.999099 0.0424412 0 0.9919 -0.127018 0 0.977555 0.210679 0 0.927889 0.372857 0 0.977555 0.210679 0 0.803997 -0.594633 0 0.892926 -0.450204 0 0.892926 -0.450204 0 0.956167 -0.292823 0 0.956167 -0.292823 0 0.9919 -0.127018 0 0.559975 -0.82851 0 0.411901 -0.911229 0 0.559975 -0.82851 0 0.803997 -0.594633 0 0.691939 -0.721956 0 0.691939 -0.721956 0 0.0848059 -0.996397 0 0.0848059 -0.996397 0 -0.0848059 -0.996397 -0 0.251978 -0.967733 0 0.411901 -0.911228 0 0.251978 -0.967733 0 -0.559975 -0.82851 -0 -0.411901 -0.911228 -0 -0.411901 -0.911228 -0 -0.251978 -0.967733 -0 -0.251978 -0.967733 -0 -0.0848059 -0.996397 -0 -0.803997 -0.594633 -0 -0.892926 -0.450204 -0 -0.803997 -0.594633 -0 -0.559975 -0.82851 -0 -0.691939 -0.721956 -0 -0.691939 -0.721956 -0 -0.9919 -0.127018 -0 -0.9919 -0.127018 -0 -0.999099 0.0424415 0 -0.956167 -0.292823 -0 -0.892926 -0.450204 -0 -0.956167 -0.292823 -0 -0.999099 0.042441 0 -0.977555 0.210679 0 -0.977555 0.210679 0 -0.927889 0.372857 0 -0.927889 0.372856 0 -0.851529 0.524307 0 -0.851529 0.524307 0 -0.750672 0.660675 0 -0.750672 0.660675 0 -0.62822 0.778036 0 -0.62822 0.778036 0 -0.487695 0.873014 0 -0.487695 0.873014 0 -0.33314 0.942877 0 -0.33314 0.942877 0 -0.169001 0.985616 0 -0.169001 0.985616 0 9.60329e-23 0.707107 -0.707107 0.119502 0.696936 -0.707107 0.119502 0.696936 -0.707107 0.344852 0.617314 -0.707107 0.235565 0.666715 -0.707107 0.235565 0.666715 -0.707107 0.602122 0.370741 -0.707107 0.530805 0.467168 -0.707107 0.530805 0.467168 -0.707107 0.444219 0.550154 -0.707107 0.444219 0.550154 -0.707107 0.344852 0.617314 -0.707107 0.691236 0.148973 -0.707107 0.70647 0.0300105 -0.707107 0.691236 0.148973 -0.707107 0.602122 0.370741 -0.707107 0.656117 0.263649 -0.707107 0.656117 0.263649 -0.707107 0.676112 -0.207057 -0.707107 0.676112 -0.207057 -0.707107 0.631394 -0.318342 -0.707107 0.70138 -0.0898151 -0.707107 0.70647 0.0300105 -0.707107 0.70138 -0.0898152 -0.707107 0.395962 -0.585845 -0.707107 0.489275 -0.5105 -0.707107 0.489275 -0.5105 -0.707107 0.568512 -0.420469 -0.707107 0.568512 -0.420469 -0.707107 0.631394 -0.318342 -0.707107 0.178175 -0.684291 -0.707107 0.0599669 -0.704559 -0.707107 0.178175 -0.684291 -0.707107 0.395962 -0.585845 -0.707107 0.291258 -0.644336 -0.707107 0.291258 -0.644336 -0.707107 -0.178175 -0.684291 -0.707107 -0.178175 -0.684291 -0.707107 -0.291258 -0.644336 -0.707107 -0.0599668 -0.704559 -0.707107 0.0599669 -0.704559 -0.707107 -0.0599668 -0.704559 -0.707107 -0.568512 -0.420469 -0.707107 -0.489275 -0.5105 -0.707107 -0.489275 -0.5105 -0.707107 -0.395962 -0.585845 -0.707107 -0.395962 -0.585845 -0.707107 -0.291258 -0.644336 -0.707107 -0.676112 -0.207057 -0.707107 -0.70138 -0.0898151 -0.707107 -0.676112 -0.207057 -0.707107 -0.568512 -0.420469 -0.707107 -0.631394 -0.318342 -0.707107 -0.631394 -0.318342 -0.707107 -0.70647 0.0300103 -0.707107 -0.691236 0.148973 -0.707107 -0.70647 0.0300107 -0.707107 -0.70138 -0.0898151 -0.707107 -0.656117 0.263649 -0.707107 -0.691236 0.148973 -0.707107 -0.656117 0.263649 -0.707107 -0.602122 0.370741 -0.707107 -0.530806 0.467167 -0.707107 -0.602122 0.370741 -0.707107 -0.444218 0.550155 -0.707107 -0.530805 0.467168 -0.707107 -0.444219 0.550154 -0.707107 -0.344852 0.617314 -0.707107 -0.235566 0.666715 -0.707107 -0.344852 0.617314 -0.707107 -0.119502 0.696936 -0.707107 -0.235566 0.666715 -0.707107 -0.119502 0.696936 -0.707107 1.23634e-07 0.707107 -0.707107 9.00521e-08 0.515038 -0.857167 9.00521e-08 0.515038 -0.857167 -0.0870419 0.50763 -0.857167 0.0870419 0.50763 -0.857167 -0.251181 0.449636 -0.857167 -0.17158 0.485618 -0.857167 -0.386625 0.340273 -0.857167 -0.323557 0.400718 -0.857167 -0.477898 0.192035 -0.857167 -0.43857 0.270038 -0.857167 -0.514574 0.0218587 -0.857167 -0.503478 0.108508 -0.857167 -0.492462 -0.150815 -0.857167 -0.510867 -0.065419 -0.857167 -0.414089 -0.306259 -0.857167 -0.459891 -0.231872 -0.857167 -0.288408 -0.426714 -0.857167 -0.356375 -0.371835 -0.857167 -0.129778 -0.498419 -0.857167 -0.212145 -0.469317 -0.857167 -0.0436783 -0.513183 -0.857167 0.129778 -0.498419 -0.857167 0.0436783 -0.513183 -0.857167 0.288408 -0.426714 -0.857167 0.212145 -0.469317 -0.857167 0.414089 -0.306259 -0.857167 0.356375 -0.371835 -0.857167 0.492462 -0.150815 -0.857167 0.459891 -0.231872 -0.857167 0.514574 0.0218588 -0.857167 0.510867 -0.065419 -0.857167 0.477898 0.192035 -0.857167 0.503478 0.108508 -0.857167 0.386625 0.340273 -0.857167 0.43857 0.270038 -0.857167 0.251181 0.449636 -0.857167 0.323557 0.400718 -0.857167 0.17158 0.485618 -0.857167 0.169001 0.985616 0 1.35811e-22 1 0 -1.37186e-11 1 0 0.62822 0.778036 0 0.487695 0.873014 0 0.487695 0.873014 0 0.33314 0.942877 0 0.169001 0.985616 0 0.33314 0.942877 0 0.851529 0.524307 0 0.927889 0.372856 0 0.851529 0.524307 0 0.62822 0.778036 0 0.750672 0.660675 0 0.750672 0.660675 0 0.999099 0.0424412 0 0.999099 0.0424412 0 0.9919 -0.127018 0 0.977555 0.210679 0 0.927889 0.372857 0 0.977555 0.210679 0 0.803997 -0.594633 0 0.892926 -0.450204 0 0.892926 -0.450204 0 0.956167 -0.292823 0 0.956167 -0.292823 0 0.9919 -0.127018 0 0.559975 -0.82851 0 0.411901 -0.911229 0 0.559975 -0.82851 0 0.803997 -0.594633 0 0.691939 -0.721956 0 0.691939 -0.721956 0 0.0848059 -0.996397 0 0.0848059 -0.996397 0 -0.0848059 -0.996397 -0 0.251978 -0.967733 0 0.411901 -0.911228 0 0.251978 -0.967733 0 -0.559975 -0.82851 -0 -0.411901 -0.911228 -0 -0.411901 -0.911228 -0 -0.251978 -0.967733 -0 -0.251978 -0.967733 -0 -0.0848059 -0.996397 -0 -0.803997 -0.594633 -0 -0.892926 -0.450204 -0 -0.803997 -0.594633 -0 -0.559975 -0.82851 -0 -0.691939 -0.721956 -0 -0.691939 -0.721956 -0 -0.9919 -0.127018 -0 -0.9919 -0.127018 -0 -0.999099 0.0424415 0 -0.956167 -0.292823 -0 -0.892926 -0.450204 -0 -0.956167 -0.292823 -0 -0.999099 0.042441 0 -0.977555 0.210679 0 -0.977555 0.210679 0 -0.927889 0.372857 0 -0.927889 0.372856 0 -0.851529 0.524307 0 -0.851529 0.524307 0 -0.750672 0.660675 0 -0.750672 0.660675 0 -0.62822 0.778036 0 -0.62822 0.778036 0 -0.487695 0.873014 0 -0.487695 0.873014 0 -0.33314 0.942877 0 -0.33314 0.942877 0 -0.169001 0.985616 0 -0.169001 0.985616 0 9.60329e-23 0.707107 -0.707107 0.119502 0.696936 -0.707107 0.119502 0.696936 -0.707107 0.344852 0.617314 -0.707107 0.235565 0.666715 -0.707107 0.235565 0.666715 -0.707107 0.602122 0.370741 -0.707107 0.530805 0.467168 -0.707107 0.530805 0.467168 -0.707107 0.444219 0.550154 -0.707107 0.444219 0.550154 -0.707107 0.344852 0.617314 -0.707107 0.691236 0.148973 -0.707107 0.70647 0.0300105 -0.707107 0.691236 0.148973 -0.707107 0.602122 0.370741 -0.707107 0.656117 0.263649 -0.707107 0.656117 0.263649 -0.707107 0.676112 -0.207057 -0.707107 0.676112 -0.207057 -0.707107 0.631394 -0.318342 -0.707107 0.70138 -0.0898151 -0.707107 0.70647 0.0300105 -0.707107 0.70138 -0.0898152 -0.707107 0.395962 -0.585845 -0.707107 0.489275 -0.5105 -0.707107 0.489275 -0.5105 -0.707107 0.568512 -0.420469 -0.707107 0.568512 -0.420469 -0.707107 0.631394 -0.318342 -0.707107 0.178175 -0.684291 -0.707107 0.0599669 -0.704559 -0.707107 0.178175 -0.684291 -0.707107 0.395962 -0.585845 -0.707107 0.291258 -0.644336 -0.707107 0.291258 -0.644336 -0.707107 -0.178175 -0.684291 -0.707107 -0.178175 -0.684291 -0.707107 -0.291258 -0.644336 -0.707107 -0.0599668 -0.704559 -0.707107 0.0599669 -0.704559 -0.707107 -0.0599668 -0.704559 -0.707107 -0.568512 -0.420469 -0.707107 -0.489275 -0.5105 -0.707107 -0.489275 -0.5105 -0.707107 -0.395962 -0.585845 -0.707107 -0.395962 -0.585845 -0.707107 -0.291258 -0.644336 -0.707107 -0.676112 -0.207057 -0.707107 -0.70138 -0.0898151 -0.707107 -0.676112 -0.207057 -0.707107 -0.568512 -0.420469 -0.707107 -0.631394 -0.318342 -0.707107 -0.631394 -0.318342 -0.707107 -0.70647 0.0300103 -0.707107 -0.691236 0.148973 -0.707107 -0.70647 0.0300107 -0.707107 -0.70138 -0.0898151 -0.707107 -0.656117 0.263649 -0.707107 -0.691236 0.148973 -0.707107 -0.656117 0.263649 -0.707107 -0.602122 0.370741 -0.707107 -0.530806 0.467167 -0.707107 -0.602122 0.370741 -0.707107 -0.444218 0.550155 -0.707107 -0.530805 0.467168 -0.707107 -0.444219 0.550154 -0.707107 -0.344852 0.617314 -0.707107 -0.235566 0.666715 -0.707107 -0.344852 0.617314 -0.707107 -0.119502 0.696936 -0.707107 -0.235566 0.666715 -0.707107 -0.119502 0.696936 -0.707107 1.23634e-07 0.707107 -0.707107</float_array>
          <technique_common>
            <accessor count="2483" source="#ID7" stride="3">
              <param name="X" type="float"/>
              <param name="Y" type="float"/>
              <param name="Z" type="float"/>
            </accessor>
          </technique_common>
        </source>
        <vertices id="ID8">
          <input semantic="POSITION" source="#ID4"/>
          <input semantic="NORMAL" source="#ID6"/>
        </vertices>
        <triangles count="2313" material="ID9">
          <input offset="0" semantic="VERTEX" source="#ID8"/>
          <p>331 332 333 334 335 336 336 337 338 339 340 337 341 342 343 337 340 338 344 343 345 346 347 348 334 349 350 351 352 353 354 355 348 356 357 358 359 360 361 362 363 358 364 365 366 367 368 369 370 371 372 373 374 375 376 377 378 379 380 381 382 383 363 376 384 382 385 364 386 381 386 364 387 380 379 388 389 390 391 392 393 394 395 396 397 398 399 398 400 401 402 403 404 405 406 402 407 408 409 403 402 410 400 410 401 411 412 413 406 414 399 415 411 416 416 417 418 419 420 417 413 421 391 412 422 421 423 351 424 425 422 415 423 352 351 423 426 352 427 428 429 428 427 426 428 430 429 423 420 419 341 431 342 419 426 423 430 431 341 399 414 432 409 408 433 425 418 434 351 435 424 434 420 424 436 428 437 436 438 428 352 426 427 419 437 426 430 341 429 438 430 428 424 435 434 397 432 392 439 440 419 424 420 423 418 417 420 426 437 428 419 440 437 436 437 440 434 435 425 410 400 396 441 439 417 434 418 420 415 416 418 439 419 417 425 435 422 416 441 417 425 415 418 411 415 412 442 441 416 435 421 422 443 394 444 416 411 442 422 412 415 445 442 411 435 391 421 444 446 447 413 445 411 421 413 412 448 445 413 435 392 391 449 450 451 393 448 413 391 393 413 452 448 393 435 397 392 389 453 446 432 452 393 392 432 393 454 432 414 454 452 432 435 398 397 449 455 456 397 399 432 406 399 401 457 454 414 435 400 398 458 459 455 414 406 457 398 401 399 401 410 402 405 457 406 435 396 400 390 460 461 405 402 462 406 401 402 395 410 396 404 462 402 435 394 396 433 403 409 395 403 410 443 451 395 451 409 403 408 404 433 404 403 433 435 444 394 463 460 464 395 451 403 394 443 395 443 447 449 409 450 465 450 409 451 409 465 407 435 446 444 466 464 387 443 449 451 444 447 443 447 453 455 456 450 449 435 389 446 447 455 449 446 453 447 453 388 458 456 455 459 435 390 389 453 458 455 389 388 453 467 458 461 459 458 468 435 460 390 386 381 380 461 458 388 390 461 388 461 469 467 468 458 467 435 464 460 383 384 385 469 461 463 460 463 461 469 466 470 435 387 464 376 378 365 469 463 466 464 466 463 470 379 471 387 435 380 377 376 372 470 466 379 387 379 466 379 381 472 380 435 386 370 372 362 471 472 473 379 472 471 366 381 364 474 473 472 386 435 385 475 333 356 474 472 366 472 381 366 364 384 365 476 474 366 385 435 383 332 370 357 365 476 366 385 384 364 382 384 383 477 476 365 383 435 363 478 475 479 378 477 365 376 365 384 362 382 363 376 382 372 367 480 378 477 378 480 363 435 358 479 360 481 378 377 367 362 372 382 358 357 362 368 377 482 482 375 368 377 368 367 377 371 482 375 369 368 358 435 356 478 483 331 482 371 484 357 370 362 333 357 356 372 371 377 370 332 484 482 485 373 375 482 373 356 435 475 486 483 481 487 484 488 333 332 357 478 333 475 370 484 371 332 331 488 484 485 482 487 485 484 475 435 479 361 489 490 491 488 492 478 331 333 481 478 479 332 488 484 331 483 492 487 488 491 479 435 360 351 353 435 493 492 494 481 483 478 359 481 360 331 492 488 483 486 494 491 492 493 360 435 361 350 489 495 486 354 494 359 486 481 490 359 361 483 494 492 486 355 354 493 494 496 361 435 489 495 497 335 486 359 355 490 355 359 350 490 489 354 496 494 355 349 348 498 496 354 489 435 495 497 499 500 355 490 349 350 349 490 335 350 495 348 498 354 349 334 346 347 498 348 495 435 497 499 501 502 503 346 338 335 334 350 500 335 497 349 346 348 334 336 338 347 346 503 497 435 499 353 504 501 336 500 505 500 336 335 502 505 500 334 338 346 336 505 337 503 338 340 499 435 501 505 502 506 337 505 507 499 502 500 502 504 506 505 506 507 337 507 344 345 339 344 337 344 339 501 435 353 501 504 502 352 427 504 353 352 504 427 429 506 504 427 506 341 507 429 506 429 507 507 341 344 343 344 341 508 509 510 511 510 512 509 512 510 513 514 511 511 512 513 515 513 516 513 515 514 517 518 516 515 516 518 519 518 517 520 509 508 521 522 520 521 520 508 523 522 524 522 523 520 525 526 524 523 524 526 527 528 526 526 525 527 528 529 530 529 528 527 531 530 532 529 532 530 531 532 533 534 535 536 537 538 539 540 541 542 543 544 545 535 546 547 544 540 545 547 546 548 549 539 538 550 537 539 536 535 551 552 553 554 555 556 557 558 559 560 552 545 542 558 560 561 562 563 564 565 563 562 551 566 565 567 560 559 568 569 570 571 572 573 574 575 576 577 578 579 571 579 580 581 582 577 574 583 570 584 585 586 536 587 588 588 589 590 534 536 590 589 591 592 590 536 588 593 594 595 591 593 592 594 596 597 592 593 595 598 599 600 596 599 597 548 538 547 538 548 549 601 537 550 535 534 546 538 602 547 603 591 569 547 602 566 551 535 566 604 593 603 588 591 589 536 551 587 594 605 596 569 591 588 603 593 591 606 600 596 595 594 597 594 604 605 600 599 596 537 602 538 607 601 550 607 608 601 566 535 547 537 609 602 575 587 551 602 609 563 563 565 566 568 610 603 587 569 588 551 565 575 604 611 605 569 587 570 568 603 569 605 612 606 593 604 594 610 611 604 606 596 605 601 609 537 613 608 607 613 614 608 563 566 602 615 609 601 565 562 576 564 563 609 572 574 616 617 568 583 575 570 587 565 576 575 610 618 611 574 570 575 568 570 583 619 612 611 603 610 604 610 617 618 612 605 611 608 615 601 620 614 613 555 621 564 615 564 609 615 608 622 621 623 562 555 564 615 623 616 576 562 564 621 572 624 583 576 562 623 618 617 625 574 576 616 583 574 572 618 626 619 568 617 610 617 624 625 619 611 618 614 622 608 544 543 620 627 621 557 622 555 615 628 622 614 629 623 627 556 555 622 573 616 629 557 621 555 630 582 581 627 623 621 580 625 624 623 629 616 573 572 616 618 625 626 583 624 617 624 571 580 631 626 625 614 543 628 543 614 620 556 632 633 628 556 622 543 634 628 557 633 635 628 632 556 627 635 636 556 633 557 629 636 581 557 635 627 573 581 577 629 627 636 573 629 581 637 631 580 572 571 624 571 577 579 631 625 580 545 634 543 542 558 638 554 632 634 634 632 628 634 552 554 639 633 632 632 554 639 640 635 633 633 639 640 641 636 635 635 640 641 630 581 636 636 641 630 582 586 578 579 642 637 573 577 571 582 578 577 637 580 579 540 542 545 558 541 559 639 554 643 545 552 634 552 638 553 640 639 644 554 553 643 641 640 645 639 643 644 630 641 646 640 644 645 582 630 647 641 645 646 648 584 586 646 647 630 578 642 579 582 647 586 585 642 578 541 558 542 542 638 552 561 649 638 558 561 638 649 650 553 638 649 553 650 651 643 553 650 643 651 652 644 643 651 644 652 653 645 644 652 645 653 654 646 645 653 646 654 648 647 646 654 647 648 586 647 585 578 586 655 656 657 658 659 657 655 657 659 658 660 661 661 659 658 662 660 663 660 662 661 664 665 663 662 663 665 666 665 664 667 656 655 668 667 669 667 668 656 670 671 669 668 669 671 670 672 673 673 671 670 674 672 675 672 674 673 674 675 676 677 678 679 680 681 682 683 684 685 686 687 688 678 689 690 687 691 688 690 689 692 693 682 681 694 680 682 679 678 695 696 697 698 699 700 701 698 702 703 683 688 697 698 703 704 705 706 707 708 706 705 695 709 708 710 703 702 711 712 713 714 715 716 717 718 719 720 721 722 714 722 723 724 725 720 717 726 713 727 728 729 679 730 731 731 732 733 677 679 733 732 734 735 733 679 731 736 737 738 734 736 735 737 739 740 735 736 738 741 742 743 739 742 740 692 681 690 681 692 693 744 680 694 678 677 689 681 745 690 746 734 712 690 745 709 695 678 709 747 736 746 731 734 732 679 695 730 737 748 739 712 734 731 746 736 734 749 743 739 738 737 740 737 747 748 743 742 739 680 745 681 750 744 694 750 751 744 709 678 690 680 752 745 718 730 695 745 752 706 706 708 709 711 753 746 730 712 731 695 708 718 747 754 748 712 730 713 711 746 712 748 755 749 736 747 737 753 754 747 749 739 748 744 752 680 756 751 750 756 757 751 706 709 745 758 752 744 708 705 719 707 706 752 715 717 759 760 711 726 718 713 730 708 719 718 753 761 754 717 713 718 711 713 726 762 755 754 746 753 747 753 760 761 755 748 754 751 758 744 763 757 756 699 764 707 758 707 752 758 751 765 764 766 705 699 707 758 766 759 719 705 707 764 715 767 726 719 705 766 761 760 768 717 719 759 726 717 715 761 769 762 711 760 753 760 767 768 762 754 761 757 765 751 687 686 763 770 764 701 765 699 758 771 765 757 772 766 770 700 699 765 716 759 772 701 764 699 773 725 724 770 766 764 723 768 767 766 772 759 716 715 759 761 768 769 726 767 760 767 714 723 774 769 768 757 686 771 686 757 763 700 775 776 771 700 765 686 777 771 701 776 778 771 775 700 770 778 779 700 776 701 772 779 724 701 778 770 716 724 720 772 770 779 716 772 724 780 774 723 715 714 767 714 720 722 774 768 723 688 777 686 781 697 691 685 775 777 777 775 771 777 683 685 782 776 775 775 685 782 783 778 776 776 782 783 784 779 778 778 783 784 773 724 779 779 784 773 725 729 721 722 785 780 716 720 714 725 721 720 780 723 722 691 697 688 698 781 702 782 685 786 688 683 777 683 696 684 783 782 787 685 684 786 784 783 788 782 786 787 773 784 789 783 787 788 725 773 790 784 788 789 791 727 729 789 790 773 721 785 722 725 790 729 728 785 721 781 698 697 697 696 683 704 792 696 698 704 696 792 793 684 696 792 684 793 794 786 684 793 786 794 795 787 786 794 787 795 796 788 787 795 788 796 797 789 788 796 789 797 791 790 789 797 790 791 729 790 728 721 729 798 799 800 801 800 802 799 802 800 803 804 801 801 802 803 805 806 804 805 804 803 807 806 808 806 807 804 809 810 808 807 808 810 809 811 812 812 810 809 813 799 798 813 814 815 814 813 798 816 817 814 815 814 817 816 818 819 819 817 816 820 818 821 818 820 819 820 821 822 823 824 825 826 827 828 829 830 831 832 833 834 835 836 837 838 839 840 841 842 843 844 845 846 847 848 849 850 851 852 853 854 855 856 857 852 856 858 859 860 861 859 862 837 863 863 854 864 865 866 867 868 865 869 870 871 872 873 874 875 876 877 878 879 874 880 881 882 883 883 884 885 878 882 881 886 887 888 889 890 891 879 877 870 892 876 893 890 889 894 889 891 895 896 897 898 894 899 890 900 901 902 898 903 896 904 901 905 905 906 907 828 908 826 909 910 907 911 912 913 914 828 913 906 915 916 916 914 912 914 913 912 917 918 919 904 910 920 921 908 915 920 922 902 923 903 924 922 923 925 924 903 898 926 915 918 911 927 912 909 916 912 916 915 914 826 908 921 828 914 908 912 927 909 925 924 900 921 915 926 908 914 915 907 916 909 915 906 918 909 927 910 918 906 928 907 906 916 904 905 907 906 905 928 919 918 929 926 918 917 927 920 910 897 896 899 930 905 901 910 904 907 904 902 901 928 930 929 930 928 905 929 918 928 927 922 920 899 894 897 901 931 932 920 902 904 902 925 900 930 901 932 927 923 922 895 891 872 900 933 931 922 925 902 931 901 900 927 903 923 934 895 892 924 933 900 923 924 925 924 898 935 935 933 924 927 896 903 871 877 876 936 935 898 927 899 896 883 882 884 898 897 936 937 936 897 927 890 899 875 938 939 897 894 937 894 889 940 940 937 894 927 891 890 882 941 942 940 889 934 934 889 895 943 940 934 927 872 891 944 938 866 892 895 871 945 943 934 927 870 872 946 939 947 934 892 945 872 871 895 870 877 871 893 945 892 927 879 870 944 868 947 948 876 881 876 892 871 880 877 879 876 878 881 949 948 881 876 948 893 927 874 879 950 867 836 880 878 877 880 874 873 880 941 878 883 949 881 927 875 874 951 952 953 941 882 878 873 941 880 875 939 873 882 954 884 941 946 942 885 884 887 954 882 942 888 887 884 927 938 875 955 846 953 941 873 946 939 946 873 938 944 939 946 947 956 884 954 888 942 956 957 957 888 954 927 866 938 855 843 958 959 956 960 944 947 939 865 944 866 946 956 942 947 868 960 957 954 942 959 957 956 927 867 866 845 961 850 962 960 963 865 868 944 950 865 867 947 960 956 868 869 963 959 960 962 867 927 836 851 964 852 869 951 963 950 869 865 836 835 950 868 963 960 869 952 951 962 963 965 836 927 837 966 841 825 869 950 952 835 952 950 837 862 835 951 965 963 953 952 955 967 965 951 837 927 863 847 968 964 952 835 955 862 955 835 863 864 862 951 953 967 846 955 844 969 967 953 863 927 854 966 848 847 955 862 844 864 844 862 854 853 864 953 846 969 845 844 961 970 969 846 854 927 855 971 823 972 844 864 961 853 961 864 855 958 853 846 845 970 850 961 851 973 970 845 855 927 843 972 838 974 961 853 851 958 851 853 842 958 843 845 850 973 958 964 851 975 973 850 843 927 841 976 977 978 860 859 858 842 964 958 842 841 966 850 852 975 964 842 847 852 968 856 857 975 852 841 927 825 979 977 980 968 847 849 966 847 842 824 966 825 856 968 858 964 968 852 849 858 968 859 857 856 825 927 823 831 981 839 849 848 978 824 848 966 824 971 976 978 982 849 848 976 978 858 982 983 982 858 849 860 858 983 823 927 972 980 984 985 824 976 848 823 971 824 971 974 977 978 977 986 982 978 987 972 927 838 984 830 988 971 977 976 972 974 971 974 840 980 977 979 986 978 986 987 838 927 839 829 832 989 974 980 977 838 840 974 840 981 984 979 980 985 839 927 831 990 927 911 840 984 980 839 981 840 988 830 989 985 984 991 927 829 831 990 992 833 830 984 981 831 830 981 993 989 834 984 988 991 927 832 829 990 913 992 829 989 830 994 834 992 989 993 988 927 833 832 992 913 828 832 834 989 827 992 828 834 994 993 927 990 833 911 913 990 833 992 834 992 827 994 995 996 997 998 999 1000 1001 1002 1003 1004 1005 1006 1007 1008 1009 1010 1008 1011 1012 1013 1014 1015 998 1014 1009 1016 1017 1016 1018 1019 1020 1004 1006 1021 1022 1023 1020 1024 1004 1025 1024 1020 1026 1003 1002 1025 1027 1028 1028 1027 1029 1026 1002 1005 1030 1031 1029 1032 1003 1026 1003 1033 1034 1035 1036 1037 1033 1032 1036 1035 1033 1036 1037 1038 1039 1032 1033 1003 1040 1041 1042 1039 1038 1042 1043 1034 1044 1045 1043 1046 1047 1045 1046 1048 1049 1050 1051 1052 1053 1054 1055 1056 1057 995 1054 1058 1059 1057 1049 1048 1060 1061 1049 1060 1055 995 997 1037 1039 1035 1042 1041 1039 1062 1041 1040 1039 1063 1035 1064 1006 1000 1035 1063 1044 1034 1033 1044 1065 1020 1064 1002 1006 1005 1003 1034 1001 1025 1066 1027 1000 1006 1002 1064 1020 1006 1067 1030 1027 1024 1025 1028 1025 1065 1066 1030 1029 1027 1041 1063 1039 1068 1062 1040 1068 1069 1062 1044 1033 1035 1041 1070 1063 1012 1001 1034 1063 1070 1046 1046 1043 1044 999 1071 1064 1001 1000 1002 1034 1043 1012 1065 1072 1066 1000 1001 998 999 1064 1000 1066 1073 1067 1020 1065 1025 1071 1072 1065 1067 1027 1066 1062 1070 1041 1074 1069 1068 1074 1075 1069 1046 1044 1063 1076 1070 1062 1043 1045 1013 1047 1046 1070 1011 1014 1077 1078 999 1015 1012 998 1001 1043 1013 1012 1071 1079 1072 1014 998 1012 999 998 1015 1080 1073 1072 1064 1071 1065 1071 1078 1079 1073 1066 1072 1069 1076 1062 1081 1075 1074 1052 1082 1047 1076 1047 1070 1076 1069 1083 1082 1084 1045 1052 1047 1076 1084 1077 1013 1045 1047 1082 1011 1085 1015 1013 1045 1084 1079 1078 1086 1014 1013 1077 1015 1014 1011 1079 1087 1080 999 1078 1071 1078 1085 1086 1080 1072 1079 1075 1083 1069 997 996 1081 1088 1082 1051 1083 1052 1076 1089 1083 1075 1090 1084 1088 1053 1052 1083 1010 1077 1090 1051 1082 1052 1091 1019 1018 1088 1084 1082 1007 1086 1085 1084 1090 1077 1010 1011 1077 1079 1086 1087 1015 1085 1078 1085 1008 1007 1092 1087 1086 1075 996 1089 996 1075 1081 1053 1093 1094 1089 1053 1083 996 1095 1089 1051 1094 1096 1089 1093 1053 1088 1096 1097 1053 1094 1051 1090 1097 1018 1051 1096 1088 1010 1018 1016 1090 1088 1097 1010 1090 1018 1098 1092 1007 1011 1008 1085 1008 1016 1009 1092 1086 1007 995 1095 996 1054 1048 1099 1059 1093 1095 1095 1093 1089 1095 1057 1059 1100 1094 1093 1093 1059 1100 1101 1096 1094 1094 1100 1101 1102 1097 1096 1096 1101 1102 1091 1018 1097 1097 1102 1091 1019 1023 1017 1009 1103 1098 1010 1016 1008 1019 1017 1016 1098 1007 1009 1055 1054 995 1048 1056 1060 1100 1059 1104 995 1057 1095 1057 1099 1058 1101 1100 1105 1059 1058 1104 1102 1101 1106 1100 1104 1105 1091 1102 1107 1101 1105 1106 1019 1091 1108 1102 1106 1107 1109 1021 1023 1107 1108 1091 1017 1103 1009 1019 1108 1023 1022 1103 1017 1056 1048 1054 1054 1099 1057 1050 1110 1099 1048 1050 1099 1110 1111 1058 1099 1110 1058 1111 1112 1104 1058 1111 1104 1112 1113 1105 1104 1112 1105 1113 1114 1106 1105 1113 1106 1114 1115 1107 1106 1114 1107 1115 1109 1108 1107 1115 1108 1109 1023 1108 1022 1017 1023 1116 1117 1118 1119 1120 1118 1116 1118 1120 1119 1121 1122 1122 1120 1119 1123 1121 1124 1121 1123 1122 1125 1126 1124 1123 1124 1126 1127 1126 1125 1128 1117 1116 1129 1128 1130 1128 1129 1117 1131 1132 1130 1129 1130 1132 1131 1133 1134 1134 1132 1131 1135 1133 1136 1133 1135 1134 1135 1136 1137 1138 1139 1140 1138 1141 1142 1142 1139 1138 1143 1141 1144 1141 1143 1142 1145 1146 1144 1143 1144 1146 1145 1147 1148 1148 1146 1145 1147 1149 1148 1150 1140 1139 1151 1150 1152 1150 1151 1140 1153 1154 1152 1151 1152 1154 1153 1155 1156 1156 1154 1153 1157 1155 1158 1155 1157 1156 1157 1158 1159 1160 1161 1162 1163 1164 1165 1166 1167 1168 1169 1170 1171 1161 1172 1173 1170 1166 1171 1161 1174 1162 1175 1163 1165 1172 1176 1173 1165 1164 1177 1178 1179 1180 1181 1182 1183 1184 1185 1186 1178 1171 1168 1184 1186 1187 1188 1189 1190 1191 1189 1188 1174 1192 1191 1193 1186 1185 1194 1195 1196 1197 1198 1199 1200 1201 1202 1203 1204 1205 1197 1205 1206 1207 1208 1203 1200 1209 1196 1210 1211 1212 1162 1213 1214 1214 1215 1216 1160 1162 1216 1215 1217 1218 1216 1162 1214 1219 1220 1221 1217 1219 1218 1220 1222 1223 1218 1219 1221 1224 1225 1226 1222 1225 1223 1176 1164 1173 1164 1176 1177 1227 1163 1175 1161 1160 1172 1164 1228 1173 1229 1217 1195 1173 1228 1192 1174 1161 1192 1230 1219 1229 1214 1217 1215 1162 1174 1213 1220 1231 1222 1195 1217 1214 1229 1219 1217 1232 1226 1222 1221 1220 1223 1220 1230 1231 1226 1225 1222 1163 1228 1164 1233 1227 1175 1233 1234 1227 1192 1161 1173 1163 1235 1228 1201 1213 1174 1228 1235 1189 1189 1191 1192 1194 1236 1229 1213 1195 1214 1174 1191 1201 1230 1237 1231 1195 1213 1196 1194 1229 1195 1231 1238 1232 1219 1230 1220 1236 1237 1230 1232 1222 1231 1227 1235 1163 1239 1234 1233 1239 1240 1234 1189 1192 1228 1241 1235 1227 1191 1188 1202 1190 1189 1235 1198 1200 1242 1243 1194 1209 1201 1196 1213 1191 1202 1201 1236 1244 1237 1200 1196 1201 1194 1196 1209 1245 1238 1237 1229 1236 1230 1236 1243 1244 1238 1231 1237 1234 1241 1227 1246 1240 1239 1181 1247 1190 1241 1190 1235 1241 1234 1248 1247 1249 1188 1181 1190 1241 1249 1242 1202 1188 1190 1247 1198 1250 1209 1202 1188 1249 1244 1243 1251 1200 1202 1242 1209 1200 1198 1244 1252 1245 1194 1243 1236 1243 1250 1251 1245 1237 1244 1240 1248 1234 1170 1169 1246 1253 1247 1183 1248 1181 1241 1254 1248 1240 1255 1249 1253 1182 1181 1248 1199 1242 1255 1183 1247 1181 1256 1208 1207 1253 1249 1247 1206 1251 1250 1249 1255 1242 1199 1198 1242 1244 1251 1252 1209 1250 1243 1250 1197 1206 1257 1252 1251 1240 1169 1254 1169 1240 1246 1182 1258 1259 1254 1182 1248 1169 1260 1254 1183 1259 1261 1254 1258 1182 1253 1261 1262 1182 1259 1183 1255 1262 1207 1183 1261 1253 1199 1207 1203 1255 1253 1262 1199 1255 1207 1263 1257 1206 1198 1197 1250 1197 1203 1205 1257 1251 1206 1171 1260 1169 1168 1184 1264 1180 1258 1260 1260 1258 1254 1260 1178 1180 1265 1259 1258 1258 1180 1265 1266 1261 1259 1259 1265 1266 1267 1262 1261 1261 1266 1267 1256 1207 1262 1262 1267 1256 1208 1212 1204 1205 1268 1263 1199 1203 1197 1208 1204 1203 1263 1206 1205 1166 1168 1171 1184 1167 1185 1265 1180 1269 1171 1178 1260 1178 1264 1179 1266 1265 1270 1180 1179 1269 1267 1266 1271 1265 1269 1270 1256 1267 1272 1266 1270 1271 1208 1256 1273 1267 1271 1272 1274 1210 1212 1272 1273 1256 1204 1268 1205 1208 1273 1212 1211 1268 1204 1167 1184 1168 1168 1264 1178 1187 1275 1264 1184 1187 1264 1275 1276 1179 1264 1275 1179 1276 1277 1269 1179 1276 1269 1277 1278 1270 1269 1277 1270 1278 1279 1271 1270 1278 1271 1279 1280 1272 1271 1279 1272 1280 1274 1273 1272 1280 1273 1274 1212 1273 1211 1204 1212 1281 1282 1283 1284 1285 1286 1287 1288 1289 1290 1291 1292 1293 1294 1295 1296 1294 1297 1298 1299 1300 1301 1284 1300 1295 1302 1303 1302 1304 1305 1306 1290 1292 1307 1308 1309 1306 1310 1290 1311 1310 1306 1312 1289 1288 1311 1313 1314 1314 1313 1315 1312 1288 1291 1316 1317 1315 1318 1289 1312 1289 1319 1320 1321 1322 1323 1319 1318 1322 1321 1319 1322 1323 1324 1325 1318 1319 1289 1326 1327 1328 1325 1324 1328 1329 1320 1330 1331 1329 1332 1333 1331 1332 1334 1335 1336 1337 1338 1339 1340 1341 1342 1343 1281 1340 1344 1345 1343 1335 1334 1346 1347 1335 1346 1341 1281 1283 1323 1325 1321 1328 1327 1325 1348 1327 1326 1325 1349 1321 1350 1292 1286 1321 1349 1330 1320 1319 1330 1351 1306 1350 1288 1292 1291 1289 1320 1287 1311 1352 1313 1286 1292 1288 1350 1306 1292 1353 1316 1313 1310 1311 1314 1311 1351 1352 1316 1315 1313 1327 1349 1325 1354 1348 1326 1354 1355 1348 1330 1319 1321 1327 1356 1349 1298 1287 1320 1349 1356 1332 1332 1329 1330 1285 1357 1350 1287 1286 1288 1320 1329 1298 1351 1358 1352 1286 1287 1284 1285 1350 1286 1352 1359 1353 1306 1351 1311 1357 1358 1351 1353 1313 1352 1348 1356 1327 1360 1355 1354 1360 1361 1355 1332 1330 1349 1362 1356 1348 1329 1331 1299 1333 1332 1356 1297 1300 1363 1364 1285 1301 1298 1284 1287 1329 1299 1298 1357 1365 1358 1300 1284 1298 1285 1284 1301 1366 1359 1358 1350 1357 1351 1357 1364 1365 1359 1352 1358 1355 1362 1348 1367 1361 1360 1338 1368 1333 1362 1333 1356 1362 1355 1369 1368 1370 1331 1338 1333 1362 1370 1363 1299 1331 1333 1368 1297 1371 1301 1299 1331 1370 1365 1364 1372 1300 1299 1363 1301 1300 1297 1365 1373 1366 1285 1364 1357 1364 1371 1372 1366 1358 1365 1361 1369 1355 1283 1282 1367 1374 1368 1337 1369 1338 1362 1375 1369 1361 1376 1370 1374 1339 1338 1369 1296 1363 1376 1337 1368 1338 1377 1305 1304 1374 1370 1368 1293 1372 1371 1370 1376 1363 1296 1297 1363 1365 1372 1373 1301 1371 1364 1371 1294 1293 1378 1373 1372 1361 1282 1375 1282 1361 1367 1339 1379 1380 1375 1339 1369 1282 1381 1375 1337 1380 1382 1375 1379 1339 1374 1382 1383 1339 1380 1337 1376 1383 1304 1337 1382 1374 1296 1304 1302 1376 1374 1383 1296 1376 1304 1384 1378 1293 1297 1294 1371 1294 1302 1295 1378 1372 1293 1281 1381 1282 1340 1334 1385 1345 1379 1381 1381 1379 1375 1381 1343 1345 1386 1380 1379 1379 1345 1386 1387 1382 1380 1380 1386 1387 1388 1383 1382 1382 1387 1388 1377 1304 1383 1383 1388 1377 1305 1309 1303 1295 1389 1384 1296 1302 1294 1305 1303 1302 1384 1293 1295 1341 1340 1281 1334 1342 1346 1386 1345 1390 1281 1343 1381 1343 1385 1344 1387 1386 1391 1345 1344 1390 1388 1387 1392 1386 1390 1391 1377 1388 1393 1387 1391 1392 1305 1377 1394 1388 1392 1393 1395 1307 1309 1393 1394 1377 1303 1389 1295 1305 1394 1309 1308 1389 1303 1342 1334 1340 1340 1385 1343 1336 1396 1385 1334 1336 1385 1396 1397 1344 1385 1396 1344 1397 1398 1390 1344 1397 1390 1398 1399 1391 1390 1398 1391 1399 1400 1392 1391 1399 1392 1400 1401 1393 1392 1400 1393 1401 1395 1394 1393 1401 1394 1395 1309 1394 1308 1303 1309 1402 1403 1404 1402 1405 1406 1406 1403 1402 1407 1405 1408 1405 1407 1406 1409 1410 1408 1407 1408 1410 1409 1411 1412 1412 1410 1409 1411 1413 1412 1414 1404 1403 1415 1414 1416 1414 1415 1404 1417 1418 1416 1415 1416 1418 1417 1419 1420 1420 1418 1417 1421 1419 1422 1419 1421 1420 1421 1422 1423 1424 1425 1426 1424 1427 1428 1428 1425 1424 1429 1427 1430 1427 1429 1428 1431 1432 1430 1429 1430 1432 1431 1433 1434 1434 1432 1431 1433 1435 1434 1436 1426 1425 1437 1436 1438 1436 1437 1426 1439 1440 1438 1437 1438 1440 1439 1441 1442 1442 1440 1439 1443 1441 1444 1441 1443 1442 1443 1444 1445 1446 1447 1448 1449 1450 1451 1452 1453 1454 1455 1456 1457 1458 1459 1460 1461 1459 1462 1463 1464 1465 1466 1449 1465 1460 1467 1468 1467 1469 1470 1471 1455 1457 1472 1473 1474 1471 1475 1455 1476 1475 1471 1477 1454 1453 1476 1478 1479 1479 1478 1480 1477 1453 1456 1481 1482 1480 1483 1454 1477 1454 1484 1485 1486 1487 1488 1484 1483 1487 1486 1484 1487 1488 1489 1490 1483 1484 1454 1491 1492 1493 1494 1495 1496 1490 1489 1493 1485 1497 1494 1498 1499 1500 1501 1496 1495 1502 1503 1504 1505 1506 1507 1508 1498 1509 1446 1500 1506 1510 1508 1509 1498 1508 1511 1512 1446 1448 1488 1490 1486 1493 1492 1490 1513 1492 1491 1490 1514 1486 1515 1457 1451 1486 1514 1497 1485 1484 1497 1516 1471 1515 1453 1457 1456 1454 1485 1452 1476 1517 1478 1451 1457 1453 1515 1471 1457 1518 1481 1478 1475 1476 1479 1476 1516 1517 1481 1480 1478 1492 1514 1490 1519 1513 1491 1519 1520 1513 1497 1484 1486 1492 1521 1514 1463 1452 1485 1514 1521 1495 1495 1494 1497 1450 1522 1515 1452 1451 1453 1485 1494 1463 1516 1523 1517 1451 1452 1449 1450 1515 1451 1517 1524 1518 1471 1516 1476 1522 1523 1516 1518 1478 1517 1513 1521 1492 1525 1520 1519 1525 1526 1520 1495 1497 1514 1527 1521 1513 1494 1496 1464 1501 1495 1521 1462 1465 1528 1529 1450 1466 1463 1449 1452 1494 1464 1463 1522 1530 1523 1465 1449 1463 1450 1449 1466 1531 1524 1523 1515 1522 1516 1522 1529 1530 1524 1517 1523 1520 1527 1513 1532 1526 1525 1502 1533 1501 1527 1501 1521 1527 1520 1534 1533 1535 1496 1502 1501 1527 1535 1528 1464 1496 1501 1533 1462 1536 1466 1464 1496 1535 1530 1529 1537 1465 1464 1528 1466 1465 1462 1530 1538 1531 1450 1529 1522 1529 1536 1537 1531 1523 1530 1526 1534 1520 1448 1447 1532 1539 1533 1504 1534 1502 1527 1540 1534 1526 1541 1535 1539 1503 1502 1534 1461 1528 1541 1504 1533 1502 1542 1470 1469 1539 1535 1533 1458 1537 1536 1535 1541 1528 1461 1462 1528 1530 1537 1538 1466 1536 1529 1536 1459 1458 1543 1538 1537 1526 1447 1540 1447 1526 1532 1503 1544 1545 1540 1503 1534 1447 1546 1540 1504 1545 1547 1540 1544 1503 1539 1547 1548 1503 1545 1504 1541 1548 1469 1504 1547 1539 1461 1469 1467 1541 1539 1548 1461 1541 1469 1549 1543 1458 1462 1459 1536 1459 1467 1460 1543 1537 1458 1446 1546 1447 1550 1500 1512 1505 1544 1546 1546 1544 1540 1546 1506 1505 1551 1545 1544 1544 1505 1551 1552 1547 1545 1545 1551 1552 1553 1548 1547 1547 1552 1553 1542 1469 1548 1548 1553 1542 1470 1474 1468 1460 1554 1549 1461 1467 1459 1470 1468 1467 1549 1458 1460 1512 1500 1446 1498 1550 1509 1551 1505 1555 1446 1506 1546 1506 1499 1507 1552 1551 1556 1505 1507 1555 1553 1552 1557 1551 1555 1556 1542 1553 1558 1552 1556 1557 1470 1542 1559 1553 1557 1558 1560 1472 1474 1558 1559 1542 1468 1554 1460 1470 1559 1474 1473 1554 1468 1550 1498 1500 1500 1499 1506 1511 1561 1499 1498 1511 1499 1561 1562 1507 1499 1561 1507 1562 1563 1555 1507 1562 1555 1563 1564 1556 1555 1563 1556 1564 1565 1557 1556 1564 1557 1565 1566 1558 1557 1565 1558 1566 1560 1559 1558 1566 1559 1560 1474 1559 1473 1468 1474 1567 1568 1569 1570 1571 1569 1567 1569 1571 1572 1570 1573 1572 1571 1570 1574 1573 1575 1570 1575 1573 1575 1576 1577 1577 1574 1575 1576 1578 1577 1568 1567 1579 1580 1581 1568 1568 1579 1580 1582 1583 1581 1582 1581 1580 1584 1583 1585 1583 1584 1581 1586 1584 1587 1585 1587 1584 1588 1589 1586 1586 1587 1588 1590 1589 1588 1589 1591 1592 1591 1589 1590 1593 1592 1594 1591 1594 1592 1593 1594 1595 1596 1597 1598 1599 1600 1601 1596 1602 1601 1603 1604 1605 1600 1606 1605 1607 1608 1609 1610 1608 1611 1612 1613 1614 1615 1614 1607 1616 1617 1618 1616 1618 1613 1619 1617 1620 1617 1619 1618 1621 1622 1620 1619 1620 1622 1623 1624 1622 1622 1621 1623 1625 1624 1623 1612 1614 1615 1613 1618 1614 1608 1607 1611 1609 1615 1607 1611 1604 1603 1611 1603 1610 1600 1599 1606 1604 1600 1605 1601 1597 1596 1599 1601 1602 1626 1627 1628 1629 1630 1626 1631 1632 1633 1634 1631 1628 1635 1636 1637 1633 1638 1639 1640 1641 1642 1643 1642 1636 1644 1645 1646 1641 1647 1646 1648 1649 1645 1645 1644 1648 1649 1650 1651 1650 1649 1648 1651 1652 1653 1650 1652 1651 1654 1655 1653 1651 1653 1655 1641 1640 1647 1646 1645 1641 1636 1642 1637 1643 1640 1642 1637 1639 1638 1637 1638 1635 1631 1634 1632 1639 1631 1633 1628 1629 1626 1634 1628 1627 1656 1657 1658 1659 1660 1661 1662 1663 1664 1665 1666 1667 1668 1669 1670 1671 1672 1673 1669 1674 1675 1674 1669 1668 1676 1675 1677 1674 1677 1675 1672 1671 1670 1671 1668 1670 1664 1663 1673 1664 1673 1672 1662 1666 1665 1662 1665 1663 1667 1657 1656 1666 1657 1667 1661 1658 1659 1656 1658 1661 1678 1679 1680 1681 1682 1683 1684 1685 1686 1687 1688 1689 1690 1691 1692 1693 1694 1695 1694 1693 1696 1697 1698 1695 1693 1695 1698 1699 1698 1697 1696 1687 1689 1689 1694 1696 1692 1691 1688 1692 1688 1687 1690 1682 1681 1690 1681 1691 1683 1685 1684 1682 1685 1683 1678 1686 1679 1684 1686 1678 1700 1701 1702 1700 1703 1701 1704 1705 1706 1704 1706 1707 1708 1709 1710 1711 1712 1713 1714 1711 1715 1711 1716 1717 1718 1719 1711 1711 1720 1721 1716 1711 1721 1711 1722 1723 1720 1711 1723 1711 1724 1725 1722 1711 1725 1724 1711 1714 1715 1726 1727 1726 1715 1711 1711 1717 1728 1719 1712 1711 1729 1730 1711 1718 1711 1730 1731 1732 1711 1711 1732 1729 1728 1733 1711 1711 1733 1731 1734 1735 1728 1717 1734 1728 1728 1735 1736 1709 1737 1738 1737 1709 1739 1740 1709 1741 1709 1738 1741 1742 1743 1709 1742 1709 1740 1709 1744 1745 1743 1744 1709 1709 1745 1736 1709 1736 1746 1747 1708 1710 1748 1749 1709 1709 1749 1710 1750 1751 1709 1709 1751 1748 1752 1753 1709 1709 1753 1750 1754 1755 1709 1709 1755 1752 1736 1735 1746 1709 1746 1754 1756 1757 1758 1756 1759 1757 1760 1761 1762 1763 1764 1765 1760 1766 1761 1767 1768 1760 1760 1768 1766 1769 1767 1760 1770 1760 1771 1770 1769 1760 1772 1760 1773 1772 1771 1760 1774 1773 1760 1775 1764 1776 1777 1778 1779 1780 1779 1778 1781 1782 1778 1781 1778 1777 1778 1783 1784 1782 1783 1778 1778 1784 1785 1786 1787 1778 1786 1778 1785 1764 1778 1788 1789 1790 1764 1775 1791 1764 1792 1765 1764 1789 1764 1763 1793 1776 1764 1791 1792 1764 1778 1787 1788 1793 1764 1788 1788 1773 1774 1773 1788 1787 1794 1774 1760 1795 1796 1794 1794 1796 1774 1797 1798 1794 1794 1798 1795 1799 1800 1794 1794 1800 1797 1801 1802 1794 1794 1802 1799 1794 1803 1801 1804 1805 1806 1807 1808 1809 1810 1811 1812 1813 1814 1815 1816 1817 1818 1819 1820 1818 1821 1816 1822 1821 1817 1816 1823 1822 1824 1816 1824 1822 1818 1825 1819 1818 1817 1825 1811 1820 1826 1820 1819 1826 1827 1812 1811 1827 1811 1826 1828 1810 1829 1829 1810 1812 1815 1828 1813 1828 1815 1810 1814 1830 1804 1814 1804 1815 1805 1831 1806 1830 1805 1804 1832 1808 1831 1806 1831 1808 1807 1809 1833 1808 1832 1809 1834 1835 1836 1837 1838 1839 1835 1834 1840 1841 1842 1843 1844 1845 1846 1847 1848 1839 1849 1850 1840 1840 1850 1835 1851 1850 1839 1852 1853 1854 1855 1856 1850 1850 1856 1857 1858 1859 1850 1850 1859 1855 1860 1861 1850 1850 1861 1858 1850 1851 1862 1850 1862 1860 1839 1848 1851 1863 1864 1865 1847 1839 1838 1839 1866 1867 1837 1839 1867 1839 1868 1869 1866 1839 1869 1870 1868 1865 1839 1865 1868 1865 1864 1870 1846 1871 1872 1872 1873 1874 1875 1865 1876 1877 1878 1879 1880 1881 1882 1883 1884 1885 1885 1886 1887 1888 1889 1890 1884 1886 1885 1891 1892 1893 1884 1894 1895 1896 1853 1897 1854 1895 1894 1897 1853 1852 1853 1895 1854 1898 1899 1896 1835 1850 1900 1901 1835 1902 1903 1850 1904 1894 1884 1883 1905 1843 1906 1907 1904 1908 1909 1890 1910 1886 1890 1889 1911 1910 1912 1890 1909 1888 1912 1913 1911 1881 1880 1912 1905 1841 1843 1914 1915 1916 1905 1917 1916 1918 1915 1893 1919 1881 1920 1919 1920 1921 1922 1876 1923 1923 1921 1922 1876 1924 1923 1876 1922 1925 1876 1926 1927 1924 1876 1927 1928 1926 1929 1876 1929 1926 1930 1931 1929 1932 1933 1929 1929 1933 1928 1934 1935 1929 1929 1935 1932 1929 1931 1934 1835 1936 1929 1930 1929 1936 1937 1938 1835 1835 1938 1936 1939 1940 1835 1835 1940 1937 1941 1942 1835 1835 1942 1939 1943 1944 1835 1835 1944 1941 1871 1873 1872 1891 1844 1892 1945 1946 1876 1876 1946 1875 1876 1925 1945 1922 1921 1920 1881 1919 1882 1912 1880 1913 1910 1911 1909 1947 1841 1877 1879 1948 1877 1886 1889 1887 1907 1949 1878 1908 1949 1907 1899 1898 1943 1896 1897 1898 1835 1901 1899 1943 1835 1899 1908 1904 1857 1902 1835 1900 1950 1951 1850 1850 1951 1900 1904 1850 1857 1850 1903 1950 1878 1949 1879 1877 1948 1947 1841 1947 1842 1916 1917 1914 1905 1906 1917 1916 1915 1918 1918 1893 1892 1846 1892 1844 1845 1871 1846 1873 1863 1874 1952 1874 1865 1863 1865 1874 1953 1954 1865 1865 1954 1952 1875 1953 1865</p>
        </triangles>
        <triangles count="829" material="ID10">
          <input offset="0" semantic="VERTEX" source="#ID8"/>
          <p>0 1 2 2 3 4 5 2 1 4 0 2 6 7 2 6 2 5 8 2 7 9 2 10 8 10 2 9 10 11 12 13 14 15 13 16 13 15 14 17 18 16 15 16 18 17 19 20 20 18 17 21 22 12 12 14 21 22 23 24 23 22 21 25 24 26 23 26 24 25 26 27 28 29 30 29 28 31 32 33 34 35 36 37 35 38 36 39 32 37 35 37 32 40 32 41 32 39 41 34 42 32 32 40 33 42 43 32 44 45 46 47 48 49 50 51 52 53 54 55 56 52 57 51 57 52 53 51 50 56 57 58 54 45 55 50 54 53 44 46 48 55 45 44 47 49 59 48 46 49 60 61 62 60 62 63 64 65 66 67 68 69 70 71 72 65 73 74 75 76 77 78 79 80 81 82 83 84 85 86 87 77 88 89 90 91 92 88 93 68 94 95 96 97 98 99 69 100 101 102 103 104 105 106 107 108 109 110 111 112 113 111 114 115 116 112 117 113 118 105 119 115 106 120 121 109 117 122 108 123 124 100 120 125 94 68 67 103 126 123 127 128 96 128 129 101 130 95 94 90 130 91 90 95 130 131 89 132 133 134 93 135 134 136 97 135 137 71 70 76 99 67 69 125 99 100 121 120 100 104 106 121 119 105 104 116 115 119 110 112 116 114 111 110 118 113 114 122 117 118 107 109 122 124 109 108 126 124 123 102 126 103 129 102 101 127 129 128 98 127 96 137 98 97 136 137 135 133 136 134 92 93 134 87 88 92 75 77 87 71 76 75 72 66 70 73 65 64 64 66 72 78 74 73 80 79 81 80 74 78 83 82 84 80 81 83 85 131 86 82 85 84 89 91 132 131 132 86 138 139 140 141 142 143 144 145 146 139 138 147 138 140 148 149 150 151 147 138 152 153 154 155 156 157 158 156 154 153 141 153 155 159 160 141 155 159 141 161 141 143 153 141 161 162 163 164 163 142 141 164 165 166 164 167 168 144 169 170 169 171 170 144 146 169 172 173 174 174 146 145 175 176 174 174 176 172 175 177 178 177 175 174 179 177 180 179 178 177 181 180 177 174 173 146 171 169 182 166 183 182 182 183 171 164 166 182 164 184 167 182 184 164 164 168 162 164 163 141 156 158 185 154 156 185 157 151 186 186 158 157 151 187 149 157 187 151 152 151 150 152 138 151 188 189 190 191 188 192 191 189 188 193 192 194 188 194 192 195 196 193 193 194 195 197 198 199 189 200 190 190 201 202 200 201 190 203 190 204 202 204 190 197 205 204 203 204 205 206 203 205 207 197 204 197 208 198 199 209 210 211 210 212 209 212 210 213 214 211 211 212 213 215 214 213 210 197 199 197 207 208 206 216 217 203 206 217 218 216 219 216 218 217 218 219 220 221 222 223 223 224 221 225 226 227 228 229 230 227 231 230 232 233 234 233 235 234 236 232 237 236 233 232 238 239 232 237 232 239 240 239 238 241 242 243 244 226 245 228 234 246 235 246 234 228 246 229 228 230 231 231 227 226 225 245 226 245 247 244 248 241 243 247 249 242 242 244 247 243 242 249 250 248 251 248 250 241 250 251 252 252 251 253 254 255 256 256 257 254 258 259 260 261 260 262 259 262 260 262 263 264 264 261 262 265 263 266 263 265 264 267 268 266 265 266 268 269 268 267 270 259 258 271 272 270 271 270 258 273 272 274 272 273 270 275 276 274 273 274 276 277 278 276 276 275 277 279 280 278 279 278 277 281 280 282 280 281 278 281 283 284 282 283 281 281 284 285 285 284 286 287 288 289 290 291 292 293 294 292 295 292 296 295 293 292 289 290 292 296 292 291 287 292 297 287 297 298 288 287 299 287 289 292 300 288 301 288 299 301 302 288 303 288 300 303 304 288 305 288 302 305 306 288 307 288 304 307 308 288 306 309 310 311 312 313 314 313 315 314 316 313 317 313 312 317 318 313 319 313 316 319 320 313 321 313 318 321 313 320 322 311 323 309 313 322 311 324 310 325 310 324 326 327 310 326 328 329 310 328 310 327 310 330 311 330 310 329 311 330 313 1955 1956 1957 1958 1959 1960 1961 1962 1963 1964 1965 1966 1965 1967 1968 1968 1967 1969 1965 1968 1966 1969 1967 1963 1961 1970 1962 1961 1963 1967 1964 1966 1971 1955 1962 1970 1957 1956 1972 1970 1956 1955 1972 1973 1957 1964 1971 1974 1973 1972 1975 1976 1974 1971 1975 1977 1973 1978 1974 1976 1979 1977 1975 1978 1976 1980 1975 1981 1979 1978 1980 1982 1983 1979 1981 1980 1984 1982 1985 1986 1983 1984 1987 1982 1988 1986 1985 1989 1988 1985 1983 1981 1985 1988 1989 1990 1991 1987 1984 1992 1993 1990 1990 1989 1992 1994 1993 1995 1992 1995 1993 1991 1996 1987 1996 1991 1997 1998 1999 1997 1996 1997 1999 2000 1998 2001 1998 2000 1999 2002 2003 2000 2000 2001 2002 2004 2003 2005 2002 2005 2003 2004 2006 2007 2006 2004 2005 2008 2009 2007 2007 2006 2008 2010 2009 2011 2008 2011 2009 2010 2012 2013 2012 2010 2011 2014 2015 2013 2013 2012 2014 2016 2015 2017 2014 2017 2015 2018 2019 2016 2018 2016 2017 2020 2021 2019 2016 2019 2021 2022 2020 2023 2020 2022 2021 2023 2024 2025 2025 2022 2023 1960 1959 2024 2025 2024 1959 2026 2027 2028 2029 2030 2031 1995 2032 2033 2034 2033 2032 1994 1995 2033 2034 2032 2026 2030 2029 1958 2028 2027 2035 2034 2026 2028 2027 2029 2031 2035 2027 2031 1960 2036 1958 2030 1958 2036 2037 2038 2039 2040 2041 2042 2043 2044 2045 2046 2047 2048 2049 2050 2051 2052 2053 2054 2055 2056 2057 2058 2059 2060 2061 2062 2063 2064 2065 2066 2067 2068 2069 2070 2071 2072 2073 2074 2075 2076 2077 2078 2079 2080 2081 2082 2083 2084 2085 2086 2087 2088 2089 2090 2091 2092 2093 2094 2095 2096 2096 2090 2094 2097 2098 2095 2096 2095 2098 2099 2097 2100 2097 2099 2098 2100 2101 2102 2102 2099 2100 2103 2104 2101 2102 2101 2104 2105 2103 2106 2103 2105 2104 2106 2107 2108 2108 2105 2106 2109 2110 2107 2108 2107 2110 2038 2109 2039 2109 2038 2110 2089 2088 2093 2090 2089 2094 2083 2092 2091 2091 2093 2088 2086 2082 2084 2082 2092 2083 2085 2087 2076 2086 2084 2087 2078 2077 2079 2085 2076 2078 2080 2072 2081 2077 2080 2079 2070 2075 2071 2072 2071 2081 2065 2074 2073 2073 2075 2070 2068 2064 2066 2064 2074 2065 2067 2069 2058 2068 2066 2069 2060 2059 2061 2067 2058 2060 2062 2054 2063 2059 2062 2061 2052 2057 2053 2054 2053 2063 2047 2056 2055 2055 2057 2052 2050 2046 2048 2046 2056 2047 2049 2051 2040 2050 2048 2051 2042 2041 2045 2049 2040 2042 2043 2037 2044 2041 2043 2045 2039 2044 2037 2111 2112 2113 2111 2114 2112 2112 2115 2116 2113 2112 2116 2112 2117 2118 2115 2112 2118 2112 2119 2120 2117 2112 2120 2112 2121 2122 2119 2112 2122 2112 2123 2124 2121 2112 2124 2112 2125 2126 2123 2112 2126 2112 2127 2128 2125 2112 2128 2112 2129 2130 2127 2112 2130 2129 2112 2131 2132 2133 2112 2112 2133 2131 2134 2135 2112 2112 2135 2132 2136 2137 2112 2112 2137 2134 2138 2139 2112 2112 2139 2136 2140 2141 2112 2112 2141 2138 2142 2143 2112 2112 2143 2140 2144 2145 2112 2112 2145 2142 2146 2147 2112 2112 2147 2144 2114 2148 2112 2112 2148 2146 2149 2150 2151 2152 2153 2154 2155 2156 2157 2158 2159 2160 2161 2162 2163 2164 2165 2166 2167 2168 2169 2170 2171 2172 2173 2174 2175 2176 2177 2178 2179 2180 2181 2182 2183 2184 2185 2186 2187 2188 2189 2190 2191 2192 2193 2194 2195 2196 2197 2198 2199 2200 2201 2202 2203 2204 2205 2206 2207 2208 2208 2202 2206 2209 2210 2207 2208 2207 2210 2211 2209 2212 2209 2211 2210 2212 2213 2214 2214 2211 2212 2215 2216 2213 2214 2213 2216 2217 2215 2218 2215 2217 2216 2218 2219 2220 2220 2217 2218 2221 2222 2219 2220 2219 2222 2150 2221 2151 2221 2150 2222 2201 2200 2205 2202 2201 2206 2195 2204 2203 2203 2205 2200 2198 2194 2196 2194 2204 2195 2197 2199 2188 2198 2196 2199 2190 2189 2191 2197 2188 2190 2192 2184 2193 2189 2192 2191 2182 2187 2183 2184 2183 2193 2177 2186 2185 2185 2187 2182 2180 2176 2178 2176 2186 2177 2179 2181 2170 2180 2178 2181 2172 2171 2173 2179 2170 2172 2174 2166 2175 2171 2174 2173 2164 2169 2165 2166 2165 2175 2159 2168 2167 2167 2169 2164 2162 2158 2160 2158 2168 2159 2161 2163 2152 2162 2160 2163 2154 2153 2157 2161 2152 2154 2155 2149 2156 2153 2155 2157 2151 2156 2149 2223 2224 2225 2226 2227 2228 2229 2230 2231 2232 2233 2234 2235 2236 2237 2238 2239 2240 2241 2242 2243 2244 2245 2246 2247 2248 2249 2250 2251 2252 2253 2254 2255 2256 2257 2258 2259 2260 2261 2262 2263 2264 2265 2266 2267 2268 2269 2270 2271 2272 2273 2274 2275 2276 2277 2278 2279 2279 2280 2277 2281 2282 2278 2279 2278 2282 2283 2281 2284 2281 2283 2282 2284 2285 2286 2286 2283 2284 2287 2288 2285 2286 2285 2288 2289 2287 2290 2287 2289 2288 2290 2291 2292 2292 2289 2290 2293 2294 2291 2292 2291 2294 2295 2293 2296 2293 2295 2294 2223 2295 2296 2280 2272 2277 2276 2271 2273 2273 2272 2280 2265 2275 2274 2275 2271 2276 2267 2266 2269 2265 2274 2266 2268 2270 2261 2267 2269 2268 2259 2262 2260 2270 2259 2261 2263 2254 2264 2262 2264 2260 2258 2253 2255 2255 2254 2263 2247 2257 2256 2257 2253 2258 2249 2248 2251 2247 2256 2248 2250 2252 2243 2249 2251 2250 2241 2244 2242 2252 2241 2243 2245 2236 2246 2244 2246 2242 2240 2235 2237 2237 2236 2245 2229 2239 2238 2239 2235 2240 2231 2230 2233 2229 2238 2230 2232 2234 2226 2231 2233 2232 2227 2225 2228 2234 2227 2226 2223 2296 2224 2225 2224 2228 2297 2298 2299 2297 2300 2298 2298 2301 2302 2299 2298 2302 2298 2303 2304 2301 2298 2304 2298 2305 2306 2303 2298 2306 2298 2307 2308 2305 2298 2308 2298 2309 2310 2307 2298 2310 2298 2311 2312 2309 2298 2312 2298 2313 2314 2311 2298 2314 2298 2315 2316 2313 2298 2316 2315 2298 2317 2318 2319 2298 2298 2319 2317 2320 2321 2298 2298 2321 2318 2322 2323 2298 2298 2323 2320 2324 2325 2298 2298 2325 2322 2326 2327 2298 2298 2327 2324 2328 2329 2298 2298 2329 2326 2330 2331 2298 2298 2331 2328 2332 2333 2298 2298 2333 2330 2300 2334 2298 2298 2334 2332 2335 2336 2337 2338 2339 2340 2341 2342 2343 2344 2345 2346 2347 2348 2349 2350 2351 2352 2353 2354 2355 2356 2357 2358 2359 2360 2361 2362 2363 2364 2365 2366 2367 2368 2369 2370 2371 2372 2373 2374 2375 2376 2377 2378 2379 2380 2381 2382 2383 2384 2385 2386 2387 2388 2389 2390 2391 2392 2393 2394 2394 2388 2392 2395 2396 2393 2394 2393 2396 2397 2395 2398 2395 2397 2396 2398 2399 2400 2400 2397 2398 2401 2402 2399 2400 2399 2402 2403 2401 2404 2401 2403 2402 2404 2405 2406 2406 2403 2404 2407 2408 2405 2406 2405 2408 2336 2407 2337 2407 2336 2408 2387 2386 2391 2388 2387 2392 2381 2390 2389 2389 2391 2386 2384 2380 2382 2380 2390 2381 2383 2385 2374 2384 2382 2385 2376 2375 2377 2383 2374 2376 2378 2370 2379 2375 2378 2377 2368 2373 2369 2370 2369 2379 2363 2372 2371 2371 2373 2368 2366 2362 2364 2362 2372 2363 2365 2367 2356 2366 2364 2367 2358 2357 2359 2365 2356 2358 2360 2352 2361 2357 2360 2359 2350 2355 2351 2352 2351 2361 2345 2354 2353 2353 2355 2350 2348 2344 2346 2344 2354 2345 2347 2349 2338 2348 2346 2349 2340 2339 2343 2347 2338 2340 2341 2335 2342 2339 2341 2343 2337 2342 2335 2409 2410 2411 2412 2413 2414 2415 2416 2417 2418 2419 2420 2421 2422 2423 2424 2425 2426 2427 2428 2429 2430 2431 2432 2433 2434 2435 2436 2437 2438 2439 2440 2441 2442 2443 2444 2445 2446 2447 2448 2449 2450 2451 2452 2453 2454 2455 2456 2457 2458 2459 2460 2461 2462 2463 2464 2465 2465 2466 2463 2467 2468 2464 2465 2464 2468 2469 2467 2470 2467 2469 2468 2470 2471 2472 2472 2469 2470 2473 2474 2471 2472 2471 2474 2475 2473 2476 2473 2475 2474 2476 2477 2478 2478 2475 2476 2479 2480 2477 2478 2477 2480 2481 2479 2482 2479 2481 2480 2409 2481 2482 2466 2458 2463 2462 2457 2459 2459 2458 2466 2451 2461 2460 2461 2457 2462 2453 2452 2455 2451 2460 2452 2454 2456 2447 2453 2455 2454 2445 2448 2446 2456 2445 2447 2449 2440 2450 2448 2450 2446 2444 2439 2441 2441 2440 2449 2433 2443 2442 2443 2439 2444 2435 2434 2437 2433 2442 2434 2436 2438 2429 2435 2437 2436 2427 2430 2428 2438 2427 2429 2431 2422 2432 2430 2432 2428 2426 2421 2423 2423 2422 2431 2415 2425 2424 2425 2421 2426 2417 2416 2419 2415 2424 2416 2418 2420 2412 2417 2419 2418 2413 2411 2414 2420 2413 2412 2409 2482 2410 2411 2410 2414</p>
        </triangles>
      </mesh>
    </geometry>
  </library_geometries>

  <library_visual_scenes>
    <visual_scene id="ID1">
      <node id="ID2">
        <instance_geometry url="#ID3">
          <bind_material>
            <technique_common>
              <instance_material symbol="ID9" target="#ID9"/>
              <instance_material symbol="ID10" target="#ID10"/>
            </technique_common>
          </bind_material>
        </instance_geometry>
      </node>
    </visual_scene>
  </library_visual_scenes>

  <scene>
    <instance_visual_scene url="#ID1"/>
  </scene>

  <library_nodes/>

</COLLADA>
