<?xml version="1.0" encoding="UTF-8" standalone="no" ?>
<COLLADA version="1.4.1" xmlns="http://www.collada.org/2005/11/COLLADASchema">

  <asset>
    <contributor>
      <authoring_tool>ONSHAPE BY PTC INC, 1.214</authoring_tool>
    </contributor>
    <created>2026-04-30T21:57:03</created>
    <modified>2026-04-30T21:57:03</modified>
    <unit meter="1" name="meters"/>
    <up_axis>Z_UP</up_axis>
  </asset>

  <library_materials>
    <material id="ID9" name="ID9">
      <instance_effect url="#ID9-fx"/>
    </material>
    <material id="ID10" name="ID10">
      <instance_effect url="#ID10-fx"/>
    </material>
    <material id="ID11" name="ID11">
      <instance_effect url="#ID11-fx"/>
    </material>
    <material id="ID12" name="ID12">
      <instance_effect url="#ID12-fx"/>
    </material>
    <material id="ID13" name="ID13">
      <instance_effect url="#ID13-fx"/>
    </material>
    <material id="ID14" name="ID14">
      <instance_effect url="#ID14-fx"/>
    </material>
    <material id="ID15" name="ID15">
      <instance_effect url="#ID15-fx"/>
    </material>
  </library_materials>

  <library_effects>
    <effect id="ID9-fx" name="ID9">
      <profile_COMMON>
        <technique sid="COMMON">
          <lambert>
            <diffuse>
              <color sid="diffuse">0.0392157 0.0392157 0.0392157 1</color>
            </diffuse>
            <transparent opaque="A_ONE">
              <color sid="transparent">1 1 1 1</color>
            </transparent>
            <transparency>
              <float sid="transparency">1</float>
            </transparency>
          </lambert>
        </technique>
        <extra>
          <technique profile="OTHER">
            <double_sided>1</double_sided>
          </technique>
        </extra>
      </profile_COMMON>
    </effect>
    <effect id="ID10-fx" name="ID10">
      <profile_COMMON>
        <technique sid="COMMON">
          <lambert>
            <diffuse>
              <color sid="diffuse">0.0980392 0.0980392 0.0980392 1</color>
            </diffuse>
            <transparent opaque="A_ONE">
              <color sid="transparent">1 1 1 1</color>
            </transparent>
            <transparency>
              <float sid="transparency">1</float>
            </transparency>
          </lambert>
        </technique>
        <extra>
          <technique profile="OTHER">
            <double_sided>1</double_sided>
          </technique>
        </extra>
      </profile_COMMON>
    </effect>
    <effect id="ID11-fx" name="ID11">
      <profile_COMMON>
        <technique sid="COMMON">
          <lambert>
            <diffuse>
              <color sid="diffuse">0.52549 0.545098 0.545098 1</color>
            </diffuse>
            <transparent opaque="A_ONE">
              <color sid="transparent">1 1 1 1</color>
            </transparent>
            <transparency>
              <float sid="transparency">1</float>
            </transparency>
          </lambert>
        </technique>
        <extra>
          <technique profile="OTHER">
            <double_sided>1</double_sided>
          </technique>
        </extra>
      </profile_COMMON>
    </effect>
    <effect id="ID12-fx" name="ID12">
      <profile_COMMON>
        <technique sid="COMMON">
          <lambert>
            <diffuse>
              <color sid="diffuse">0.698039 0.698039 0.698039 1</color>
            </diffuse>
            <transparent opaque="A_ONE">
              <color sid="transparent">1 1 1 1</color>
            </transparent>
            <transparency>
              <float sid="transparency">1</float>
            </transparency>
          </lambert>
        </technique>
        <extra>
          <technique profile="OTHER">
            <double_sided>1</double_sided>
          </technique>
        </extra>
      </profile_COMMON>
    </effect>
    <effect id="ID13-fx" name="ID13">
      <profile_COMMON>
        <technique sid="COMMON">
          <lambert>
            <diffuse>
              <color sid="diffuse">0.792157 0.819608 0.929412 1</color>
            </diffuse>
            <transparent opaque="A_ONE">
              <color sid="transparent">1 1 1 1</color>
            </transparent>
            <transparency>
              <float sid="transparency">1</float>
            </transparency>
          </lambert>
        </technique>
        <extra>
          <technique profile="OTHER">
            <double_sided>1</double_sided>
          </technique>
        </extra>
      </profile_COMMON>
    </effect>
    <effect id="ID14-fx" name="ID14">
      <profile_COMMON>
        <technique sid="COMMON">
          <lambert>
            <diffuse>
              <color sid="diffuse">0.8 0.807843 0.8 1</color>
            </diffuse>
            <transparent opaque="A_ONE">
              <color sid="transparent">1 1 1 1</color>
            </transparent>
            <transparency>
              <float sid="transparency">1</float>
            </transparency>
          </lambert>
        </technique>
        <extra>
          <technique profile="OTHER">
            <double_sided>1</double_sided>
          </technique>
        </extra>
      </profile_COMMON>
    </effect>
    <effect id="ID15-fx" name="ID15">
      <profile_COMMON>
        <technique sid="COMMON">
          <lambert>
            <diffuse>
              <color sid="diffuse">0.901961 0.901961 0.901961 1</color>
            </diffuse>
            <transparent opaque="A_ONE">
              <color sid="transparent">1 1 1 1</color>
            </transparent>
            <transparency>
              <float sid="transparency">1</float>
            </transparency>
          </lambert>
        </technique>
        <extra>
          <technique profile="OTHER">
            <double_sided>1</double_sided>
          </technique>
        </extra>
      </profile_COMMON>
    </effect>
  </library_effects>

  <library_geometries>
    <geometry id="ID3">
      <mesh>
        <source id="ID4">
          <float_array count="27969" id="ID5">-0.0135 -0.0201402 0.00704172 -0.0135 -0.0201019 0.00718378 -0.0135 -0.0200544 0.00732382 -0.0135 -0.0193803 0.00827616 -0.0135 -0.0196897 0.007961 -0.0135 -0.0195936 0.00807242 -0.0135 -0.0194902 0.00817765 -0.0135 -0.0192648 0.00836701 -0.0135 -0.0190165 0.00852631 -0.0135 -0.0191429 0.0084508 -0.0135 -0.0199983 0.00745976 -0.0135 -0.0187499 0.00865243 -0.0135 -0.0186116 0.0087023 -0.0135 -0.0183257 0.00877519 -0.0135 -0.0188854 0.00859353 -0.0135 -0.018033 0.00881087 -0.0135 -0.0201893 0.00675078 -0.0135 -0.0201693 0.00689729 -0.0135 -0.0184696 0.00874335 -0.0135 -0.0201997 0.00660418 -0.0135 -0.0175917 0.00879371 -0.0135 -0.0202007 0.00645645 -0.0135 -0.0181804 0.00879769 -0.0135 -0.017162 0.00869255 -0.0135 -0.017024 0.00864067 -0.0135 -0.0201108 0.00587539 -0.0135 -0.0174469 0.00876932 -0.0135 -0.0173028 0.00873535 -0.0135 -0.0201744 0.00616321 -0.0135 -0.0166336 0.00843359 -0.0135 -0.0199478 0.00546491 -0.0135 -0.0167595 0.00851117 -0.0135 -0.0200652 0.00573503 -0.0135 -0.0163988 0.00825597 -0.0135 -0.0197967 0.00521173 -0.0135 -0.0165133 0.00834853 -0.0135 -0.0198761 0.00533542 -0.0135 -0.0195128 0.00487354 -0.0135 -0.0161885 0.00804955 -0.0135 -0.0160935 0.00793637 -0.0135 -0.0196144 0.00497982 -0.0135 -0.015855 0.00756446 -0.0135 -0.0190434 0.0045182 -0.0135 -0.0191693 0.00459577 -0.0135 -0.0159268 0.00769395 -0.0135 -0.0192896 0.00468083 -0.0135 -0.0160061 0.00781763 -0.0135 -0.0186409 0.00433681 -0.0135 -0.0156921 0.00715397 -0.0135 -0.0156558 0.00701164 -0.0135 -0.0189135 0.00444938 -0.0135 -0.0157921 0.0074315 -0.0135 -0.0185001 0.00429401 -0.0135 -0.0182111 0.00423566 -0.0135 -0.0156032 0.00642519 -0.0135 -0.0180644 0.00422051 -0.0135 -0.018356 0.00426005 -0.0135 -0.0156106 0.00672003 -0.0135 -0.0174772 0.00425418 -0.0135 -0.0176225 0.00423168 -0.0135 -0.0177699 0.0042185 -0.0135 -0.0156136 0.00627859 -0.0135 -0.0179169 0.00421474 -0.0135 -0.0159422 0.00531004 -0.0135 -0.017053 0.00437693 -0.0135 -0.0158046 0.0055696 -0.0135 -0.0156627 0.00598764 -0.0135 -0.0157485 0.00570554 -0.0135 -0.0164226 0.00475321 -0.0135 -0.0167864 0.00450306 -0.0135 -0.0161132 0.00506836 -0.0135 -0.0171913 0.00432707 -0.0135 -0.0163126 0.00485171 -0.0135 -0.0162093 0.00495695 -0.0135 -0.0158691 0.00543777 -0.0135 -0.0169175 0.00443583 -0.0135 -0.0157009 0.00584559 -0.0135 -0.016538 0.00466235 -0.0135 -0.01666 0.00457856 -0.0135 -0.0160237 0.00518642 -0.0135 -0.0173333 0.00428602 -0.0135 -0.0156335 0.00613207 -0.0135 -0.0156022 0.00657292 -0.0135 -0.0156285 0.00686616 -0.0135 -0.0187789 0.00438869 -0.0135 -0.0157377 0.00729433 -0.0135 -0.019404 0.00477339 -0.0135 -0.0162901 0.00815582 -0.0135 -0.0197094 0.005093 -0.0135 -0.0200108 0.00559786 -0.0135 -0.0168893 0.00857998 -0.0135 -0.0201471 0.00601773 -0.0135 -0.0201922 0.00630933 -0.0135 -0.0177385 0.00880885 -0.0135 -0.017886 0.00881462 -0.0135 -0.0198607 0.00771932 -0.0135 -0.0199337 0.00759159 -0.0135 -0.0197791 0.00784294 -0.0091 -0.0233091 0.00751801 -0.0091 -0.020359 0.00697353 -0.0091 -0.0233458 0.00729374 -0.0091 -0.0190168 0.00875201 -0.0091 -0.0202275 0.0114985 -0.0091 -0.018877 0.00881647 -0.0091 -0.0191528 0.00867892 -0.0091 -0.0204322 0.0113978 -0.0091 -0.0198078 0.0116737 -0.0091 -0.0187338 0.008872 -0.0091 -0.0208256 0.0111728 -0.0091 -0.020631 0.0112895 -0.0091 -0.0184375 0.0089565 -0.0091 -0.0191547 0.0118699 -0.0091 -0.0189326 0.0119171 -0.0091 -0.021016 0.0110477 -0.0091 -0.0192832 0.00859808 -0.0091 -0.0194091 0.00850883 -0.0091 -0.0184835 0.0119837 -0.0091 -0.0182864 0.0089848 -0.0091 -0.0187093 0.011955 -0.0091 -0.0193756 0.0118133 -0.0091 -0.0185865 0.00891897 -0.0091 -0.0178027 0.0120138 -0.0091 -0.0175756 0.0120049 -0.0091 -0.0178258 0.00901347 -0.0091 -0.0195939 0.0117478 -0.0091 -0.017348 0.0119866 -0.0091 -0.0176716 0.0090041 -0.0091 -0.0180293 0.0120131 -0.0091 -0.0179798 0.00901342 -0.0091 -0.0182562 0.0120031 -0.0091 -0.0172182 0.00891951 -0.0091 -0.016455 0.0118209 -0.0091 -0.0162369 0.0117567 -0.0091 -0.0201044 0.00769658 -0.0091 -0.0226919 0.00921664 -0.0091 -0.0200276 0.00782962 -0.0091 -0.0232632 0.00773991 -0.0091 -0.0203261 0.00712357 -0.0091 -0.0166766 0.0118765 -0.0091 -0.0173678 0.00895701 -0.0091 -0.0168989 0.0119225 -0.0091 -0.0167881 0.00875307 -0.0091 -0.0153968 0.0114112 -0.0091 -0.0151971 0.0113039 -0.0091 -0.0169279 0.0088173 -0.0091 -0.0158109 0.0116019 -0.0091 -0.0156014 0.0115105 -0.0091 -0.0233705 0.00593234 -0.0091 -0.0233898 0.00615904 -0.0091 -0.0203966 0.00635998 -0.0091 -0.0170719 0.00887299 -0.0091 -0.0160223 0.0116837 -0.0091 -0.0203588 0.00605501 -0.0091 -0.0233038 0.00548379 -0.0091 -0.0233418 0.00570768 -0.0091 -0.0203824 0.0062069 -0.0091 -0.013501 0.00981388 -0.0091 -0.0159546 0.00808291 -0.0091 -0.0136417 0.00999382 -0.0091 -0.0166527 0.0086804 -0.0091 -0.0150023 0.0111885 -0.0091 -0.0156995 0.00769832 -0.0091 -0.0131271 0.00924513 -0.0091 -0.013018 0.0090447 -0.0091 -0.0158614 0.00795976 -0.0091 -0.0133682 0.00962885 -0.0091 -0.0157766 0.00783185 -0.0091 -0.0201722 0.00546903 -0.0091 -0.0229771 0.00439651 -0.0091 -0.0202324 0.00561108 -0.0091 -0.016276 0.00841402 -0.0091 -0.0144456 0.0107934 -0.0091 -0.0142725 0.0106476 -0.0091 -0.0126026 0.00798817 -0.0091 -0.0125463 0.00776823 -0.0091 -0.0154772 0.00712545 -0.0091 -0.022885 0.00418788 -0.0091 -0.0226764 0.00378551 -0.0091 -0.0200265 0.00519801 -0.0091 -0.0225593 0.00359009 -0.0091 -0.0160548 0.00819984 -0.0091 -0.0137885 0.0101661 -0.0091 -0.0199414 0.00506961 -0.0091 -0.0223019 0.0032154 -0.0091 -0.022434 0.00339925 -0.0091 -0.0124611 0.00732226 -0.0091 -0.0124324 0.00709594 -0.0091 -0.0154205 0.00682242 -0.0091 -0.0124113 0.00618786 -0.0091 -0.0124294 0.00596136 -0.0091 -0.0154061 0.00636136 -0.0091 -0.0155194 0.00727333 -0.0091 -0.0126682 0.00820654 -0.0091 -0.0196412 0.0047194 -0.0091 -0.0216988 0.00253604 -0.0091 -0.0218593 0.00269562 -0.0091 -0.0124568 0.00573647 -0.0091 -0.0154203 0.00620863 -0.0091 -0.0155188 0.00575796 -0.0091 -0.0154768 0.00590559 -0.0091 -0.0125951 0.0050682 -0.0091 -0.01557 0.00561241 -0.0091 -0.0127322 0.00463613 -0.0091 -0.0128148 0.00442302 -0.0091 -0.0209921 0.00196522 -0.0091 -0.0192818 0.00443033 -0.0091 -0.0208019 0.00184177 -0.0091 -0.0158604 0.00507102 -0.0091 -0.0133524 0.00342357 -0.0091 -0.0134836 0.00323866 -0.0091 -0.0130046 0.00401058 -0.0091 -0.0156299 0.00547054 -0.0091 -0.0129056 0.00421451 -0.0091 -0.0139232 0.00271697 -0.0091 -0.0160537 0.00483072 -0.0091 -0.0137695 0.00288485 -0.0091 -0.0193472 0.00120813 -0.0091 -0.0195648 0.00127229 -0.0091 -0.0185847 0.0041099 -0.0091 -0.0180011 0.00101573 -0.0091 -0.0178234 0.00401597 -0.0091 -0.0177729 0.00101627 -0.0091 -0.0182281 0.00102448 -0.0091 -0.0179781 0.00401586 -0.0091 -0.0175456 0.00102622 -0.0091 -0.0176699 0.00402545 -0.0091 -0.01732 0.00104558 -0.0091 -0.0191274 0.00115315 -0.0091 -0.0184359 0.00407247 -0.0091 -0.0159531 0.00494831 -0.0091 -0.0173656 0.00407285 -0.0091 -0.016647 0.00115966 -0.0091 -0.0168698 0.00111241 -0.0091 -0.0157826 0.00143921 -0.0091 -0.0159948 0.00135586 -0.0091 -0.016926 0.00421289 -0.0091 -0.0188754 0.00421221 -0.0091 -0.0199932 0.00142808 -0.0091 -0.020201 0.00151852 -0.0091 -0.0172166 0.00411034 -0.0091 -0.0162102 0.00128129 -0.0091 -0.0164276 0.00121589 -0.0091 -0.0166507 0.00435012 -0.0091 -0.014976 0.00185724 -0.0091 -0.0151718 0.00173999 -0.0091 -0.0170947 0.00107431 -0.0091 -0.0175175 0.00404435 -0.0091 -0.0126592 0.00485082 -0.0091 -0.0136221 0.00305966 -0.0091 -0.0146026 0.00211397 -0.0091 -0.0147868 0.00198161 -0.0091 -0.0163944 0.00451995 -0.0091 -0.0162741 0.0046169 -0.0091 -0.0142492 0.00240235 -0.0091 -0.0144232 0.00225433 -0.0091 -0.0131118 0.0038111 -0.0091 -0.0156984 0.00533303 -0.0091 -0.0153719 0.00163102 -0.0091 -0.0140831 0.00255613 -0.0091 -0.0161604 0.00472063 -0.0091 -0.0170699 0.00415707 -0.0091 -0.0165197 0.0044313 -0.0091 -0.0155755 0.00153076 -0.0091 -0.0167865 0.00427706 -0.0091 -0.0186795 0.00107006 -0.0091 -0.0181312 0.0040253 -0.0091 -0.018454 0.00104252 -0.0091 -0.018284 0.0040442 -0.0091 -0.0189048 0.00110712 -0.0091 -0.0197811 0.00134601 -0.0091 -0.0187316 0.00415661 -0.0091 -0.0157756 0.00519915 -0.0091 -0.0132285 0.00361438 -0.0091 -0.0204048 0.00161746 -0.0091 -0.0190149 0.00427639 -0.0091 -0.0206062 0.00172585 -0.0091 -0.019151 0.0043494 -0.0091 -0.0213574 0.0022363 -0.0091 -0.0194072 0.00451913 -0.0091 -0.0211766 0.00209619 -0.0091 -0.01254 0.00528872 -0.0091 -0.0215315 0.00238293 -0.0091 -0.0195278 0.00461604 -0.0091 -0.0154439 0.00605637 -0.0091 -0.0124936 0.00551238 -0.0091 -0.0220144 0.00286341 -0.0091 -0.0197483 0.00482985 -0.0091 -0.0124024 0.00641597 -0.0091 -0.0154015 0.00651588 -0.0091 -0.019849 0.00494721 -0.0091 -0.012403 0.00664335 -0.0091 -0.0154063 0.00666969 -0.0091 -0.012413 0.00686963 -0.0091 -0.0154443 0.0069753 -0.0091 -0.0124991 0.00754673 -0.0091 -0.0201038 0.00533165 -0.0091 -0.022785 0.00398477 -0.0091 -0.0155708 0.00741899 -0.0091 -0.0127427 0.00842195 -0.0091 -0.0129174 0.00884022 -0.0091 -0.0128256 0.00863263 -0.0091 -0.0156307 0.00756041 -0.0091 -0.0230605 0.00460866 -0.0091 -0.0132435 0.00943927 -0.0091 -0.0202836 0.00575636 -0.0091 -0.0231348 0.00482316 -0.0091 -0.0232 0.00503999 -0.0091 -0.0232565 0.00526068 -0.0091 -0.0203257 0.00590409 -0.0091 -0.0139426 0.0103325 -0.0091 -0.0161616 0.00830992 -0.0091 -0.014104 0.0104931 -0.0091 -0.014625 0.0109321 -0.0091 -0.0163958 0.00851043 -0.0091 -0.0148105 0.0110638 -0.0091 -0.0165211 0.00859908 -0.0091 -0.0233998 0.00638703 -0.0091 -0.0204014 0.00651468 -0.0091 -0.0234005 0.00661421 -0.0091 -0.0233918 0.00684057 -0.0091 -0.0203966 0.00666908 -0.0091 -0.0233736 0.00706708 -0.0091 -0.0203825 0.00682203 -0.0091 -0.020233 0.00741684 -0.0091 -0.0202839 0.00727217 -0.0091 -0.0230701 0.00839443 -0.0091 -0.0232081 0.00796005 -0.0091 -0.0171224 0.0119592 -0.0091 -0.0175194 0.00898527 -0.0091 -0.020173 0.00755865 -0.0091 -0.0229884 0.00860581 -0.0091 -0.022576 0.00941249 -0.0091 -0.0224515 0.00960447 -0.0091 -0.0227992 0.00901691 -0.0091 -0.0228981 0.0088133 -0.0091 -0.0218808 0.0103113 -0.0091 -0.0197491 0.00819872 -0.0091 -0.0220336 0.0101444 -0.0091 -0.0181328 0.00900395 -0.0091 -0.0198491 0.00808193 -0.0091 -0.0221797 0.0099709 -0.0091 -0.022319 0.00979093 -0.0091 -0.0199424 0.00795844 -0.0091 -0.0213798 0.010775 -0.0091 -0.0212015 0.0109146 -0.0091 -0.0196425 0.0083088 -0.0091 -0.0217195 0.0104733 -0.0091 -0.0215524 0.0106279 -0.0091 -0.0195291 0.00841217 -0.0091 -0.0221621 0.00303679 -0.0091 -0.020019 0.0115905 -0.0091 -0.0231434 0.00817918 -0.0081 -0.0222231 0.00362287 -0.0081 -0.0223413 0.00380789 -0.0081 -0.0225312 0.00354584 -0.0081 -0.0229866 0.00542818 -0.0081 -0.0232406 0.0051948 -0.0081 -0.0229363 0.00521513 -0.0081 -0.0232904 0.00541553 -0.0081 -0.0230278 0.00564263 -0.0081 -0.023331 0.00563749 -0.0081 -0.0230599 0.00585848 -0.0081 -0.0231821 0.00497726 -0.0081 -0.022877 0.00500348 -0.0081 -0.0233622 0.00585984 -0.0081 -0.0230828 0.00607574 -0.0081 -0.023115 0.00476292 -0.0081 -0.022809 0.00479548 -0.0081 -0.0230389 0.00455101 -0.0081 -0.0227324 0.00459083 -0.0081 -0.0233844 0.00608386 -0.0081 -0.0230967 0.00629439 -0.0081 -0.0231014 0.00651445 -0.0081 -0.0233975 0.00630955 -0.0081 -0.0229536 0.00434117 -0.0081 -0.022647 0.00438895 -0.0081 -0.0225529 0.00419014 -0.0081 -0.0228603 0.00413595 -0.0081 -0.0233959 0.00676001 -0.0081 -0.0234014 0.00653561 -0.0081 -0.0227591 0.00393535 -0.0081 -0.0224513 0.00399698 -0.0081 -0.0233812 0.0069845 -0.0081 -0.0233573 0.0072091 -0.0081 -0.0232822 0.00765361 -0.0081 -0.0233242 0.00743317 -0.0081 -0.0226497 0.00373914 -0.0081 -0.0220974 0.00344318 -0.0081 -0.0224056 0.00335846 -0.0081 -0.0222729 0.003177 -0.0081 -0.0219846 0.00283014 -0.0081 -0.0218244 0.00310153 -0.0081 -0.0221331 0.00300144 -0.0081 -0.0219646 0.00326972 -0.0081 -0.0216694 0.00250819 -0.0081 -0.021523 0.00278316 -0.0081 -0.0216766 0.00293864 -0.0081 -0.02183 0.00266565 -0.0081 -0.0213287 0.00221323 -0.0081 -0.0211962 0.0024918 -0.0081 -0.0213629 0.00263429 -0.0081 -0.0215028 0.00235777 -0.0081 -0.0210234 0.00235612 -0.0081 -0.0211491 0.00207608 -0.0081 -0.0206631 0.00210872 -0.0081 -0.020846 0.00222877 -0.0081 -0.0207759 0.00182562 -0.0081 -0.0209648 0.00194688 -0.0081 -0.0203812 0.00160556 -0.0081 -0.0204745 0.00199598 -0.0081 -0.0205809 0.00171164 -0.0081 -0.0201782 0.00150811 -0.0081 -0.0202819 0.00189157 -0.0081 -0.0200856 0.00179571 -0.0081 -0.0199719 0.00141929 -0.0081 -0.0197613 0.00133879 -0.0081 -0.0198849 0.00170792 -0.0081 -0.0195467 0.0012667 -0.0081 -0.0196797 0.0016282 -0.0081 -0.0191123 0.00114966 -0.0081 -0.0188925 0.00110472 -0.0081 -0.0232311 0.00787258 -0.0081 -0.0231708 0.00809007 -0.0081 -0.018671 0.00106884 -0.0081 -0.0184478 0.001042 -0.0081 -0.0182228 0.00102422 -0.0081 -0.0179961 0.0010155 -0.0081 -0.0193304 0.00120365 -0.0081 -0.0231015 0.0083061 0.0081 -0.0231014 0.00651445 0.0081 -0.0234013 0.0065367 0.0081 -0.0233957 0.00676303 0.0081 -0.0231708 0.00809007 0.0081 -0.0231015 0.0083061 0.0081 -0.0224502 0.00399528 0.0081 -0.0226499 0.00373938 0.0081 -0.0227601 0.00393748 0.0081 -0.0222225 0.00362193 0.0081 -0.0225327 0.00354802 0.0081 -0.0223402 0.00380596 0.0081 -0.0232822 0.00765361 0.0081 -0.0232311 0.00787258 0.0081 -0.0233571 0.00721126 0.0081 -0.0233242 0.00743317 0.0081 -0.023381 0.00698788 0.0081 -0.0233977 0.00631132 0.0081 -0.0233312 0.00563905 0.0081 -0.0233626 0.00586304 0.0081 -0.0230599 0.00585848 0.0081 -0.0230828 0.00607574 0.0081 -0.0233847 0.00608713 0.0081 -0.0230967 0.00629439 0.0081 -0.0229359 0.0052131 0.0081 -0.023183 0.00498049 0.0081 -0.0232414 0.00519782 0.0081 -0.0230276 0.0056418 0.0081 -0.0229861 0.00542606 0.0081 -0.0232907 0.00541682 0.0081 -0.0228084 0.00479408 0.0081 -0.0227315 0.00458869 0.0081 -0.0230392 0.00455177 0.0081 -0.0228768 0.00500291 0.0081 -0.0231155 0.00476483 0.0081 -0.0228618 0.00413905 0.0081 -0.0225528 0.00418988 0.0081 -0.0229548 0.00434381 0.0081 -0.0226464 0.00438738 0.0081 -0.0220967 0.00344233 0.0081 -0.0219632 0.00326798 0.0081 -0.0222744 0.00317917 0.0081 -0.0224075 0.00336129 0.0081 -0.0218231 0.00310001 0.0081 -0.0216764 0.0029384 0.0081 -0.0218324 0.00266808 0.0081 -0.0221333 0.00300168 0.0081 -0.0215217 0.00278203 0.0081 -0.0213612 0.00263276 0.0081 -0.0215034 0.00235836 0.0081 -0.0216714 0.00251026 0.0081 -0.0211951 0.00249079 0.0081 -0.0210229 0.0023558 0.0081 -0.0211518 0.00207802 0.0081 -0.0213303 0.00221438 0.0081 -0.0209674 0.00194869 0.0081 -0.0208443 0.00222763 0.0081 -0.0206613 0.00210753 0.0081 -0.020777 0.0018264 0.0081 -0.0202819 0.00189157 0.0081 -0.0203841 0.00160695 0.0081 -0.0204738 0.00199552 0.0081 -0.0205823 0.00171231 0.0081 -0.0201811 0.00150953 0.0081 -0.0200856 0.00179571 0.0081 -0.0198849 0.00170792 0.0081 -0.0199735 0.00142006 0.0081 -0.0196797 0.0016282 0.0081 -0.0197624 0.00133909 0.0081 -0.0219863 0.0028318 0.0081 -0.0195497 0.00126752 0.0081 -0.0191144 0.00115025 0.0081 -0.0188925 0.00110472 0.0081 -0.018671 0.00106884 0.0081 -0.0184478 0.001042 0.0081 -0.0182228 0.00102422 0.0081 -0.0179961 0.0010155 0.0081 -0.0193337 0.00120457 0.0091 -0.0171052 0.00414493 0.0091 -0.0163475 0.00123884 0.0091 -0.0161302 0.0013077 0.0091 -0.0184641 0.00407886 0.0091 -0.0190619 0.00113857 0.0091 -0.0183139 0.00404901 0.0091 -0.0233993 0.00636374 0.0091 -0.0233884 0.00613627 0.0091 -0.0203972 0.00637008 0.0091 -0.016792 0.0011278 0.0091 -0.0165681 0.00117888 0.0091 -0.0174003 0.00406547 0.0091 -0.0181618 0.00402828 0.0091 -0.0186119 0.00106086 0.0091 -0.0183837 0.001036 0.0091 -0.0179279 0.00101476 0.0091 -0.0180097 0.00401707 0.0091 -0.0181557 0.00102064 0.0091 -0.0142212 0.0106019 0.0091 -0.0143955 0.0107522 0.0091 -0.0162247 0.00836888 0.0091 -0.0159739 0.0116657 0.0091 -0.0170029 0.00884758 0.0091 -0.0157597 0.0115805 0.0091 -0.0201465 0.00149388 0.0091 -0.0199361 0.00140493 0.0091 -0.0188995 0.0042226 0.0091 -0.0188382 0.00109506 0.0091 -0.0174445 0.00897253 0.0091 -0.0168545 0.011914 0.0091 -0.0170806 0.011953 0.0091 -0.0161903 0.0117416 0.0091 -0.0171474 0.00889825 0.0091 -0.0195442 0.00463024 0.0091 -0.021663 0.00250232 0.0091 -0.0214933 0.00234957 0.0091 -0.0149496 0.0111554 0.0091 -0.0165917 0.00864407 0.0091 -0.0164637 0.00855987 0.0091 -0.0177476 0.00900988 0.0091 -0.0175344 0.0120024 0.0091 -0.0177641 0.0120128 0.0091 -0.0196562 0.00473399 0.0091 -0.021827 0.00266261 0.0091 -0.0199519 0.00508443 0.0091 -0.0200357 0.00521298 0.0091 -0.0225381 0.00355645 0.0091 -0.0168615 0.00878808 0.0091 -0.0153473 0.0113855 0.0091 -0.0155516 0.0114874 0.0091 -0.0231245 0.00479176 0.0091 -0.0230486 0.00457649 0.0091 -0.0202877 0.00576943 0.0091 -0.0180512 0.00901014 0.0091 -0.0179937 0.0120138 0.0091 -0.0182222 0.0120053 0.0091 -0.0228697 0.00415571 0.0091 -0.0201786 0.00548298 0.0091 -0.0229639 0.00436503 0.0091 -0.0231917 0.00501084 0.0091 -0.0209468 0.00193489 0.0091 -0.020754 0.00181234 0.0091 -0.0193014 0.00444346 0.0091 -0.0204014 0.00652361 0.0091 -0.0203247 0.00712915 0.0091 -0.0232111 0.00794902 0.0091 -0.0232663 0.00772581 0.0091 -0.0233377 0.00568033 0.0091 -0.0232984 0.00545549 0.0091 -0.0203609 0.00606673 0.0091 -0.0213177 0.00220436 0.0091 -0.0202824 0.00727663 0.0091 -0.0231472 0.00816756 0.0091 -0.0179014 0.00901468 0.0091 -0.0211913 0.0109222 0.0091 -0.0194274 0.00849491 0.0091 -0.0193063 0.00858258 0.0091 -0.0166294 0.0118656 0.0091 -0.0172943 0.00893979 0.0091 -0.0220302 0.0101482 0.0091 -0.0198522 0.0080781 0.0091 -0.0197556 0.00819155 0.0091 -0.0233121 0.00750142 0.0091 -0.0203577 0.00698016 0.0091 -0.0233677 0.00590747 0.0091 -0.0203288 0.0059163 0.0091 -0.02325 0.00523296 0.0091 -0.0196523 0.00829913 0.0091 -0.0218761 0.0103162 0.0091 -0.0226932 0.00921432 0.0091 -0.0200273 0.00783011 0.0091 -0.0225767 0.00941136 0.0091 -0.0202093 0.011507 0.0091 -0.0204151 0.0114066 0.0091 -0.0190505 0.00873498 0.0091 -0.0199424 0.00795844 0.0091 -0.0223179 0.00979233 0.0091 -0.0184921 0.00894386 0.0091 -0.0189042 0.0119224 0.0091 -0.0191282 0.0118761 0.0091 -0.0224515 0.00960447 0.0091 -0.0206174 0.0112971 0.0091 -0.0191804 0.00866272 0.0091 -0.0213728 0.0107806 0.0091 -0.0195425 0.00840059 0.0091 -0.0217152 0.0104776 0.0091 -0.0202313 0.00742102 0.0091 -0.0229917 0.00859733 0.0091 -0.023074 0.00838366 0.0091 -0.0228011 0.00901333 0.0091 -0.0201718 0.0075614 0.0091 -0.0201038 0.00769777 0.0091 -0.0233484 0.00727616 0.0091 -0.0233753 0.00705004 0.0091 -0.0203816 0.00682867 0.0091 -0.0229003 0.00880841 0.0091 -0.0203962 0.00667621 0.0091 -0.0234008 0.00659194 0.0091 -0.0233928 0.00682086 0.0091 -0.0210052 0.0110552 0.0091 -0.0208141 0.01118 0.0091 -0.0203837 0.00621784 0.0091 -0.0200002 0.0115984 0.0091 -0.0189154 0.00879979 0.0091 -0.0187775 0.00885616 0.0091 -0.0195694 0.0117556 0.0091 -0.0186363 0.00890421 0.0091 -0.0193495 0.0118206 0.0091 -0.0197869 0.0116812 0.0091 -0.0183466 0.00897473 0.0091 -0.0186775 0.0119595 0.0091 -0.0202377 0.00562489 0.0091 -0.0184495 0.0119873 0.0091 -0.0181996 0.00899683 0.0091 -0.0201115 0.00534609 0.0091 -0.0226566 0.00375099 0.0091 -0.0227671 0.00395075 0.0091 -0.0222754 0.00318051 0.0091 -0.0224106 0.0033657 0.0091 -0.0173072 0.0119824 0.0091 -0.0198608 0.00496205 0.0091 -0.0221333 0.00300179 0.0091 -0.0197619 0.00484485 0.0091 -0.0219843 0.00282954 0.0091 -0.0175954 0.00899586 0.0091 -0.0211351 0.00206584 0.0091 -0.0194254 0.00453293 0.0091 -0.0164088 0.0118082 0.0091 -0.0205569 0.00169819 0.0091 -0.0191722 0.00436184 0.0091 -0.0190375 0.00428773 0.0091 -0.0203539 0.00159186 0.0091 -0.0197227 0.00132499 0.0091 -0.0187575 0.00416589 0.0091 -0.0186115 0.00411765 0.0091 -0.0195051 0.00125376 0.0091 -0.0192842 0.00119147 0.0091 -0.0167247 0.00872044 0.0091 -0.0151466 0.0112749 0.0091 -0.0147595 0.0110289 0.0091 -0.0177033 0.00402256 0.0091 -0.0178564 0.00401515 0.0091 -0.0176992 0.00101848 0.0091 -0.014575 0.0108946 0.0091 -0.0163417 0.00846843 0.0091 -0.0172425 0.00105437 0.0091 -0.0170169 0.0010863 0.0091 -0.0175516 0.00403934 0.0091 -0.01747 0.00103177 0.0091 -0.0140545 0.0104454 0.0091 -0.0161143 0.00826284 0.0091 -0.0172515 0.00410067 0.0091 -0.0138947 0.0102824 0.0091 -0.0135946 0.00993529 0.0091 -0.0160111 0.0081507 0.0091 -0.0159141 0.00803129 0.0091 -0.0137415 0.0101123 0.0091 -0.0159155 0.0013858 0.0091 -0.0157031 0.00147328 0.0091 -0.016961 0.00419831 0.0091 -0.0134559 0.00975303 0.0091 -0.0158251 0.00790701 0.0091 -0.0133254 0.00956582 0.0091 -0.0157439 0.00777763 0.0091 -0.0132026 0.00937281 0.0091 -0.0168215 0.00426001 0.0091 -0.0154954 0.00156896 0.0091 -0.0130872 0.00917401 0.0091 -0.0166857 0.00433029 0.0091 -0.0150938 0.00178536 0.0091 -0.0148987 0.00190684 0.0091 -0.0165536 0.00440912 0.0091 -0.0152925 0.00167285 0.0091 -0.0129804 0.00897099 0.0091 -0.0156704 0.00764267 0.0091 -0.0164278 0.00449522 0.0091 -0.0156057 0.00750435 0.0091 -0.0127937 0.00855417 0.0091 -0.0128828 0.00876479 0.0091 -0.0155495 0.007362 0.0091 -0.012713 0.00833912 0.0091 -0.0155019 0.00721611 0.0091 -0.0126412 0.00812092 0.0091 -0.0147097 0.00203561 0.0091 -0.0145268 0.00217167 0.0091 -0.0161917 0.0046907 0.0091 -0.016307 0.00458922 0.0091 -0.0143496 0.00231544 0.0091 -0.0154342 0.00691788 0.0091 -0.0124823 0.00745374 0.0091 -0.0125262 0.00767905 0.0091 -0.0141773 0.00246758 0.0091 -0.0140122 0.0026259 0.0091 -0.0138543 0.00279039 0.0091 -0.015982 0.00491301 0.0091 -0.0160837 0.00479839 0.0091 -0.0158874 0.00503364 0.0091 -0.013422 0.00332354 0.0091 -0.0158008 0.00515933 0.0091 -0.0124076 0.00677169 0.0091 -0.0124229 0.0069997 0.0091 -0.0154034 0.00661383 0.0091 -0.0135586 0.00314004 0.0091 -0.0137034 0.00296142 0.0091 -0.0132935 0.00351193 0.0091 -0.013173 0.00370546 0.0091 -0.0124016 0.00654235 0.0091 -0.0154021 0.00646024 0.0091 -0.0124052 0.00631212 0.0091 -0.0124732 0.00563018 0.0091 -0.012441 0.00585719 0.0091 -0.0154273 0.00615592 0.0091 -0.0130598 0.00390565 0.0091 -0.0157216 0.00529079 0.0091 -0.0128599 0.00431636 0.0091 -0.0127732 0.00452689 0.0091 -0.0155885 0.00556592 0.0091 -0.0126264 0.00495828 0.0091 -0.0125662 0.00517915 0.0091 -0.0154898 0.00585581 0.0091 -0.0126954 0.00474086 0.0091 -0.0155346 0.00570984 0.0091 -0.0125149 0.00540347 0.0091 -0.0154541 0.00600447 0.0091 -0.0156507 0.00542641 0.0091 -0.0129554 0.00410928 0.0091 -0.0154101 0.00630739 0.0091 -0.0124183 0.0060845 0.0091 -0.0124477 0.00722637 0.0091 -0.0154141 0.00676597 0.0091 -0.0125792 0.00790145 0.0091 -0.0154635 0.0070684 0.0091 -0.0221775 0.00997357 0.0091 -0.0215474 0.0106324 0.0135 -0.0159422 0.00531004 0.0135 -0.0158691 0.00543777 0.0135 -0.0158043 0.00557026 0.0135 -0.0156925 0.00715519 0.0135 -0.0157379 0.00729508 0.0135 -0.0187783 0.00438841 0.0135 -0.0156022 0.00657347 0.0135 -0.0156108 0.00672103 0.0135 -0.0182099 0.00423551 0.0135 -0.0157481 0.00570674 0.0135 -0.0156287 0.00686732 0.0135 -0.0184989 0.00429368 0.0135 -0.0183559 0.00426004 0.0135 -0.0156136 0.00627906 0.0135 -0.0156032 0.00642648 0.0135 -0.0156333 0.00613311 0.0135 -0.019043 0.00451803 0.0135 -0.0158556 0.00756558 0.0135 -0.0191684 0.00459513 0.0135 -0.0189124 0.00444882 0.0135 -0.0160068 0.00781861 0.0135 -0.0160941 0.00793714 0.0135 -0.0194038 0.00477312 0.0135 -0.0192887 0.0046802 0.0135 -0.0197088 0.00509222 0.0135 -0.016291 0.00815673 0.0135 -0.0163991 0.00825624 0.0135 -0.0196139 0.00497937 0.0135 -0.0168905 0.00858054 0.0135 -0.0200104 0.00559711 0.0135 -0.0199473 0.00546379 0.0135 -0.0165142 0.00834917 0.0135 -0.0166345 0.00843423 0.0135 -0.019796 0.00521075 0.0135 -0.020147 0.00601753 0.0135 -0.0201104 0.00587418 0.0135 -0.0173039 0.00873569 0.0135 -0.020065 0.00573429 0.0135 -0.0201921 0.00630833 0.0135 -0.0201742 0.00616204 0.0135 -0.017593 0.00879385 0.0135 -0.0201997 0.00660288 0.0135 -0.0177393 0.00880895 0.0135 -0.0178868 0.00881459 0.0135 -0.0183269 0.00877494 0.0135 -0.0201404 0.0070406 0.0135 -0.0201695 0.00689625 0.0135 -0.0180343 0.00881081 0.0135 -0.0197791 0.00784294 0.0135 -0.0198607 0.00771932 0.0135 -0.0196897 0.007961 0.0135 -0.0200548 0.00732263 0.0135 -0.0187511 0.00865196 0.0135 -0.0191439 0.00845022 0.0135 -0.0188859 0.00859336 0.0135 -0.0190174 0.00852576 0.0135 -0.020102 0.0071835 0.0135 -0.0184706 0.00874313 0.0135 -0.0199985 0.0074591 0.0135 -0.0186121 0.00870209 0.0135 -0.0194908 0.00817719 0.0135 -0.0192651 0.00836682 0.0135 -0.0193813 0.00827533 0.0135 -0.0195936 0.00807242 0.0135 -0.0199337 0.00759159 0.0135 -0.0181806 0.00879768 0.0135 -0.0201893 0.0067503 0.0135 -0.0202007 0.00645589 0.0135 -0.017447 0.00876933 0.0135 -0.0171629 0.00869282 0.0135 -0.0170245 0.00864095 0.0135 -0.0167598 0.00851134 0.0135 -0.0198761 0.00533533 0.0135 -0.0195119 0.00487263 0.0135 -0.0161889 0.00804999 0.0135 -0.0159268 0.00769404 0.0135 -0.0157924 0.00743226 0.0135 -0.01864 0.00433654 0.0135 -0.0156558 0.00701183 0.0135 -0.0180636 0.00422041 0.0135 -0.0179161 0.00421478 0.0135 -0.0177686 0.00421855 0.0135 -0.017476 0.00425442 0.0135 -0.0176223 0.00423169 0.0135 -0.0173323 0.00428623 0.0135 -0.0156624 0.00598876 0.0135 -0.0157008 0.00584587 0.0135 -0.0171908 0.00432727 0.0135 -0.0170518 0.00437741 0.0135 -0.016917 0.004436 0.0135 -0.0167855 0.0045036 0.0135 -0.016659 0.00457915 0.0135 -0.0164216 0.00475404 0.0135 -0.0163121 0.00485217 0.0135 -0.0161132 0.00506836 0.0135 -0.0165378 0.00466254 0.0135 -0.0162093 0.00495695 0.0135 -0.0160237 0.00518642 0.000986864 -0.0131897 0.0195149 0.00192868 -0.0127584 0.0195149 0.00110889 -0.0131167 0.0195149 0.000859156 -0.0132545 0.0195149 0.00122591 -0.013035 0.0195149 0.00133692 -0.0129455 0.0195149 0.00144092 -0.0128489 0.0195149 0.00153876 -0.0127443 0.0195149 0.00162847 -0.012634 0.0195149 0.0017105 -0.0125172 0.0195149 0.00184889 -0.0122688 0.0195149 0.00178419 -0.0123951 0.0195149 0.00195163 -0.0120027 0.0195149 0.00190505 -0.0121371 0.0195149 0.00201603 -0.0117263 0.019515 0.00198862 -0.0118658 0.019515 0.00203386 -0.0115842 0.019515 -0.0011747 -0.0130723 0.0195149 -0.000210363 -0.0137505 0.0195149 -0.00105494 -0.0131504 0.0195149 0.000174099 -0.0134366 0.0195149 0.000315504 -0.0134195 0.0195149 -0.000930743 -0.0132196 0.0195149 -0.000801347 -0.0132802 0.0195149 -0.000532173 -0.0133734 0.0195149 -0.000668661 -0.0133314 0.0195149 -0.000252664 -0.0134283 0.0195149 -0.000393562 -0.0134057 0.0195149 3.17404e-05 -0.0134437 0.0195149 -0.000110806 -0.013441 0.0195149 0.000455602 -0.0133925 0.0195149 0.00059291 -0.013356 0.0195149 0.000727428 -0.01331 0.0195149 0.000859156 -0.0132545 0.0195149 -0.00203386 -0.0112198 0.019515 -0.00213904 -0.0123941 0.0195149 -0.00204157 -0.0113628 0.019515 -0.00203939 -0.011505 0.019515 -0.00202717 -0.0116472 0.019515 -0.00200514 -0.0117881 0.019515 -0.00197351 -0.0119264 0.0195149 -0.00193184 -0.0120635 0.0195149 -0.00188117 -0.0121963 0.0195149 -0.00167513 -0.0125698 0.0195149 -0.00175217 -0.0124506 0.0195149 -0.00182107 -0.0123257 0.0195149 -0.00149606 -0.0127918 0.0195149 -0.00158911 -0.0126843 0.0195149 -0.00128885 -0.0129858 0.0195149 -0.00139597 -0.0128923 0.0195149 -0.0011747 -0.0130723 0.0195149 -0.00190505 -0.010667 0.019515 -0.00192868 -0.0100456 0.019515 -0.00195163 -0.0108013 0.019515 -0.00110889 -0.00968735 0.0195151 -0.000986864 -0.00961438 0.0195151 -0.000859156 -0.00954956 0.0195151 -0.00133692 -0.00985855 0.019515 -0.00122591 -0.00976902 0.019515 -0.00153876 -0.0100597 0.019515 -0.00144092 -0.00995512 0.019515 -0.0017105 -0.0102868 0.019515 -0.00162847 -0.01017 0.019515 -0.00184889 -0.0105352 0.019515 -0.00178419 -0.0104089 0.019515 -0.00198862 -0.0109382 0.019515 -0.00201603 -0.0110777 0.019515 -0.00203386 -0.0112198 0.019515 0.000668661 -0.0094726 0.0195151 0.000210363 -0.00905352 0.0195151 0.000532173 -0.00943062 0.0195151 0.000930743 -0.00958447 0.0195151 0.00105494 -0.00965366 0.0195151 0.0011747 -0.00973174 0.019515 0.000801347 -0.00952386 0.0195151 0.000393562 -0.00939831 0.0195151 0.000252664 -0.00937574 0.0195151 0.000110806 -0.00936303 0.0195151 -3.17404e-05 -0.00936029 0.0195151 -0.000174099 -0.00936747 0.0195151 -0.000455602 -0.00941151 0.0195151 -0.000315504 -0.00938456 0.0195151 -0.000727428 -0.00949401 0.0195151 -0.00059291 -0.00944799 0.0195151 -0.000859156 -0.00954956 0.0195151 0.00175217 -0.0103534 0.019515 0.00213904 -0.0104099 0.019515 0.00167513 -0.0102342 0.019515 0.00204157 -0.0114412 0.019515 0.00203386 -0.0115842 0.019515 0.00202717 -0.0111568 0.019515 0.00203939 -0.011299 0.019515 0.00197351 -0.0108776 0.019515 0.00200514 -0.0110159 0.019515 0.00188117 -0.0106077 0.019515 0.00193184 -0.0107406 0.019515 0.00182107 -0.0104783 0.019515 0.00158911 -0.0101197 0.019515 0.00149606 -0.0100122 0.019515 0.00139597 -0.00991172 0.019515 0.00128885 -0.00981823 0.019515 0.0011747 -0.00973174 0.019515 0.000859156 -0.0132545 0.0195149 -0.000210363 -0.0137505 0.0195149 -0.000210363 -0.0137506 0.0220149 0.00192868 -0.0127586 0.0220149 0.00192868 -0.0127584 0.0195149 0.00203386 -0.0115842 0.019515 0.00192868 -0.0127584 0.0195149 0.00192868 -0.0127586 0.0220149 0.00213904 -0.0104101 0.022015 0.00213904 -0.0104099 0.019515 0.000210363 -0.00905363 0.0220151 0.0011747 -0.00973174 0.019515 0.00213904 -0.0104101 0.022015 0.000210363 -0.00905352 0.0195151 0.00213904 -0.0104099 0.019515 -0.00192868 -0.0100457 0.022015 -0.000859156 -0.00954956 0.0195151 0.000210363 -0.00905363 0.0220151 -0.00192868 -0.0100456 0.019515 0.000210363 -0.00905352 0.0195151 -0.00192868 -0.0100457 0.022015 -0.00203386 -0.0112198 0.019515 -0.00192868 -0.0100456 0.019515 -0.00213904 -0.0123941 0.0195149 -0.00213904 -0.0123942 0.0220149 -0.000210363 -0.0137506 0.0220149 -0.000210363 -0.0137505 0.0195149 -0.0011747 -0.0130723 0.0195149 -0.00213904 -0.0123942 0.0220149 -0.00213904 -0.0123941 0.0195149 -0.000907267 -0.00724997 0.0170152 -0.000475895 -0.00874424 0.0170151 -0.00063273 -0.0087771 0.0170151 0.00407787 -0.010205 0.017015 0.00260487 -0.0106915 0.017015 0.00255835 -0.010539 0.017015 0.00360412 -0.013654 0.0170149 0.00349457 -0.0138206 0.0170149 0.00228226 -0.0128446 0.0170149 0.00176112 -0.0134484 0.0170149 0.00283788 -0.0145656 0.0170148 0.00268587 -0.0146955 0.0170148 0.00269874 -0.0114822 0.017015 0.00269881 -0.0113224 0.017015 0.00424996 -0.0113832 0.017015 0.000320633 -0.00872101 0.0170151 0.00028047 -0.00716124 0.0170152 0.0004796 -0.00717916 0.0170152 0.00264172 -0.0119597 0.0170149 0.00413768 -0.012372 0.0170149 0.00260414 -0.0121149 0.0170149 8.13015e-05 -0.0071527 0.0170152 0.000161848 -0.0087068 0.0170151 1.81935e-06 -0.00870197 0.0170151 0.00268944 -0.0111634 0.017015 0.00424441 -0.0111848 0.017015 0.00216641 -0.00774552 0.0170151 0.00233568 -0.00785136 0.0170151 0.0013747 -0.00907815 0.0170151 0.00150975 -0.00916348 0.0170151 -0.000316303 -0.0071638 0.0170152 -0.000317401 -0.00872068 0.0170151 -0.000515761 -0.00718332 0.0170152 0.0036879 -0.00928959 0.0170151 0.00236538 -0.0101001 0.017015 0.00228396 -0.00996204 0.017015 0.00267065 -0.0110051 0.017015 0.00264242 -0.0108476 0.017015 0.00417199 -0.0105914 0.017015 0.00243817 -0.010242 0.017015 0.00386984 -0.00964517 0.0170151 0.00250267 -0.0103889 0.017015 0.00267005 -0.0118025 0.017015 0.00417885 -0.0121761 0.0170149 0.00420535 -0.010788 0.017015 0.00199316 -0.00958063 0.0170151 0.00322957 -0.00863926 0.0170151 0.00209782 -0.00970224 0.017015 0.00378306 -0.00946539 0.0170151 0.00412953 -0.0103974 0.017015 0.00423285 -0.0117824 0.017015 0.00268923 -0.0116428 0.017015 0.00424602 -0.0115833 0.017015 0.00176408 -0.00935797 0.0170151 0.00163945 -0.00925667 0.0170151 0.00265803 -0.00808572 0.0170151 0.00422954 -0.0109865 0.017015 0.00394781 -0.00982803 0.017015 0.00401701 -0.0100141 0.017015 0.00094194 -0.00887161 0.0170151 0.000789702 -0.00881997 0.0170151 0.00125855 -0.00734262 0.0170152 0.00123398 -0.0090004 0.0170151 0.00199327 -0.00764839 0.0170151 0.0021946 -0.00982912 0.017015 0.00358522 -0.00911975 0.0170151 0.00309691 -0.00849141 0.0170151 0.00188185 -0.00946578 0.0170151 0.00347438 -0.00895441 0.0170151 0.00335539 -0.00879358 0.0170151 0.00280992 -0.00821336 0.0170151 0.00295697 -0.00834939 0.0170151 0.00249995 -0.00796506 0.0170151 0.00109006 -0.00893176 0.0170151 0.0018152 -0.00755917 0.0170151 0.00163222 -0.00747787 0.0170151 0.00144694 -0.00740582 0.0170152 0.00421051 -0.0119798 0.0170149 0.00402903 -0.0127544 0.0170149 0.00255708 -0.0122685 0.0170149 0.000635983 -0.00877791 0.0170151 0.00106664 -0.00728804 0.0170152 0.000676725 -0.00720617 0.0170152 0.000479452 -0.00874489 0.0170151 0.000871846 -0.00724229 0.0170152 0.00236347 -0.0127072 0.0170149 0.00370636 -0.0134817 0.0170149 0.00250142 -0.0124182 0.0170149 0.00396097 -0.0129422 0.0170149 -0.000117283 -0.00715359 0.0170152 -0.000158547 -0.00870657 0.0170151 0.00219272 -0.0129772 0.0170149 0.00337779 -0.0139812 0.0170149 0.00209533 -0.0131046 0.0170149 0.0032532 -0.0141366 0.0170148 0.00199114 -0.0132254 0.0170149 -0.000712124 -0.00721202 0.0170152 0.00187939 -0.0133403 0.0170149 0.00298245 -0.0144296 0.0170148 -0.000786651 -0.0088191 0.0170151 -0.00110127 -0.00729717 0.0170152 0.00252827 -0.014818 0.0170148 0.00163726 -0.0135489 0.0170149 0.00202442 -0.0151387 0.0170148 0.00137138 -0.0137277 0.0170149 0.00219831 -0.0150392 0.0170148 0.00150679 -0.0136423 0.0170149 0.00236582 -0.0149325 0.0170148 0.00108666 -0.0138735 0.0170149 0.00123176 -0.0138046 0.0170149 0.00184708 -0.0152295 0.0170148 -0.000938619 -0.00887036 0.0170151 -0.00129304 -0.00735339 0.0170152 -0.00108697 -0.00893038 0.0170151 -0.00166555 -0.00749198 0.0170151 -0.00148064 -0.00741822 0.0170152 -0.00123111 -0.00899898 0.0170151 -0.00184776 -0.00757466 0.0170151 0.00166631 -0.0153116 0.0170148 0.001481 -0.0153854 0.0170148 0.000938409 -0.0139335 0.0170149 0.000632282 -0.0140268 0.0170149 0.00110121 -0.0155067 0.0170148 0.000908429 -0.0155537 0.0170148 0.000787424 -0.0139845 0.0170149 0.00129207 -0.0154506 0.0170148 0.000318087 -0.0140831 0.0170149 0.000475855 -0.0140596 0.0170149 0.000711893 -0.0155918 0.0170148 -0.00137175 -0.00907638 0.0170151 -0.00202495 -0.00766534 0.0170151 -0.00219732 -0.0077641 0.0170151 -0.00150694 -0.00916159 0.0170151 -0.00236553 -0.0078712 0.0170151 0.000316797 -0.0156401 0.0170148 0.000157974 -0.0140972 0.0170149 0.000514522 -0.0156206 0.0170148 0.000118136 -0.0156502 0.0170148 -1.69593e-06 -0.0141019 0.0170149 -0.00163675 -0.00925465 0.0170151 -0.0025293 -0.00798648 0.0170151 -0.00268592 -0.00810828 0.0170151 -0.00176163 -0.00935579 0.0170151 -8.20271e-05 -0.015651 0.0170148 -0.000161378 -0.014097 0.0170149 -0.00283703 -0.00823759 0.0170151 -0.00187941 -0.00946343 0.0170151 -0.000280965 -0.0156426 0.0170148 -0.0003213 -0.0140827 0.0170149 -0.00199078 -0.00957806 0.0170151 -0.00298264 -0.00837442 0.0170151 -0.00312154 -0.00851774 0.0170151 -0.000478678 -0.0156249 0.0170148 -0.00209588 -0.00969977 0.017015 -0.00325279 -0.0086667 0.0170151 -0.000479188 -0.014059 0.0170149 -0.000676556 -0.0155976 0.0170148 -0.00219262 -0.0098264 0.017015 -0.00228203 -0.009959 0.017015 -0.00349518 -0.00898407 0.0170151 -0.00337734 -0.00882215 0.0170151 -0.000635717 -0.0140259 0.0170149 -0.00106652 -0.0155159 0.0170148 -0.000790426 -0.0139836 0.0170149 -0.000872925 -0.0155612 0.0170148 -0.000941567 -0.0139324 0.0170149 -0.00125736 -0.0154617 0.0170148 -0.00360439 -0.0091501 0.0170151 -0.00236387 -0.0100973 0.017015 -0.00379924 -0.00949733 0.0170151 -0.00243671 -0.010239 0.017015 -0.0014473 -0.0153978 0.0170148 -0.00199274 -0.0151557 0.0170148 -0.00137426 -0.013726 0.0170149 -0.00123461 -0.013803 0.0170149 -0.00163309 -0.0153255 0.0170148 -0.00108997 -0.0138721 0.0170149 -0.00267019 -0.0110018 0.017015 -0.00268911 -0.0111602 0.017015 -0.00421036 -0.0108236 0.017015 -0.00396094 -0.00986142 0.017015 -0.0025013 -0.0103855 0.017015 -0.00255734 -0.0105359 0.017015 -0.00188199 -0.0133378 0.0170149 -0.00309622 -0.0143132 0.0170148 -0.00199338 -0.013223 0.0170149 -0.00233591 -0.0149523 0.0170148 -0.0015098 -0.0136402 0.0170149 -0.00176362 -0.0134463 0.0170149 -0.00281079 -0.0145896 0.0170148 -0.00269885 -0.0114804 0.017015 -0.00424988 -0.011422 0.017015 -0.00269871 -0.0113202 0.017015 -0.00268945 -0.0116397 0.017015 -0.00267059 -0.011799 0.017015 -0.00422955 -0.0118183 0.017015 -0.00295679 -0.0144547 0.0170148 -0.00209738 -0.0131022 0.0170149 -0.00335581 -0.0140097 0.0170149 -0.00219478 -0.0129743 0.0170149 -0.00401733 -0.0127886 0.0170149 -0.00250269 -0.012415 0.0170149 -0.00394783 -0.0129755 0.0170149 -0.00386942 -0.0131598 0.0170149 -0.00243834 -0.0125613 0.0170149 -0.00347399 -0.0138501 0.0170149 -0.00358501 -0.0136843 0.0170149 -0.00236505 -0.0127044 0.0170149 -0.00228405 -0.0128417 0.0170149 -0.00368832 -0.0135133 0.0170149 -0.00378313 -0.0133384 0.0170149 -0.00264243 -0.0119564 0.0170149 -0.00417204 -0.0122116 0.0170149 -0.00407781 -0.0125993 0.0170149 -0.00260498 -0.0121117 0.0170149 -0.00255819 -0.0122653 0.0170149 -0.00412935 -0.0124071 0.0170149 -0.00420544 -0.0120153 0.0170149 -0.00424611 -0.0112228 0.017015 -0.00322989 -0.014164 0.0170148 -0.00423305 -0.0110227 0.017015 -0.00424436 -0.0116206 0.017015 -0.00417865 -0.0106268 0.017015 -0.00264168 -0.010844 0.017015 -0.00413794 -0.0104324 0.017015 -0.00260396 -0.0106884 0.017015 -0.00163985 -0.0135468 0.0170149 -0.00249914 -0.0148395 0.0170148 -0.00265803 -0.014718 0.0170148 -0.00402865 -0.0100485 0.017015 -0.00408788 -0.0102395 0.017015 -0.00216711 -0.0150578 0.0170148 -0.00388475 -0.00967818 0.0170151 -0.00370567 -0.00932109 0.0170151 -0.00181465 -0.015245 0.0170148 0.00388422 -0.0131266 0.0170149 0.00379934 -0.0133064 0.0170149 0.00243687 -0.0125644 0.0170149 0.00312089 -0.0142866 0.0170148 0.00408774 -0.0125648 0.0170149 -0.00213904 -0.0123942 0.0220149 -0.00382407 -0.012575 0.0220149 -0.00376296 -0.0127584 0.0220149 -0.00240523 -0.0145982 0.0220148 -0.00224711 -0.0147112 0.0220148 -0.00321801 -0.0137778 0.0220149 -0.0033297 -0.0136187 0.0220149 -0.00343244 -0.0134559 0.0220149 -0.00309947 -0.0139305 0.0220149 -0.00297417 -0.0140769 0.0220149 -0.00352743 -0.013288 0.0220149 -0.00369335 -0.0129381 0.0220149 -0.00284133 -0.0142175 0.0220148 -0.00270154 -0.0143519 0.0220148 -0.00255617 -0.0144788 0.0220148 -0.00208456 -0.0148159 0.0220148 -0.000210363 -0.0137506 0.0220149 -0.00191778 -0.0149124 0.0220148 -0.00174585 -0.0150009 0.0220148 -0.00156935 -0.0150813 0.0220148 -0.00139009 -0.0151528 0.0220148 -0.00361468 -0.0131149 0.0220149 -0.00120806 -0.0152153 0.0220148 -0.000833316 -0.0153143 0.0220148 -0.00102145 -0.0152694 0.0220148 -0.000643958 -0.0153499 0.0220148 -0.000452438 -0.0153764 0.0220148 -0.00387664 -0.0123879 0.0220149 -0.00391954 -0.0122002 0.0220149 -0.000259242 -0.0153936 0.0220148 -6.64006e-05 -0.0154015 0.0220148 -0.0039534 -0.0120103 0.0220149 -0.00397824 -0.0118181 0.022015 -0.00399377 -0.0116251 0.022015 0.000320016 -0.0153892 0.0220148 0.000126086 -0.0154001 0.0220148 -0.00399982 -0.0114326 0.022015 0.000512409 -0.0153691 0.0220148 0.000892266 -0.0153013 0.0220148 0.00108026 -0.0152534 0.0220148 -0.00192868 -0.0100457 0.022015 -0.00398405 -0.0110453 0.022015 -0.00378319 -0.0101033 0.022015 -0.00384138 -0.0102869 0.022015 0.00126481 -0.0151969 0.0220148 0.00213581 -0.0147841 0.0220148 0.00229728 -0.0146765 0.0220148 0.00192868 -0.0127586 0.0220149 0.00197002 -0.0148834 0.0220148 0.00274613 -0.0143104 0.0220148 0.00260184 -0.0144403 0.0220148 0.00245262 -0.0145619 0.0220148 -0.00288286 -0.00862922 0.0220151 -0.00301409 -0.0087726 0.0220151 0.00288358 -0.0141742 0.0220148 0.0030138 -0.0140321 0.0220149 -0.00229665 -0.00812717 0.0220151 -0.00245246 -0.00824227 0.0220151 0.00313723 -0.0138835 0.0220149 0.00325385 -0.0137284 0.0220149 -0.00197047 -0.00792127 0.0220151 -0.00213631 -0.00802046 0.0220151 0.000210363 -0.00905363 0.0220151 -0.00126468 -0.00760741 0.0220151 -0.00144692 -0.00767309 0.0220151 -0.00162501 -0.00774711 0.0220151 -0.000892794 -0.0075031 0.0220151 -0.00107944 -0.00755054 0.0220151 0.00396219 -0.0119501 0.0220149 0.00393105 -0.0121416 0.0220149 -0.000127201 -0.00740424 0.0220152 -0.000319741 -0.00741495 0.0220152 0.00213904 -0.0104101 0.022015 0.00399984 -0.0113724 0.022015 0.00399364 -0.0111784 0.022015 0.000643319 -0.0074543 0.0220152 0.00045195 -0.0074278 0.0220152 0.00395364 -0.0107949 0.022015 0.00391946 -0.010604 0.022015 0.00102178 -0.00753486 0.0220151 0.000834251 -0.00749012 0.0220151 -0.000511423 -0.00743498 0.0220152 0.00240425 -0.00820543 0.0220151 0.00224745 -0.00809324 0.0220151 0.00139011 -0.00765155 0.0220151 0.00157024 -0.00772323 0.0220151 0.00297364 -0.00872694 0.0220151 0.00284106 -0.00858647 0.0220151 0.00352797 -0.00951709 0.0220151 0.00343236 -0.00934832 0.0220151 0.00397824 -0.0109859 0.022015 0.00369298 -0.00986555 0.022015 0.00361456 -0.00968907 0.0220151 0.00310002 -0.00887437 0.0220151 0.00382428 -0.0102296 0.022015 0.00387627 -0.0104153 0.022015 0.00332898 -0.00918464 0.0220151 0.00321831 -0.00902677 0.0220151 0.00255613 -0.00832553 0.0220151 0.0027023 -0.00845297 0.0220151 0.00174545 -0.00780311 0.0220151 0.00191716 -0.00789162 0.0220151 0.00208535 -0.00798876 0.0220151 0.00120695 -0.00758865 0.0220151 0.00376325 -0.0100466 0.022015 0.000260145 -0.0074106 0.0220152 6.64818e-05 -0.00740277 0.0220152 -0.000703453 -0.00746458 0.0220152 0.00398408 -0.0117578 0.022015 0.00399665 -0.0115654 0.022015 0.00389087 -0.0123299 0.0220149 0.00384151 -0.0125166 0.0220149 0.00378297 -0.0127016 0.0220149 0.00371588 -0.0128827 0.0220149 0.00355572 -0.0132341 0.0220149 0.00364019 -0.01306 0.0220149 -0.0026026 -0.00836473 0.0220151 0.00346275 -0.0134045 0.0220149 -0.00274603 -0.00849368 0.0220151 0.00336236 -0.0135687 0.0220149 -0.00313762 -0.00892123 0.0220151 -0.00336221 -0.00923536 0.0220151 -0.00325345 -0.00907512 0.0220151 -0.0034632 -0.00940074 0.0220151 -0.00355571 -0.00957 0.0220151 -0.00363977 -0.00974321 0.022015 0.00180004 -0.0149741 0.0220148 -0.00371598 -0.00992205 0.022015 0.0016252 -0.015057 0.0220148 0.00144593 -0.0151316 0.0220148 -0.0039619 -0.0108521 0.022015 -0.00393073 -0.0106613 0.022015 0.000702879 -0.0153399 0.0220148 -0.00389056 -0.0104729 0.022015 -0.00399658 -0.0112393 0.022015 -0.00179912 -0.00782959 0.0220151 0.0036 -0.003464 0.00756835 -0.0036 -0.00351985 0.00754747 0.0036 -0.00351985 0.00754747 0.0036 -0.00340557 0.00758024 -0.0036 -0.003464 0.00756835 -0.0036 -0.00340557 0.00758024 0.0036 -0.003346 0.00758284 0.0036 -0.00328675 0.0075761 -0.0036 -0.003346 0.00758284 0.0036 -0.00322929 0.00756016 -0.0036 -0.00328675 0.0075761 -0.0036 -0.00322929 0.00756016 -0.0036 -0.00357175 0.0075181 0.0036 -0.00357175 0.0075181 -0.0036 -0.00361841 0.00748098 -0.0036 -0.0036587 0.00743701 0.0036 -0.00361841 0.00748098 -0.0036 -0.00369161 0.00738729 0.0036 -0.0036587 0.00743701 0.0036 -0.00369161 0.00738729 -0.0036 -0.00371633 0.00733303 0.0036 -0.00371633 0.00733303 0.0036 -0.00756835 -0.003464 -0.0036 -0.00754747 -0.00351985 0.0036 -0.00754747 -0.00351985 0.0036 -0.00758024 -0.00340557 -0.0036 -0.00756835 -0.003464 -0.0036 -0.00758024 -0.00340557 0.0036 -0.00758284 -0.003346 0.0036 -0.0075761 -0.00328675 -0.0036 -0.00758284 -0.003346 0.0036 -0.00756016 -0.00322929 -0.0036 -0.0075761 -0.00328675 -0.0036 -0.00756016 -0.00322929 -0.0036 -0.0075181 -0.00357175 0.0036 -0.0075181 -0.00357175 -0.0036 -0.00748098 -0.00361841 -0.0036 -0.00743701 -0.0036587 0.0036 -0.00748098 -0.00361841 -0.0036 -0.00738729 -0.00369161 0.0036 -0.00743701 -0.0036587 0.0036 -0.00738729 -0.00369161 -0.0036 -0.00733303 -0.00371633 0.0036 -0.00733303 -0.00371633 -0.0081 0.00163841 -0.00525026 -0.0081 0.00147503 -0.00498631 -0.0081 0.00142264 -0.00531272 -0.0081 0.00177829 0.00488648 -0.0081 0.00145615 0.00530363 -0.0081 0.00123346 0.00535986 -0.0081 0.00100909 0.00540664 -0.0081 0.00322812 -0.00407665 -0.0081 0.00324136 -0.00444331 -0.0081 0.0034199 -0.00430747 -0.0081 0.00167715 0.00523795 -0.0081 0.00376185 -0.00401211 -0.0081 0.00392283 -0.00385496 -0.0081 0.00371985 -0.00363347 -0.0081 0.00339764 -0.00393641 -0.0081 0.00359393 -0.00416322 -0.0081 0.00436591 -0.00334474 -0.0081 0.00415064 -0.00313224 -0.0081 0.00422478 -0.00352138 -0.0081 0.00231917 0.00498701 -0.0081 0.0023853 0.00462062 -0.0081 0.00252633 0.00488536 -0.0081 0.00295331 0.00427985 -0.0081 0.00292533 0.00465744 -0.0081 0.00276894 0.00440133 -0.0081 0.00449916 -0.00316333 -0.0081 0.00428052 -0.00295242 -0.0081 0.0050483 -0.00218275 -0.0081 0.00480624 -0.00198489 -0.0081 0.00471801 -0.00218637 -0.0081 0.00330495 0.00439622 -0.0081 0.00313181 0.0041511 -0.0081 0.00330486 0.00401465 -0.0081 0.0039359 0.00339824 -0.0081 0.00399124 0.00378415 -0.0081 0.00378824 0.00356218 -0.0081 0.0051331 -0.00197517 -0.0081 0.0048859 -0.00177963 -0.0081 0.00511636 -0.000928332 -0.0081 0.00538658 -0.00111122 -0.0081 0.00542843 -0.000883718 -0.0081 0.00421036 0.00305159 -0.0081 0.0042927 0.00343828 -0.0081 0.00407709 0.0032274 -0.0081 0.00549639 -0.0001982 -0.0081 0.00519292 -0.000270521 -0.0081 0.00548334 -0.000427463 -0.0081 0.00546068 -0.0006558 -0.0081 0.00515118 -0.000710043 -0.0081 0.00537318 0.00117404 -0.0081 0.00531962 0.00139699 -0.0081 0.00504438 0.00126262 -0.0081 0.00484324 0.00189264 -0.0081 0.00501271 0.00226334 -0.0081 0.00475847 0.00209687 -0.0081 0.00509345 0.00104678 -0.0081 0.00541749 0.000948479 -0.0081 0.00491939 0.00168476 -0.0081 0.00525634 0.00161861 -0.0081 0.00518384 0.00183757 -0.0081 0.00513336 0.000829144 -0.0081 0.00545256 0.000720299 -0.0081 0.00549979 3.28566e-05 -0.0081 0.00519965 -5.03218e-05 -0.0081 0.00498644 0.00147476 -0.0081 0.00516394 0.000610903 -0.0081 0.00547797 0.000491634 -0.0081 0.0051852 0.00039206 -0.0081 0.00549365 0.000262801 -0.0081 0.00510263 0.00205248 -0.0081 0.0046655 0.0022962 -0.0081 0.00491323 0.00247164 -0.0081 0.00519708 0.00017082 -0.0081 0.00445365 0.00268405 -0.0081 0.00456389 0.00249192 -0.0081 0.00468958 0.00287358 -0.0081 0.00480538 0.00267531 -0.0081 0.00456582 0.00306648 -0.0081 0.00433571 0.00287081 -0.0081 0.00517688 -0.000489777 -0.0081 0.00507253 -0.00114416 -0.0081 0.00533606 -0.00133225 -0.0081 0.00443284 0.00325556 -0.0081 0.00414556 0.00361442 -0.0081 0.00501967 -0.00135753 -0.0081 0.00527698 -0.00154992 -0.0081 0.00520932 -0.00176423 -0.0081 0.00495706 -0.00157046 -0.0081 0.00366012 0.0041052 -0.0081 0.00347298 0.00387004 -0.0081 0.0036341 0.00371921 -0.0081 0.00382861 0.00394848 -0.0081 0.00462031 -0.00238568 -0.0081 0.00495494 -0.00238697 -0.0081 0.00348578 0.00425431 -0.0081 0.00311743 0.00453105 -0.0081 0.00451488 -0.00257973 -0.0081 0.004853 -0.00258781 -0.0081 0.00440171 -0.00276852 -0.0081 0.00462454 -0.00297715 -0.0081 0.0047425 -0.0027853 -0.0081 0.00272865 0.00477539 -0.0081 0.00257869 0.00451554 -0.0081 0.00401399 -0.00330562 -0.0081 0.00407685 -0.00369177 -0.0081 0.00218756 0.00471738 -0.0081 0.00387058 -0.00347253 -0.0081 0.00210884 0.00507959 -0.0081 0.00198522 0.004806 -0.0081 0.00356155 -0.00378868 -0.0081 0.00189533 0.00516311 -0.0081 0.00268356 -0.00445397 -0.0081 0.00267129 -0.00480772 -0.0081 0.00286682 -0.0046936 -0.0081 0.003057 -0.00457202 -0.0081 0.00305215 -0.00420995 -0.0081 0.00227024 -0.00500947 -0.0081 0.00247303 -0.0049126 -0.0081 0.00229662 -0.00466526 -0.0081 0.00249282 -0.00456353 -0.0081 0.00209589 -0.00475878 -0.0081 0.00206293 -0.00509831 -0.0081 0.000783015 0.00544396 -0.0081 0.00185109 -0.00517914 -0.0081 0.00189229 -0.00484341 -0.0081 0.000555254 0.00547182 -0.0081 0.00168582 -0.00491914 -0.0081 0.000325803 0.00549023 -0.0081 9.46608e-05 0.00549919 -0.0081 0.0010466 -0.00509354 -0.0081 0.000981787 -0.00541162 -0.0081 0.00120376 -0.0053665 -0.0081 0.0012615 -0.00504455 -0.0081 0.000536891 -0.00547364 -0.0081 0.000759877 -0.00544723 -0.0081 0.000611002 -0.00516387 -0.0081 0.000830332 -0.00513328 -0.0081 0.000170806 -0.00519715 -0.0081 0.000312325 -0.00549098 -0.0081 0.000390818 -0.00518519 -0.0081 -0.000139033 -0.00549823 -0.0081 -4.90352e-05 -0.00519977 -0.0081 -0.000270588 -0.00519284 -0.0081 8.61769e-05 -0.00549925 -0.0081 -0.000491097 -0.00517666 -0.0081 -0.000709898 -0.00515128 -0.0081 -0.000587507 -0.00546839 -0.0081 -0.000363261 -0.00548791 -0.0081 -0.00114238 -0.00507294 -0.0081 -0.00103423 -0.00540188 -0.0081 -0.000926992 -0.00511671 -0.0081 -0.00081177 -0.00543966 -0.0081 -0.00135605 -0.00501998 -0.0081 -0.00156802 -0.00495783 -0.0081 -0.00147163 -0.00529932 -0.0081 -0.0012537 -0.00535514 -0.0081 -0.00177829 -0.00488648 -0.0081 -0.00211057 -0.00507887 -0.0081 -0.00190171 -0.00516076 -0.0081 -0.00168801 -0.00523443 -0.0081 -0.0029109 -0.0046665 -0.0081 -0.00271823 -0.00478134 -0.0081 -0.00251909 -0.00488904 -0.0081 -0.00231636 -0.0049883 -0.0081 0.00287 -0.00433611 -0.0081 -0.00309906 -0.00454363 -0.0081 -0.00346191 -0.00427378 -0.0081 -0.00328274 -0.00441272 -0.0091 0.00249815 9.55483e-05 -0.0091 0.00549515 0.000228805 -0.0091 0.00549997 4.55337e-06 -0.0091 0.00246777 0.000399718 -0.0091 0.00538456 0.00112048 -0.0091 0.00542583 0.00090001 -0.0091 0.00542759 -0.000888794 -0.0091 0.00247366 -0.000361654 -0.0091 0.00545943 -0.000666006 -0.0091 0.00549563 -0.000219332 -0.0091 0.00249928 -5.71881e-05 -0.0091 0.00225 -0.0010897 -0.0091 0.00494575 -0.00240585 -0.0091 0.00484198 -0.00260858 -0.0091 -0.00163852 -0.00188818 -0.0091 -0.00357496 -0.0041796 -0.0091 -0.00374608 -0.00402681 -0.0091 -0.00220669 -0.00117495 -0.0091 -0.00495712 -0.00238235 -0.0091 -0.00227411 -0.00103835 -0.0091 0.00405003 -0.00372102 -0.0091 0.00191935 -0.00160181 -0.0091 0.00420132 -0.00354948 -0.0091 -0.00136792 -0.00532703 -0.0091 -0.000558996 -0.0024367 -0.0091 -0.00114513 -0.00537934 -0.0091 0.0052753 -0.00155559 -0.0091 0.00520648 -0.00177258 -0.0091 0.0023662 -0.000806751 -0.0091 -0.0020466 -0.00143571 -0.0091 -0.00435988 -0.00335259 -0.0091 -0.00449535 -0.00316869 -0.0091 -0.00158743 -0.00526586 -0.0091 -0.00180367 -0.00519583 -0.0091 -0.000706332 -0.0023981 -0.0091 0.000897592 -0.00542626 -0.0091 0.000670281 -0.00545886 -0.0091 0.000352188 -0.00247505 -0.0091 0.00210015 -0.00135617 -0.0091 0.00460906 -0.00300085 -0.0091 0.00448025 -0.00318996 -0.0091 0.000941599 -0.00231584 -0.0091 0.00199529 -0.00512528 -0.0091 0.00178163 -0.00520341 -0.0091 0.00389162 -0.00388636 -0.0091 0.00181741 -0.00171669 -0.0091 -0.00175045 -0.00178488 -0.0091 -0.00390998 -0.00386794 -0.0091 0.00473014 -0.00280638 -0.0091 0.00217935 -0.00122481 -0.0091 0.00434434 -0.00337283 -0.0091 -0.000105294 -0.00249778 -0.0091 -0.000240743 -0.00549459 -0.0091 -0.000468948 -0.00547984 -0.0091 -0.0032171 -0.00446086 -0.0091 -0.00339882 -0.0043241 -0.0091 -0.00151949 -0.00198516 -0.0091 -0.000408595 -0.00246632 -0.0091 -0.000920231 -0.00542247 -0.0091 0.00512888 -0.00198611 -0.0091 0.000200702 -0.00249191 -0.0091 0.00504146 -0.00219821 -0.0091 0.00241261 -0.00494243 -0.0091 0.00121689 -0.00218378 -0.0091 0.00261662 -0.00483763 -0.0091 0.00112089 -0.00538454 -0.0091 0.000503375 -0.00244874 -0.0091 0.0022055 -0.00503832 -0.0091 0.00108096 -0.00225421 -0.0091 0.0024469 -0.000512225 -0.0091 0.00538658 -0.00111122 -0.0091 0.00170955 -0.00182408 -0.0091 0.00372727 -0.00404434 -0.0091 0.00355698 -0.00419497 -0.0091 0.00337974 -0.00433893 -0.0091 0.00159491 -0.00192508 -0.0091 0.000442936 -0.00548201 -0.0091 0.000215683 -0.00549572 -0.0091 0.00300772 -0.00460463 -0.0091 0.00281484 -0.00472509 -0.0091 0.0013482 -0.00210527 -0.0091 0.00156291 -0.00527311 -0.0091 0.00079797 -0.00236918 -0.0091 0.000651769 -0.00241353 -0.0091 0.00134266 -0.00533348 -0.0091 -1.14784e-05 -0.00549999 -0.0091 4.82225e-05 -0.00249947 -0.0091 0.00319602 -0.00447591 -0.0091 0.0014739 -0.00201931 -0.0091 -0.000695444 -0.0054558 -0.0091 -0.000257115 -0.00248671 -0.0091 -0.00201802 -0.00511629 -0.0091 -0.000851751 -0.00235037 -0.0091 -0.000993959 -0.00229391 -0.0091 -0.00222926 -0.0050278 -0.0091 0.00201355 -0.00148173 -0.0091 -0.00243576 -0.00493115 -0.0091 -0.00126637 -0.00215549 -0.0091 -0.00263751 -0.00482632 -0.0091 -0.00283545 -0.00471267 -0.0091 -0.00113188 -0.00222903 -0.0091 0.00231236 -0.000950121 -0.0091 -0.00302931 -0.00459038 -0.0091 -0.0013956 -0.00207418 -0.0091 0.00241099 -0.000661131 -0.0091 0.00533533 -0.00133514 -0.0091 -0.00185613 -0.00167465 -0.0091 -0.00195544 -0.00155764 -0.0091 -0.00421625 -0.00353172 -0.0091 -0.00406665 -0.00370297 -0.0091 0.00249113 -0.000210402 -0.0091 0.00548211 -0.000442852 -0.0091 -0.00462266 -0.00298003 -0.0091 0.00548116 0.000453422 -0.0091 -0.00213052 -0.00130789 -0.0091 0.005458 0.000678405 -0.0091 0.00248772 0.000247444 -0.0091 -0.00474181 -0.00278662 -0.0091 -0.00485384 -0.00258625 -0.0091 0.00240074 0.000697325 -0.0091 0.00527471 0.00155804 -0.0091 0.00533419 0.00133983 -0.0091 0.00243884 0.000549525 -0.0091 0.00513027 0.00198226 -0.0091 0.00520689 0.00177145 -0.0091 0.00235346 0.000843169 -0.0091 -0.00505155 -0.00217516 -0.0091 -0.00233341 -0.000897183 -0.0091 0.00229774 0.000985056 -0.0091 0.00504485 0.00219047 -0.0091 -0.00513712 -0.00196468 -0.0091 0.00223316 0.00112372 -0.0091 0.00484897 0.0025956 -0.0091 0.00495063 0.00239609 -0.0091 0.00473905 0.00279113 -0.0091 0.0021602 0.0012583 -0.0091 -0.00521441 -0.00174886 -0.0091 -0.00528261 -0.00153054 -0.0091 -0.00238394 -0.000752854 -0.0091 0.00462087 0.00298265 -0.0091 -0.00242535 -0.000606131 -0.0091 0.00422135 0.0035255 -0.0091 0.00436164 0.00335049 -0.0091 0.00199062 0.00151232 -0.0091 -0.00534153 -0.0013105 -0.0091 0.00189448 0.00163118 -0.0091 0.00407356 0.00369523 -0.0091 -0.00245797 -0.00045629 -0.0091 -0.00539116 -0.00108872 -0.0091 -0.00543168 -0.000863433 -0.0091 0.00179171 0.00174349 -0.0091 0.00391828 0.00385967 -0.0091 -0.00248124 -0.000305496 -0.0091 -0.00546288 -0.000636678 -0.0091 0.0037579 0.00401595 -0.0091 0.00156523 0.00194934 -0.0091 0.00341754 0.00430919 -0.0091 0.00359099 0.00416579 -0.0091 0.00168129 0.00185012 -0.0091 0.00323755 0.00444615 -0.0091 -0.00249522 -0.000153539 -0.0091 -0.00548464 -0.000409811 -0.0091 -0.00549695 -0.000182832 -0.0091 -0.0025 -1.77636e-18 -0.0091 -0.00549971 4.56892e-05 -0.0091 -0.00549299 0.000274662 -0.0091 -0.00249543 0.000150103 -0.0091 -0.00547695 0.000502126 -0.0091 -0.00248207 0.000298746 -0.0091 -0.00245991 0.000445928 -0.0091 -0.00545158 0.000728083 -0.0091 -0.00501418 0.00225984 -0.0091 -0.00491649 0.00246533 -0.0091 -0.0022844 0.00101553 -0.0091 0.00206212 0.00509869 -0.0091 0.000905742 0.0023301 -0.0091 0.00185179 0.00517876 -0.0091 -0.00518475 0.00183516 -0.0091 -0.00234091 0.00087756 -0.0091 -0.00238918 0.000735913 -0.0091 -0.00242894 0.000591651 -0.0091 -0.00531868 0.00140024 -0.0091 -0.000295343 0.00248243 -0.0091 -0.000446302 0.00245982 -0.0091 -0.000829731 0.0054369 -0.0091 0.000315136 0.00248006 -0.0091 0.000532443 0.00547402 -0.0091 0.000760576 0.00544716 -0.0091 -0.00206652 0.00140685 -0.0091 -0.00214682 0.00128106 -0.0091 -0.00469483 0.00286478 -0.0091 -0.00221944 0.00115061 -0.0091 -0.00481045 0.00266635 -0.0091 -0.00149852 0.00529183 -0.0091 -0.000595427 0.00242803 -0.0091 -0.000743235 0.0023869 -0.0091 -0.00193275 0.00514912 -0.0091 -0.000887397 0.00233719 -0.0091 -0.00214494 0.0050645 -0.0091 -0.00400383 0.00377067 -0.0091 -0.00384436 0.00393323 -0.0091 -0.00177675 0.00175871 -0.0091 -0.00415705 0.00360102 -0.0091 -0.00188071 0.00164701 -0.0091 -0.00116615 0.0022113 -0.0091 -0.00275676 0.00475909 -0.0091 -0.0025563 0.00486968 -0.0091 -0.00166648 0.00186355 -0.0091 -0.00367865 0.0040887 -0.0091 -0.00350505 0.0042383 -0.0091 -0.00129872 0.00213619 -0.0091 -0.00295239 0.0046404 -0.0091 -0.00314155 0.00451442 -0.0091 -0.00142704 0.00205262 -0.0091 -0.00332577 0.00438039 -0.0091 -0.00102853 0.00227857 -0.0091 -0.00235236 0.00497148 -0.0091 -0.0017166 0.0052251 -0.0091 9.77923e-06 0.00249995 -0.0091 -0.000142382 0.00249594 -0.0091 -0.000150064 0.00549795 -0.0091 -0.00105565 0.00539767 -0.0091 -0.00154991 0.00196152 -0.0091 -0.00060349 0.00546669 -0.0091 -0.000376935 0.00548704 -0.0091 7.71229e-05 0.00549942 -0.0091 0.000304625 0.00549144 -0.0091 -0.00197836 0.00152843 -0.0091 -0.00430376 0.00342456 -0.0091 0.000983865 0.00541116 -0.0091 0.000162506 0.00249465 -0.0091 0.00120442 0.00536641 -0.0091 0.000465556 0.00245622 -0.0091 -0.00444148 0.00324388 -0.0091 -0.00457184 0.00305729 -0.0091 0.000614953 0.00242313 -0.0091 0.00142225 0.0053129 -0.0091 0.00163735 0.00525063 -0.0091 0.000762093 0.002381 -0.0091 -0.0051036 0.00204978 -0.0091 0.00226833 0.00501043 -0.0091 -0.00537212 0.00117843 -0.0091 0.0026703 0.00480814 -0.0091 0.0011835 0.0022021 -0.0091 0.00247042 0.00491396 -0.0091 0.00104681 0.00227024 -0.0091 0.00286478 0.00469489 -0.0091 0.00305387 0.00457423 -0.0091 0.00131557 0.00212579 -0.0091 0.00144358 0.00204108 -0.0091 0.00449443 0.00317018 -0.0091 0.00207959 0.00138754 -0.0091 -0.00127851 0.00534932 -0.0091 -0.0052563 0.00161897 -0.0091 -0.00541663 0.000953533 -0.0135 0.00162506 -0.00162761 -0.0135 0.00151737 -0.0017284 -0.0135 0.00140338 -0.00182219 -0.0135 -0.0022146 0.000620848 -0.0135 -0.00211694 0.000899083 -0.0135 -3.47677e-05 0.00229969 -0.0135 0.00102932 -0.0020568 -0.0135 0.00128419 -0.0019081 -0.0135 0.00115881 -0.00198668 -0.0135 0.00172578 -0.00152034 -0.0135 0.000895566 -0.00211844 -0.0135 0.000757662 -0.00217158 -0.0135 0.00198514 -0.00116154 -0.0135 0.00190677 -0.00128608 -0.0135 0.0020552 -0.00103254 -0.0135 0.000617408 -0.00221558 -0.0135 0.000473811 -0.00225061 -0.0135 0.000328699 -0.00227637 -0.0135 0.000182571 -0.00229273 -0.0135 3.47677e-05 -0.00229969 -0.0135 0.00211694 -0.000899083 -0.0135 0.00227588 -0.00033223 -0.0135 -0.000405407 -0.00226396 -0.0135 0.00229241 -0.000186196 -0.0135 -0.000112291 -0.00229725 -0.0135 0.00224978 -0.000477772 -0.0135 -0.000830536 -0.0021448 -0.0135 0.00228572 0.000255448 -0.0135 0.00229742 0.000108698 -0.0135 -0.000691644 -0.00219349 -0.0135 0.00219469 0.000687842 -0.0135 0.0022343 0.000545687 -0.0135 -0.001225 -0.00194663 -0.0135 -0.00109818 -0.00202085 -0.0135 -0.00167903 -0.00157183 -0.0135 0.0019485 0.00122198 -0.0135 0.00202257 0.00109506 -0.0135 -0.00134757 -0.00186382 -0.0135 -0.00146413 -0.00177377 -0.0135 0.0021461 0.000827179 -0.0135 -0.0019485 -0.00122198 -0.0135 0.00177606 0.00146137 -0.0135 -0.00186619 -0.00134429 -0.0135 -0.00177606 -0.00146137 -0.0135 0.00146413 0.00177377 -0.0135 0.00157459 0.00167647 -0.0135 -0.00208879 -0.000962668 -0.0135 0.00167903 0.00157183 -0.0135 -0.00202257 -0.00109506 -0.0135 0.001225 0.00194663 -0.0135 -0.0022343 -0.000545687 -0.0135 0.00109818 0.00202085 -0.0135 -0.00219469 -0.000687842 -0.0135 -0.00229964 3.86418e-05 -0.0135 0.000691644 0.00219349 -0.0135 -0.00229742 -0.000108698 -0.0135 0.000830536 0.0021448 -0.0135 0.000966228 0.00208715 -0.0135 -0.00228572 -0.000255448 -0.0135 0.000112291 0.00229725 -0.0135 -0.00227588 0.00033223 -0.0135 -0.00224978 0.000477772 -0.0135 0.000549097 0.00223349 -0.0135 -0.00229241 0.000186196 -0.0135 -0.000182571 0.00229273 -0.0135 -0.000328699 0.00227637 -0.0135 -0.00102932 0.0020568 -0.0135 -0.000757662 0.00217158 -0.0135 -0.00190677 0.00128608 -0.0135 -0.000617408 0.00221558 -0.0135 -0.0020552 0.00103254 -0.0135 -0.00151737 0.0017284 -0.0135 -0.00140338 0.00182219 -0.0135 -0.00162506 0.00162761 -0.0135 -0.00198514 0.00116154 -0.0135 -0.000473811 0.00225061 -0.0135 -0.00172578 0.00152034 -0.0135 -0.00182009 0.00140615 -0.0135 -0.000895566 0.00211844 -0.0135 -0.00217037 0.000761166 -0.0135 -0.00128419 0.0019081 -0.0135 -0.00115881 0.00198668 -0.0135 0.000259434 0.00228527 -0.0135 0.000405407 0.00226396 -0.0135 -0.00226461 -0.000401945 -0.0135 0.00134757 0.00186382 -0.0135 -0.0021461 -0.000827179 -0.0135 0.00186619 0.00134429 -0.0135 0.00208879 0.000962668 -0.0135 -0.00157459 -0.00167647 -0.0135 0.00226461 0.000401945 -0.0135 -0.000966228 -0.00208715 -0.0135 0.00229964 -3.86418e-05 -0.0135 -0.000549097 -0.00223349 -0.0135 -0.000259434 -0.00228527 -0.0135 0.0022146 -0.000620848 -0.0135 0.00217037 -0.000761166 -0.0135 0.00182009 -0.00140615 0.0081 0.00163601 -0.0052509 0.0081 0.00141935 -0.00531359 0.0081 0.00147647 -0.00498597 0.0081 0.00177829 0.00488648 0.0081 0.00123577 0.00535926 0.0081 0.0014588 0.00530294 0.0081 0.00100958 0.00540651 0.0081 0.00322931 -0.0040756 0.0081 0.00341907 -0.00430803 0.0081 0.00323891 -0.00444498 0.0081 0.00167865 0.00523756 0.0081 0.0037595 -0.00401438 0.0081 0.00372041 -0.00363298 0.0081 0.00392057 -0.00385715 0.0081 0.00339977 -0.00393452 0.0081 0.00359261 -0.00416449 0.0081 0.00436406 -0.00334728 0.0081 0.00422393 -0.00352255 0.0081 0.00415218 -0.00313034 0.0081 0.00232158 0.00498595 0.0081 0.00252741 0.00488489 0.0081 0.0023853 0.00462062 0.0081 0.00295091 0.00428148 0.0081 0.00276697 0.00440267 0.0081 0.00292758 0.00465598 0.0081 0.00449724 -0.00316598 0.0081 0.00428081 -0.00295206 0.0081 0.00504733 -0.00218471 0.0081 0.00471809 -0.00218623 0.0081 0.00480698 -0.00198286 0.0081 0.00330557 0.00439581 0.0081 0.00330442 0.00401507 0.0081 0.00313024 0.00415216 0.0081 0.00393537 0.00339894 0.0081 0.00378701 0.00356335 0.0081 0.00399143 0.00378398 0.0081 0.0048869 -0.00177688 0.0081 0.0051331 -0.00197517 0.0081 0.0051169 -0.000925462 0.0081 0.00542843 -0.000883718 0.0081 0.00538658 -0.00111122 0.0081 0.00420866 0.00305385 0.0081 0.00407552 0.0032295 0.0081 0.00429445 0.0034361 0.0081 0.00549641 -0.000198706 0.0081 0.00548334 -0.000427463 0.0081 0.00519296 -0.000268074 0.0081 0.00546068 -0.0006558 0.0081 0.00515154 -0.000708091 0.0081 0.00537369 0.00117146 0.0081 0.00504407 0.00126358 0.0081 0.00531985 0.00139585 0.0081 0.00484282 0.00189394 0.0081 0.0047579 0.00209798 0.0081 0.00501297 0.00226264 0.0081 0.00509321 0.00104836 0.0081 0.00541799 0.000945963 0.0081 0.00491853 0.00168742 0.0081 0.00518478 0.00183505 0.0081 0.00525682 0.00161733 0.0081 0.00513294 0.000831964 0.0081 0.00545275 0.000719354 0.0081 0.00519971 -4.74282e-05 0.0081 0.00549988 3.04706e-05 0.0081 0.00498562 0.0014773 0.0081 0.00547803 0.000490083 0.0081 0.00516357 0.000613442 0.0081 0.00518509 0.00039279 0.0081 0.00549375 0.000260067 0.0081 0.00510349 0.00205015 0.0081 0.00466423 0.00229864 0.0081 0.00491408 0.00247014 0.0081 0.00519712 0.000172617 0.0081 0.00445313 0.00268506 0.0081 0.0046907 0.0028716 0.0081 0.00456264 0.00249434 0.0081 0.00480675 0.0026729 0.0081 0.00433482 0.002872 0.0081 0.00456595 0.00306625 0.0081 0.00517689 -0.000489322 0.0081 0.00507295 -0.00114189 0.0081 0.00533606 -0.00133225 0.0081 0.00443411 0.00325398 0.0081 0.00414683 0.00361284 0.0081 0.0050197 -0.00135737 0.0081 0.00527698 -0.00154992 0.0081 0.0049578 -0.00156843 0.0081 0.00520932 -0.00176423 0.0081 0.00366218 0.00410335 0.0081 0.00363202 0.0037212 0.0081 0.00347116 0.00387177 0.0081 0.0038303 0.00394695 0.0081 0.00462145 -0.00238367 0.0081 0.00495345 -0.00238997 0.0081 0.00348706 0.00425316 0.0081 0.00311951 0.0045297 0.0081 0.00451631 -0.00257719 0.0081 0.00485169 -0.00259047 0.0081 0.00440269 -0.0027668 0.0081 0.00462347 -0.00297863 0.0081 0.00474205 -0.0027862 0.0081 0.0027298 0.00477464 0.0081 0.00257843 0.00451571 0.0081 0.00401581 -0.00330336 0.0081 0.00407582 -0.00369278 0.0081 0.00218756 0.00471738 0.0081 0.00387171 -0.00347113 0.0081 0.00211118 0.00507855 0.0081 0.00198522 0.004806 0.0081 0.00356347 -0.00378698 0.0081 0.00189621 0.00516272 0.0081 0.00268592 -0.00445249 0.0081 0.00286502 -0.00469483 0.0081 0.00267081 -0.00480794 0.0081 0.00305423 -0.00457391 0.0081 0.003053 -0.00420941 0.0081 0.00226715 -0.00501088 0.0081 0.00229778 -0.00466478 0.0081 0.00247053 -0.00491374 0.0081 0.00249398 -0.0045628 0.0081 0.00206067 -0.00509934 0.0081 0.00209844 -0.00475772 0.0081 0.000783015 0.00544396 0.0081 0.00185109 -0.00517914 0.0081 0.0018948 -0.00484237 0.0081 0.000555254 0.00547182 0.0081 0.00168686 -0.00491871 0.0081 0.000325803 0.00549023 0.0081 9.46608e-05 0.00549919 0.0081 0.00104915 -0.00509294 0.0081 0.0012011 -0.0053672 0.0081 0.000981282 -0.00541175 0.0081 0.00126425 -0.00504391 0.0081 0.000533547 -0.00547393 0.0081 0.000612694 -0.00516376 0.0081 0.000757705 -0.00544742 0.0081 0.000831182 -0.00513308 0.0081 0.00017331 -0.00519699 0.0081 0.000393687 -0.005185 0.0081 0.000309371 -0.00549124 0.0081 -0.000140858 -0.00549808 0.0081 -0.000268705 -0.00519303 0.0081 -4.84375e-05 -0.00519973 0.0081 8.51779e-05 -0.00549934 0.0081 -0.000488203 -0.00517695 0.0081 -0.000590635 -0.00546813 0.0081 -0.00070753 -0.00515152 0.0081 -0.00036652 -0.00548764 0.0081 -0.00114238 -0.00507294 0.0081 -0.000926685 -0.00511674 0.0081 -0.00103562 -0.00540152 0.0081 -0.000813204 -0.00543954 0.0081 -0.00135605 -0.00501998 0.0081 -0.0014748 -0.0052985 0.0081 -0.00156802 -0.00495783 0.0081 -0.00125674 -0.00535435 0.0081 -0.00177829 -0.00488648 0.0081 -0.00190262 -0.00516035 0.0081 -0.00211327 -0.00507765 0.0081 -0.00168979 -0.00523397 0.0081 -0.00271823 -0.00478134 0.0081 -0.0029109 -0.0046665 0.0081 -0.00231942 -0.00498691 0.0081 -0.00252107 -0.00488814 0.0081 0.00287226 -0.00433469 0.0081 -0.00309906 -0.00454363 0.0081 -0.00346191 -0.00427378 0.0081 -0.00328274 -0.00441272 0.0091 0.000376277 -0.00247145 0.0091 0.000699227 -0.00545532 0.0091 0.000923125 -0.00542198 0.0091 -0.000382943 -0.00247048 0.0091 -0.000533596 -0.00244232 0.0091 -0.00111018 -0.00538676 0.0091 7.32371e-05 -0.00249893 0.0091 1.79898e-05 -0.00549997 0.0091 0.000246432 -0.00549434 0.0091 0.000224866 -0.00248983 0.0091 0.000473662 -0.00547945 0.0091 0.00239872 0.00494933 0.0091 0.00117292 0.00220776 0.0091 0.00260054 0.00484625 0.0091 -0.000661173 -0.00545998 0.0091 -0.000887637 -0.0054279 0.0091 0.00318072 0.00448696 0.0091 0.00299283 0.00461436 0.0091 0.0014333 0.00204827 0.0091 -0.00260165 -0.00484571 0.0091 -0.00239806 -0.00494952 0.0091 -0.00110773 -0.00224118 0.0091 0.00176736 0.0052082 0.0091 0.000895419 0.00233409 0.0091 0.00198118 0.00513063 0.0091 0.0013055 0.00213198 0.0091 0.00279858 0.0047346 0.0091 0.000885987 0.00542806 0.0091 0.000455348 0.00245815 0.0091 0.00110975 0.00538673 0.0091 0.000751488 0.00238436 0.0091 -0.00183655 -0.0016962 0.0091 -0.00418499 -0.00356872 0.0091 -0.0040338 -0.00373865 0.0091 -0.00133122 -0.00533636 0.0091 -0.00493241 -0.00243308 0.0091 -0.00482786 -0.00263459 0.0091 -0.00219225 -0.00120153 0.0091 -0.00432832 -0.00339335 0.0091 -0.00193683 -0.00158061 0.0091 -0.000152632 0.0024953 0.0091 -1.95483e-05 0.00549985 0.0091 -0.000246298 0.00549444 0.0091 -0.000969323 -0.00230437 0.0091 -0.00532688 -0.00136858 0.0091 -0.00526561 -0.00158805 0.0091 -0.00241765 -0.0006363 0.0091 -0.000303862 0.00248146 0.0091 -0.000472171 0.00547969 0.0091 -0.00247712 -0.000336958 0.0091 -0.00545519 -0.000699698 0.0091 -0.00542176 -0.000924091 0.0091 0.00155127 0.00527667 0.0091 0.000604995 0.00242563 0.0091 -0.00243247 0.00493274 0.0091 -0.00263483 0.00482765 0.0091 -0.00116955 0.00220955 0.0091 -0.00371071 -0.00405952 0.0091 -0.00173006 -0.00180463 0.0091 -0.00387517 -0.00390276 0.0091 -0.00234583 0.000864131 0.0091 -0.00520805 0.00176803 0.0091 -0.00239436 0.000719048 0.0091 -0.00188132 0.00164634 0.0091 -0.00177791 0.00175755 0.0091 -0.00405956 0.00371058 0.0091 -0.00249309 -0.000185625 0.0091 -0.00549453 -0.00024529 0.0091 -0.00547947 -0.000473249 0.0091 -0.00201714 0.00511669 0.0091 -0.00103284 0.00227663 0.0091 -0.000892376 0.00233528 0.0091 -0.00548263 0.000434997 0.0091 -0.00549596 0.000207754 0.0091 -0.00249708 0.000119632 0.0091 -0.00545995 0.000662542 0.0091 -0.00248523 0.000271245 0.0091 0.00133281 0.00533606 0.0091 -0.00533628 0.00133139 0.0091 -0.00527643 0.00155213 0.0091 -0.00166759 0.00186252 0.0091 -0.00356933 0.00418438 0.0091 -0.00373863 0.00403392 0.0091 -0.00246397 0.000422518 0.0091 -0.00542803 0.000886601 0.0091 0.000304943 0.00248131 0.0091 0.000661507 0.00546004 0.0091 -0.00222605 0.00502938 0.0091 -0.000749146 0.00238512 0.0091 -0.00158751 0.00526578 0.0091 -0.0018043 0.00519549 0.0091 0.000208079 0.00549593 0.0091 1.77636e-18 0.0025 0.0091 0.000153272 0.00249523 0.0091 -0.0022235 0.00114283 0.0091 -0.00215 0.00127569 0.0091 -0.00484597 0.00260122 0.0091 -0.000453691 0.00245848 0.0091 -0.00114738 0.00537894 0.0091 -0.000602119 0.00242637 0.0091 -0.00321108 0.00446519 0.0091 -0.00339348 0.00432814 0.0091 -0.00155116 0.00196056 0.0091 -0.00283187 0.00471485 0.0091 -0.00302359 0.00459432 0.0091 -0.00130153 0.00213444 0.0091 -0.00206829 0.00140422 0.0091 -0.00197836 0.00152843 0.0091 -0.00448677 0.00318092 0.0091 -0.00142944 0.00205102 0.0091 -0.00504438 0.00219149 0.0091 -0.00513071 0.00198109 0.0091 -0.00228877 0.00100564 0.0091 -0.00420941 0.00353977 0.0091 -0.00435167 0.00336345 0.0091 -0.00461491 0.00299183 0.0091 -0.00494907 0.00239922 0.0091 -0.00390213 0.00387589 0.0091 -0.00538681 0.00110955 0.0091 -0.00243359 0.000572206 0.0091 -0.00549992 -1.90081e-05 0.0091 -0.00249973 -3.32586e-05 0.0091 -0.00537919 -0.00114643 0.0091 -0.00245188 -0.000487964 0.0091 -0.000699257 0.00545524 0.0091 -0.00136777 0.00532721 0.0091 -0.00502903 -0.00222657 0.0091 -0.00232202 -0.000926393 0.0091 -0.00511708 -0.00201628 0.0091 -0.00237438 -0.000782307 0.0091 -0.00519568 -0.00180395 0.0091 -0.00226143 -0.00106573 0.0091 -0.00471536 -0.00283113 0.0091 -0.00459405 -0.00302384 0.0091 -0.00446468 -0.00321172 0.0091 -0.00202966 -0.00145955 0.0091 -0.00211459 -0.0013336 0.0091 0.000436314 0.00548267 0.0091 -0.00161663 -0.00190688 0.0091 -0.00354043 -0.00420894 0.0091 -0.00299188 -0.00461494 0.0091 -0.00137263 -0.0020894 0.0091 -0.00317998 -0.00448734 0.0091 -0.00336357 -0.00435151 0.0091 -0.00279928 -0.00473432 0.0091 0.0021927 0.00504397 0.0091 -0.00124235 -0.0021694 0.0091 0.00103648 0.00227496 0.0091 -0.00198176 -0.00513053 0.0091 -0.00219144 -0.00504446 0.0091 -0.000826492 -0.00235939 0.0091 -0.00176879 -0.0052078 0.0091 -0.000681301 -0.00240535 0.0091 -0.00155076 -0.0052767 0.0091 -0.000434702 -0.00548268 0.0091 -0.0002321 -0.00248918 0.0091 -8.00107e-05 -0.00249865 0.0091 0.00155516 0.00195741 0.0091 0.00336278 0.0043521 0.0091 -0.000208315 -0.00549601 0.0091 0.00371136 0.00405894 0.0091 0.00353966 0.00420942 0.0091 0.0016719 0.0018586 0.0091 0.00387595 0.00390216 0.0091 0.00178221 0.00175314 0.0091 0.00403329 0.00373921 0.0091 0.00188545 0.00164167 0.0091 0.00418421 0.00356943 0.0091 0.000526832 -0.00244386 0.0091 0.0011473 -0.00537888 0.0091 0.00136909 -0.00532674 0.0091 0.00158768 -0.0052658 0.0091 0.000674331 -0.00240729 0.0091 0.0043287 0.00339283 0.0091 0.00198238 0.0015231 0.0091 0.00446543 0.00321089 0.0091 0.00180307 -0.00519605 0.0091 0.000820015 -0.00236162 0.0091 0.00207157 0.00139945 0.0091 0.00459378 0.0030243 0.0091 0.00215275 0.00127108 0.0091 0.00471464 0.00283207 0.0091 0.00201688 -0.00511673 0.0091 0.00243282 -0.00493262 0.0091 0.00110128 -0.00224431 0.0091 0.00222717 -0.00502875 0.0091 0.000962831 -0.00230715 0.0091 0.00493308 0.00243201 0.0091 0.00482802 0.0026342 0.0091 0.00222656 0.0011367 0.0091 0.00123637 -0.00217281 0.0091 0.00263382 -0.00482835 0.0091 0.00283144 -0.00471506 0.0091 0.0022917 0.000999001 0.0091 0.00502895 0.00222688 0.0091 0.00136667 -0.00209336 0.0091 0.00302448 -0.00459358 0.0091 0.00234822 0.000857772 0.0091 0.00519569 0.00180374 0.0091 0.00511649 0.00201746 0.0091 0.00321157 -0.00446487 0.0091 0.00149144 -0.00200632 0.0091 0.0033927 -0.00432891 0.0091 0.00526613 0.00158678 0.0091 0.0023963 0.000712334 0.0091 0.00373929 -0.00403314 0.0091 0.00161141 -0.00191132 0.0091 0.00356879 -0.00418482 0.0091 0.00542169 0.00092407 0.0091 0.00246514 0.000415744 0.0091 0.0054555 0.000698244 0.0091 0.0039027 -0.00387531 0.0091 0.00172485 -0.00180964 0.0091 0.00420882 -0.00354049 0.0091 0.00183177 -0.00170126 0.0091 0.00405902 -0.00371136 0.0091 0.0043521 -0.00336269 0.0091 0.00193259 -0.00158588 0.0091 0.0024925 -0.00019279 0.0091 0.00546004 -0.000660909 0.0091 0.00548271 -0.000435283 0.0091 0.00461458 -0.00299256 0.0091 0.00473408 -0.00279963 0.0091 0.00211089 -0.00133932 0.0091 0.0048462 -0.00260054 0.0091 0.00218906 -0.00120747 0.0091 0.00533557 -0.00133423 0.0091 0.00241577 -0.000643296 0.0091 0.00527583 -0.00155383 0.0091 0.00202542 -0.00146545 0.0091 0.00448735 -0.00318005 0.0091 0.00504424 -0.00219211 0.0091 0.00513017 -0.00198277 0.0091 0.00231947 -0.000932594 0.0091 0.00520736 -0.00177001 0.0091 0.00237227 -0.000788885 0.0091 0.00225832 -0.00107229 0.0091 0.00494958 -0.00239804 0.0091 0.00538658 -0.00111122 0.0091 0.00245051 -0.000494657 0.0091 0.00542799 -0.00088622 0.0091 0.00247622 -0.000343939 0.0091 0.00549601 -0.000209341 0.0091 0.00249962 -4.0147e-05 0.0091 0.00549983 1.91932e-05 0.0091 0.00549434 0.000246817 0.0091 0.00249746 0.000112501 0.0091 0.00248594 0.000264177 0.0091 0.00547956 0.000473167 0.0091 0.00243526 0.000565188 0.0091 0.00537877 0.0011478 0.0091 0.00532692 0.0013687 0.0091 -0.00149715 -0.00200213 0.0091 -0.00473464 0.0027986 0.0091 -0.000924538 0.00542161 0.0135 0.00227591 -0.000331757 0.0135 -0.000258604 -0.00228541 0.0135 0.00225003 -0.000476746 0.0135 -0.00205548 0.00103189 0.0135 -0.00211745 0.000897908 0.0135 -0.00190677 0.00128608 0.0135 -0.00198514 0.00116154 0.0135 -0.00228562 -0.000256617 0.0135 -0.00226456 -0.000402142 0.0135 0.000965669 0.00208745 0.0135 -0.00229733 -0.000109704 0.0135 0.000690504 0.00219388 0.0135 -0.00229968 3.80868e-05 0.0135 -0.00223398 -0.000546916 0.0135 0.000829628 0.00214511 0.0135 -0.00214576 -0.000827948 0.0135 -0.00208828 -0.000963813 0.0135 0.0013467 0.00186449 0.0135 -0.00186566 -0.00134509 0.0135 0.00186566 0.00134509 0.0135 0.00177563 0.00146183 0.0135 -0.00202253 -0.00109516 0.0135 0.00167816 0.00157277 0.0135 0.00157432 0.00167675 0.0135 -0.00157432 -0.00167675 0.0135 0.00208828 0.000963813 0.0135 0.00202253 0.00109516 0.0135 -0.00177563 -0.00146183 0.0135 0.00219449 0.000688595 0.0135 -0.0013467 -0.00186449 0.0135 -0.00122466 -0.00194681 0.0135 -0.00146326 -0.00177444 0.0135 0.00226456 0.000402142 0.0135 -0.000965669 -0.00208745 0.0135 0.00228562 0.000256617 0.0135 0.00223398 0.000546916 0.0135 0.00229251 -0.000184905 0.0135 0.00229968 -3.80868e-05 0.0135 -0.000404172 -0.00226416 0.0135 -0.000690504 -0.00219388 0.0135 -0.000548995 -0.00223351 0.0135 3.60365e-05 -0.00229969 0.0135 0.00221488 -0.000619742 0.0135 0.00190677 -0.00128608 0.0135 0.000474806 -0.00225044 0.0135 0.000758885 -0.00217116 0.0135 0.000182774 -0.00229273 0.0135 0.00211745 -0.000897908 0.0135 0.00151793 -0.00172796 0.0135 0.00162506 -0.00162761 0.0135 0.00172578 -0.00152034 0.0135 0.00115981 -0.00198614 0.0135 0.00140438 -0.0018214 0.0135 0.00128442 -0.00190792 0.0135 -0.000111514 -0.00229725 0.0135 0.00205548 -0.00103189 0.0135 0.00198514 -0.00116154 0.0135 0.000896015 -0.00211829 0.0135 0.00103025 -0.00205629 0.0135 0.000617934 -0.0022154 0.0135 0.00182009 -0.00140615 0.0135 0.000329856 -0.00227617 0.0135 0.00217049 -0.000760893 0.0135 0.00229733 0.000109704 0.0135 -0.000829628 -0.00214511 0.0135 -0.00109704 -0.00202146 0.0135 0.00214576 0.000827948 0.0135 0.00194784 0.00122299 0.0135 -0.00167816 -0.00157277 0.0135 -0.00194784 -0.00122299 0.0135 0.00146326 0.00177444 0.0135 0.00122466 0.00194681 0.0135 -0.00219449 -0.000688595 0.0135 0.00109704 0.00202146 0.0135 0.000548995 0.00223351 0.0135 0.000404172 0.00226416 0.0135 -0.00229251 0.000184905 0.0135 -0.00227591 0.000331757 0.0135 0.000258604 0.00228541 0.0135 0.000111514 0.00229725 0.0135 -3.60365e-05 0.00229969 0.0135 -0.00225003 0.000476746 0.0135 -0.00221488 0.000619742 0.0135 -0.00217049 0.000760893 0.0135 -0.000182774 0.00229273 0.0135 -0.000329856 0.00227617 0.0135 -0.000474806 0.00225044 0.0135 -0.000758885 0.00217116 0.0135 -0.000617934 0.0022154 0.0135 -0.000896015 0.00211829 0.0135 -0.00103025 0.00205629 0.0135 -0.00115981 0.00198614 0.0135 -0.00140438 0.0018214 0.0135 -0.00151793 0.00172796 0.0135 -0.00172578 0.00152034 0.0135 -0.00128442 0.00190792 0.0135 -0.00162506 0.00162761 0.0135 -0.00182009 0.00140615 0.0073 -0.0239014 0.00651441 0.0081 -0.0231014 0.00651445 0.0081 -0.0231015 0.0083061 0.0073 -0.0239017 0.0130144 0.0081 -0.0231017 0.0130144 0.0081 -0.0198849 0.00170792 0.0073 -0.0199533 0.000876435 0.0081 -0.0196797 0.0016282 0.0081 -0.0204738 0.00199552 0.0073 -0.0208129 0.00126842 0.0081 -0.0202819 0.00189157 0.0081 -0.0200856 0.00179571 0.0073 -0.0203921 0.00105612 0.0073 -0.0201749 0.000962198 0.0073 -0.0214106 0.00164803 0.0081 -0.0208443 0.00222763 0.0081 -0.0210229 0.0023558 0.0073 -0.0210166 0.0013868 0.0081 -0.0206613 0.00210753 0.0073 -0.0212159 0.00151334 0.0081 -0.0213612 0.00263276 0.0081 -0.0215217 0.00278203 0.0073 -0.0219599 0.00209569 0.0081 -0.0211951 0.00249079 0.0073 -0.021783 0.00193939 0.0073 -0.0216003 0.00179048 0.0081 -0.0219632 0.00326798 0.0073 -0.0224531 0.00260544 0.0081 -0.0218231 0.00310001 0.0073 -0.022296 0.00242967 0.0073 -0.0221312 0.00225937 0.0081 -0.0216764 0.0029384 0.0073 -0.0228828 0.00317014 0.0081 -0.0223402 0.00380596 0.0073 -0.0230103 0.00336842 0.0081 -0.0220967 0.00344233 0.0081 -0.0222225 0.00362193 0.0073 -0.0227469 0.00297627 0.0081 -0.0225528 0.00418988 0.0081 -0.0226464 0.00438738 0.0073 -0.023346 0.00399354 0.0081 -0.0224502 0.00399528 0.0073 -0.0232424 0.00378098 0.0073 -0.0231302 0.00357203 0.0081 -0.0228768 0.00500291 0.0073 -0.0236054 0.00465352 0.0081 -0.0228084 0.00479408 0.0073 -0.0235273 0.00442942 0.0073 -0.0234408 0.00420942 0.0081 -0.0227315 0.00458869 0.0081 -0.0229359 0.0052131 0.0073 -0.023734 0.0051076 0.0073 -0.0236743 0.00487946 0.0081 -0.0229861 0.00542606 0.0073 -0.0237849 0.00533853 0.0073 -0.0238269 0.00557226 0.0081 -0.0230276 0.0056418 0.0081 -0.0230599 0.00585848 0.0073 -0.0238594 0.00580592 0.0081 -0.0230828 0.00607574 0.0073 -0.0238826 0.00604067 0.0073 -0.0238966 0.00627683 0.0081 -0.0230967 0.00629439 0.0081 -0.0231014 0.00651445 0.0073 -0.0239014 0.00651441 0.0073 -0.0226034 0.00278764 0.0073 -0.0206047 0.00115819 0.0073 -0.00205187 -0.00563825 0.0081 -0.00177829 -0.00488648 0.0081 -0.00346191 -0.00427378 0.0081 -0.0179961 0.0010155 0.0073 -0.0199533 0.000876435 0.0081 -0.0196797 0.0016282 0.0081 9.46608e-05 0.00549919 0.0081 0.00177829 0.00488648 0.0073 0.00205187 0.00563825 0.0073 -0.00195762 0.00709738 0.0081 -0.0022312 0.00634561 0.0073 -0.00467106 0.00901895 0.0073 -0.00482015 0.0092078 0.0081 -0.005467 0.00873685 0.0081 -0.00530948 0.00853594 0.0081 -0.00514535 0.00834136 0.0081 -0.00497461 0.0081531 0.0073 -0.00451535 0.00883644 0.0073 -0.00435303 0.00866026 0.0081 -0.0047959 0.00796995 0.0081 -0.00461104 0.00779353 0.0073 -0.00418253 0.00848902 0.0081 -0.00442062 0.00762436 0.0073 -0.00400645 0.00832506 0.0073 -0.00382479 0.00816835 0.0081 -0.00422462 0.00746245 0.0081 -0.00402196 0.00730709 0.0073 -0.00363755 0.00801892 0.0081 -0.00381351 0.00715883 0.0073 -0.00344298 0.00787561 0.0073 -0.00324401 0.00774034 0.0081 -0.00360067 0.0070186 0.0081 -0.00338342 0.00688639 0.0073 -0.00304063 0.0076131 0.0081 -0.00316178 0.00676219 0.0073 -0.00283284 0.00749389 0.0073 -0.00262065 0.00738271 0.0081 -0.00293573 0.00664602 0.0081 -0.00270529 0.00653786 0.0073 -0.00240404 0.00727957 0.0081 -0.00247045 0.00643773 0.0073 -0.00218304 0.00718446 0.0081 -0.0022312 0.00634561 0.0073 -0.00195762 0.00709738 0.0081 -0.00561792 0.00894409 0.0073 -0.00496262 0.00940298 0.0073 -0.00509625 0.0096018 0.0081 -0.0057599 0.00915482 0.0081 -0.0058944 0.00937079 0.0073 -0.00522238 0.00980587 0.0073 -0.00534101 0.0100152 0.0081 -0.00602139 0.00959202 0.0073 -0.00545212 0.0102298 0.0081 -0.0061409 0.00981848 0.0081 -0.00625158 0.0100479 0.0073 -0.00555396 0.0104466 0.0073 -0.00564758 0.0106675 0.0081 -0.00635371 0.0102809 0.0073 -0.00573298 0.0108924 0.0081 -0.00644763 0.0105178 0.0081 -0.00653334 0.0107588 0.0073 -0.00581016 0.0111214 0.0073 -0.00587782 0.0113512 0.0081 -0.00661024 0.0110023 0.0073 -0.00593675 0.0115838 0.0081 -0.00667792 0.0112474 0.0081 -0.00673688 0.0114952 0.0073 -0.00598694 0.0118191 0.0073 -0.00602839 0.0120572 0.0081 -0.00678712 0.0117457 0.0073 -0.00606031 0.0122946 0.0081 -0.00682845 0.0119983 0.0081 -0.00686033 0.0122504 0.0073 -0.00608317 0.0125334 0.0081 -0.00688317 0.0125039 0.0081 -0.00689697 0.0127589 0.0073 -0.00609698 0.0127736 0.0081 -0.00690173 0.0130152 0.0073 -0.00610173 0.0130152 -0.0073 -0.0239014 0.00651441 -0.0073 -0.0239017 0.0130144 -0.0081 -0.0231015 0.0083061 -0.0081 -0.0231014 0.00651445 -0.0081 -0.0231017 0.0130144 -0.0073 -0.0208132 0.0012686 -0.0081 -0.0202819 0.00189157 -0.0073 -0.0206047 0.00115819 -0.0081 -0.0196797 0.0016282 -0.0073 -0.0199533 0.000876435 -0.0073 -0.0201749 0.000962198 -0.0073 -0.0210185 0.001388 -0.0081 -0.0206631 0.00210872 -0.0081 -0.0204745 0.00199598 -0.0081 -0.0200856 0.00179571 -0.0081 -0.0198849 0.00170792 -0.0073 -0.0203921 0.00105612 -0.0073 -0.0216008 0.0017909 -0.0081 -0.0211962 0.0024918 -0.0081 -0.0210234 0.00235612 -0.0073 -0.021412 0.00164894 -0.0081 -0.020846 0.00222877 -0.0073 -0.0212181 0.00151478 -0.0073 -0.0221323 0.00226033 -0.0081 -0.021523 0.00278316 -0.0073 -0.0219619 0.00209742 -0.0081 -0.0213629 0.00263429 -0.0073 -0.0217847 0.00194095 -0.0081 -0.0219646 0.00326972 -0.0073 -0.0224546 0.00260732 -0.0073 -0.022605 0.00278959 -0.0081 -0.0216766 0.00293864 -0.0073 -0.0222966 0.00243039 -0.0081 -0.0218244 0.00310153 -0.0073 -0.0230116 0.00337059 -0.0081 -0.0223413 0.00380789 -0.0081 -0.0222231 0.00362287 -0.0073 -0.0228834 0.00317117 -0.0081 -0.0220974 0.00344318 -0.0073 -0.0227477 0.0029772 -0.0081 -0.022647 0.00438895 -0.0081 -0.0225529 0.00419014 -0.0073 -0.0233466 0.00399488 -0.0081 -0.0224513 0.00399698 -0.0073 -0.0231314 0.00357413 -0.0073 -0.0232429 0.00378178 -0.0081 -0.022809 0.00479548 -0.0073 -0.0235282 0.00443158 -0.0073 -0.0236057 0.00465412 -0.0073 -0.0234418 0.00421183 -0.0081 -0.0227324 0.00459083 -0.0081 -0.0229363 0.00521513 -0.0081 -0.022877 0.00500348 -0.0073 -0.0236747 0.00488108 -0.0073 -0.0237346 0.00511017 -0.0081 -0.0229866 0.00542818 -0.0073 -0.0237854 0.00534067 -0.0081 -0.0230278 0.00564263 -0.0081 -0.0230599 0.00585848 -0.0073 -0.023827 0.00557259 -0.0073 -0.0238594 0.00580592 -0.0081 -0.0230828 0.00607574 -0.0073 -0.0238826 0.00604067 -0.0073 -0.0238966 0.00627683 -0.0081 -0.0230967 0.00629439 -0.0073 -0.0239014 0.00651441 -0.0081 -0.0231014 0.00651445 -0.0081 -0.00346191 -0.00427378 -0.0081 -0.00177829 -0.00488648 -0.0073 -0.00205187 -0.00563825 -0.0073 -0.0199533 0.000876435 -0.0081 -0.0179961 0.0010155 -0.0081 -0.0196797 0.0016282 -0.0073 0.0029192 0.00524197 -0.0081 0.0023853 0.00462062 -0.0073 0.00270935 0.0053534 -0.0081 0.00177829 0.00488648 -0.0073 0.00205187 0.00563825 -0.0073 0.00227569 0.00555154 -0.0073 0.0031262 0.00512107 -0.0081 0.00276894 0.00440133 -0.0081 0.00257869 0.00451554 -0.0081 0.00218756 0.00471738 -0.0081 0.00198522 0.004806 -0.0073 0.00249485 0.00545659 -0.0073 0.0037128 0.00471329 -0.0081 0.00330486 0.00401465 -0.0081 0.00313181 0.0041511 -0.0073 0.00352321 0.00485658 -0.0081 0.00295331 0.00427985 -0.0073 0.00332768 0.00499251 -0.0073 0.00424808 0.00423711 -0.0081 0.0036341 0.00371921 -0.0073 0.00407647 0.00440237 -0.0081 0.00347298 0.00387004 -0.0073 0.00389777 0.00456135 -0.0081 0.00407709 0.0032274 -0.0073 0.00457096 0.00388654 -0.0073 0.00472231 0.0037011 -0.0081 0.00378824 0.00356218 -0.0073 0.00441261 0.00406556 -0.0081 0.0039359 0.00339824 -0.0073 0.00512876 0.00311365 -0.0081 0.00445365 0.00268405 -0.0081 0.00433571 0.00287081 -0.0073 0.00500096 0.00331515 -0.0081 0.00421036 0.00305159 -0.0073 0.00486565 0.00351064 -0.0081 0.00475847 0.00209687 -0.0081 0.0046655 0.0022962 -0.0073 0.005463 0.00248101 -0.0081 0.00456389 0.00249192 -0.0073 0.00524891 0.00290641 -0.0073 0.00536033 0.00269553 -0.0081 0.00491939 0.00168476 -0.0073 0.00564299 0.00203837 -0.0073 0.00571963 0.00181237 -0.0073 0.00555714 0.00226222 -0.0081 0.00484324 0.00189264 -0.0073 0.00584528 0.00135373 -0.0073 0.00589461 0.0011189 -0.0081 0.00509345 0.00104678 -0.0073 0.00578705 0.00158421 -0.0081 0.00504438 0.00126262 -0.0081 0.00498644 0.00147476 -0.0073 0.00598592 0.000410758 -0.0081 0.0051852 0.00039206 -0.0073 0.00596493 0.000647415 -0.0081 0.00516394 0.000610903 -0.0081 0.00513336 0.000829144 -0.0073 0.00593449 0.000883462 -0.0081 0.00519965 -5.03218e-05 -0.0073 0.00599216 -0.000305721 -0.0081 0.00519292 -0.000270521 -0.0073 0.00599742 0.000171211 -0.0073 0.0059995 -6.7732e-05 -0.0081 0.00519708 0.00017082 -0.0073 0.00594886 -0.000780772 -0.0073 0.00591302 -0.00101719 -0.0081 0.00515118 -0.000710043 -0.0073 0.0059754 -0.000542755 -0.0081 0.00517688 -0.000489777 -0.0073 0.00575015 -0.00171302 -0.0081 0.00501967 -0.00135753 -0.0073 0.00581395 -0.00148256 -0.0081 0.00507253 -0.00114416 -0.0081 0.00511636 -0.000928332 -0.0073 0.00586805 -0.00125112 -0.0081 0.00480624 -0.00198489 -0.0073 0.00559574 -0.00216491 -0.0073 0.00550564 -0.00238491 -0.0081 0.00495706 -0.00157046 -0.0073 0.00567725 -0.00194094 -0.0081 0.0048859 -0.00177963 -0.0073 0.00529815 -0.00281567 -0.0073 0.00518213 -0.003024 -0.0081 0.00451488 -0.00257973 -0.0073 0.00540634 -0.00260201 -0.0081 0.00462031 -0.00238568 -0.0081 0.00471801 -0.00218637 -0.0073 0.0047853 -0.00361928 -0.0081 0.00428052 -0.00295242 -0.0073 0.0049261 -0.00342532 -0.0073 0.00505828 -0.00322701 -0.0081 0.00440171 -0.00276852 -0.0081 0.00387058 -0.00347253 -0.0073 0.00448316 -0.0039876 -0.0073 0.00432158 -0.00416217 -0.0081 0.00415064 -0.00313224 -0.0073 0.00463766 -0.00380671 -0.0081 0.00401399 -0.00330562 -0.0073 0.00397608 -0.00449328 -0.0073 0.00379482 -0.00464747 -0.0081 0.00339764 -0.00393641 -0.0073 0.00415167 -0.00433151 -0.0081 0.00356155 -0.00378868 -0.0081 0.00371985 -0.00363347 -0.0073 0.00321412 -0.00506636 -0.0081 0.00287 -0.00433611 -0.0073 0.00341325 -0.00493438 -0.0081 0.00305215 -0.00420995 -0.0081 0.00322812 -0.00407665 -0.0073 0.00360788 -0.00479408 -0.0081 0.00229662 -0.00466526 -0.0081 0.00249282 -0.00456353 -0.0073 0.00280281 -0.00530511 -0.0081 0.00268356 -0.00445397 -0.0073 0.00301064 -0.00518994 -0.0073 0.00237103 -0.00551151 -0.0081 0.00209589 -0.00475878 -0.0073 0.00258871 -0.00541268 -0.0073 0.00215044 -0.00560133 -0.0081 0.00189229 -0.00484341 -0.0073 0.00192694 -0.00568215 -0.0081 0.00168582 -0.00491914 -0.0081 0.00147503 -0.00498631 -0.0073 0.00169884 -0.00575435 -0.0073 0.00146809 -0.00581749 -0.0081 0.0012615 -0.00504455 -0.0073 0.00123594 -0.00587126 -0.0081 0.0010466 -0.00509354 -0.0081 0.000830332 -0.00513328 -0.0073 0.00100241 -0.00591566 -0.0073 0.000766134 -0.00595079 -0.0081 0.000611002 -0.00516387 -0.0073 0.000528105 -0.00597658 -0.0081 0.000390818 -0.00518519 -0.0081 0.000170806 -0.00519715 -0.0073 0.00029025 -0.0059929 -0.0073 5.25679e-05 -0.00599976 -0.0081 -4.90352e-05 -0.00519977 -0.0073 -0.000185884 -0.00599705 -0.0081 -0.000270588 -0.00519284 -0.0081 -0.000491097 -0.00517666 -0.0073 -0.000425184 -0.00598478 -0.0073 -0.000662755 -0.0059632 -0.0081 -0.000709898 -0.00515128 -0.0073 -0.000898596 -0.00593231 -0.0081 -0.000926992 -0.00511671 -0.0081 -0.00114238 -0.00507294 -0.0073 -0.00113271 -0.00589211 -0.0073 -0.00136509 -0.00584261 -0.0081 -0.00135605 -0.00501998 -0.0073 -0.00159575 -0.00578379 -0.0073 -0.00182467 -0.00571567 -0.0081 -0.00156802 -0.00495783 -0.0073 -0.00205187 -0.00563825 -0.0081 -0.00177829 -0.00488648 -0.0081 9.46608e-05 0.00549919 -0.0073 0.00205187 0.00563825 -0.0081 0.00177829 0.00488648 -0.0073 -0.00195762 0.00709738 -0.0081 -0.0022312 0.00634561 -0.0073 -0.00496262 0.00940298 -0.0081 -0.00561792 0.00894409 -0.0073 -0.00509732 0.0096036 -0.0081 -0.005467 0.00873685 -0.0073 -0.00482148 0.00920942 -0.0073 -0.00467283 0.00902111 -0.0081 -0.00530948 0.00853594 -0.0073 -0.00451668 0.00883806 -0.0081 -0.00514535 0.00834136 -0.0081 -0.00497461 0.0081531 -0.0073 -0.00435303 0.00866026 -0.0073 -0.00418409 0.00849042 -0.0081 -0.0047959 0.00796995 -0.0073 -0.00400853 0.00832692 -0.0081 -0.00461104 0.00779353 -0.0081 -0.00442062 0.00762436 -0.0073 -0.00382635 0.00816975 -0.0073 -0.00363755 0.00801892 -0.0081 -0.00422462 0.00746245 -0.0073 -0.00344474 0.00787676 -0.0081 -0.00402196 0.00730709 -0.0081 -0.00381351 0.00715883 -0.0073 -0.00324635 0.00774187 -0.0073 -0.00304238 0.00761424 -0.0081 -0.00360067 0.0070186 -0.0073 -0.00283284 0.00749389 -0.0081 -0.00338342 0.00688639 -0.0081 -0.00316178 0.00676219 -0.0073 -0.00262065 0.00738271 -0.0073 -0.00240404 0.00727957 -0.0081 -0.00293573 0.00664602 -0.0081 -0.00247045 0.00643773 -0.0081 -0.00270529 0.00653786 -0.0081 -0.0022312 0.00634561 -0.0073 -0.00218304 0.00718446 -0.0073 -0.00195762 0.00709738 -0.0081 -0.0057599 0.00915482 -0.0081 -0.0058944 0.00937079 -0.0073 -0.00522381 0.00980828 -0.0081 -0.00602139 0.00959202 -0.0073 -0.00534207 0.010017 -0.0081 -0.0061409 0.00981848 -0.0073 -0.00545212 0.0102298 -0.0073 -0.00555474 0.0104486 -0.0081 -0.00625158 0.0100479 -0.0081 -0.00635371 0.0102809 -0.0073 -0.00564862 0.0106701 -0.0081 -0.00644763 0.0105178 -0.0073 -0.00573376 0.0108944 -0.0073 -0.00581016 0.0111214 -0.0081 -0.00653334 0.0107588 -0.0081 -0.00661024 0.0110023 -0.0073 -0.0058783 0.0113533 -0.0081 -0.00667792 0.0112474 -0.0073 -0.00593738 0.0115865 -0.0073 -0.00598741 0.0118211 -0.0081 -0.00673688 0.0114952 -0.0081 -0.00678712 0.0117457 -0.0073 -0.00602839 0.0120572 -0.0081 -0.00682845 0.0119983 -0.0073 -0.00606031 0.0122946 -0.0073 -0.00608317 0.0125334 -0.0081 -0.00686033 0.0122504 -0.0081 -0.00688317 0.0125039 -0.0073 -0.00609698 0.0127736 -0.0081 -0.00689697 0.0127589 -0.0073 -0.00610173 0.0130152 -0.0081 -0.00690173 0.0130152 -0.0036 -0.00350321 0.00791866 0.0036 -0.00371633 0.00733303 -0.0036 -0.00371633 0.00733303 0.0036 -0.00350321 0.00791866 -0.0036 -0.00242262 0.00728799 -0.0036 -0.0026481 0.0073965 -0.0036 -0.00322929 0.00756016 -0.0036 -0.00329645 0.00777491 -0.0036 -0.003346 0.00758284 -0.0036 -0.00308502 0.00763996 -0.0036 -0.0028689 0.00751383 -0.0036 -0.00328675 0.0075761 -0.0036 -0.00219246 0.00718828 -0.0036 -0.00195762 0.00709738 -0.0036 -0.00340557 0.00758024 -0.0036 -0.00350321 0.00791866 -0.0036 -0.003464 0.00756835 -0.0036 -0.00357175 0.0075181 -0.0036 -0.00351985 0.00754747 -0.0036 -0.0036587 0.00743701 -0.0036 -0.00361841 0.00748098 -0.0036 -0.00371633 0.00733303 -0.0036 -0.00369161 0.00738729 0.0036 -0.00322929 0.00756016 0.0036 -0.00328675 0.0075761 0.0036 -0.00308502 0.00763996 0.0036 -0.0036587 0.00743701 0.0036 -0.00369161 0.00738729 0.0036 -0.00350321 0.00791866 0.0036 -0.00371633 0.00733303 0.0036 -0.00357175 0.0075181 0.0036 -0.00361841 0.00748098 0.0036 -0.003464 0.00756835 0.0036 -0.00351985 0.00754747 0.0036 -0.00329645 0.00777491 0.0036 -0.003346 0.00758284 0.0036 -0.00340557 0.00758024 0.0036 -0.00219246 0.00718828 0.0036 -0.00195762 0.00709738 0.0036 -0.0026481 0.0073965 0.0036 -0.00242262 0.00728799 0.0036 -0.0028689 0.00751383 -0.0081 -0.00477722 -0.0027254 -0.0081 -0.0166417 0.00116102 -0.0081 -0.016422 0.00121745 -0.0081 -0.0125474 0.00777305 -0.0081 -0.0126037 0.00799248 -0.0081 -0.0058944 0.00937079 -0.0081 -0.0153672 0.00163332 -0.0081 -0.00529956 -0.00147079 -0.0081 -0.0155703 0.00153321 -0.0081 -0.00516037 -0.0019027 -0.0081 -0.00507781 -0.00211325 -0.0081 -0.0157778 0.00144134 -0.0081 -0.0149719 0.00185999 -0.0081 -0.00540301 -0.00102818 -0.0081 -0.0151674 0.00174246 -0.0081 -0.0053562 -0.00124945 -0.0081 -0.0145983 0.00211704 -0.0081 -0.00546928 -0.000579267 -0.0081 -0.0147822 0.00198484 -0.0081 -0.0054407 -0.000804786 -0.0081 -0.0142459 0.00240553 -0.0081 -0.00549853 -0.000125668 -0.0081 -0.0144195 0.00225728 -0.0081 -0.00548875 -0.000351621 -0.0081 -0.0139195 0.00272072 -0.0081 -0.00549008 0.000328032 -0.0081 -0.0140792 0.00256001 -0.0081 -0.00549898 0.000100883 -0.0081 -0.0136195 0.00306309 -0.0081 -0.00544434 0.000780265 -0.0081 -0.0137665 0.00288809 -0.0081 -0.00547185 0.00055578 -0.0081 -0.0133494 0.00342789 -0.0081 -0.00530595 0.00144805 -0.0081 -0.0053614 0.0012264 -0.0081 -0.0134805 0.00324302 -0.0081 -0.00540752 0.00100381 -0.0081 -0.0131099 0.00381472 -0.0081 -0.00516883 0.0018794 -0.0081 -0.00524191 0.00166495 -0.0081 -0.0132262 0.0036177 -0.0081 -0.0129034 0.00421926 -0.0081 -0.0128132 0.00442678 -0.0081 -0.00499559 0.00230089 -0.0081 -0.0130023 0.00401524 -0.0081 -0.00508673 0.00209137 -0.0081 -0.00442062 0.00762436 -0.0081 -0.0124562 0.00574117 -0.0081 -0.0124289 0.00596649 -0.0081 -0.00489675 0.00250431 -0.0081 -0.012731 0.00463993 -0.0081 -0.0150042 0.0111896 -0.0081 -0.00690173 0.0130152 -0.0081 -0.0148132 0.0110658 -0.0081 -0.0154007 0.0114132 -0.0081 -0.0156044 0.011512 -0.0081 -0.00686033 0.0122504 -0.0081 -0.0141062 0.0104954 -0.0081 -0.00688317 0.0125039 -0.0081 -0.0142745 0.0106492 -0.0081 -0.014449 0.0107959 -0.0081 -0.00689697 0.0127589 -0.0081 -0.0136437 0.00999609 -0.0081 -0.0137915 0.0101694 -0.0081 -0.00682845 0.0119983 -0.0081 -0.0129192 0.00884432 -0.0081 -0.00635371 0.0102809 -0.0081 -0.0128275 0.00863706 -0.0081 -0.00625158 0.0100479 -0.0081 -0.0127442 0.00842548 -0.0081 -0.00653334 0.0107588 -0.0081 -0.0131289 0.00924806 -0.0081 -0.00661024 0.0110023 -0.0081 -0.005467 0.00873685 -0.0081 -0.0124616 0.0073257 -0.0081 -0.00561792 0.00894409 -0.0081 -0.00602139 0.00959202 -0.0081 -0.00397895 0.0037971 -0.0081 -0.00413312 0.00362848 -0.0081 -0.0124032 0.00664781 -0.0081 -0.00514535 0.00834136 -0.0081 -0.00497461 0.0081531 -0.0081 -0.00381946 0.00395745 -0.0081 -0.00422462 0.00746245 -0.0081 -0.00402196 0.00730709 -0.0081 -0.00365319 0.00411134 -0.0081 -0.00381351 0.00715883 -0.0081 -0.00348016 0.00425877 -0.0081 -0.00360067 0.0070186 -0.0081 -0.00338342 0.00688639 -0.0081 -0.00330035 0.00439974 -0.0081 -0.00316178 0.00676219 -0.0081 -0.00311666 0.00453168 -0.0081 -0.00292736 0.00465613 -0.0081 -0.00293573 0.00664602 -0.0081 -0.00270529 0.00653786 -0.0081 -0.00273243 0.00477309 -0.0081 -0.00253189 0.00488257 -0.0081 -0.00247045 0.00643773 -0.0081 -0.00232901 0.00498251 -0.0081 -0.00191031 0.00515746 -0.0081 -0.00212181 0.00507414 -0.0081 -0.0022312 0.00634561 -0.0081 -0.00147794 0.00529768 -0.0081 -0.00169449 0.00523246 -0.0081 -0.00103617 0.00540139 -0.0081 -0.00125849 0.00535398 -0.0081 -0.000586623 0.0054686 -0.0081 -0.000810958 0.00543988 -0.0081 -0.000133814 0.00549825 -0.0081 -0.000360909 0.00548805 -0.0081 9.46608e-05 0.00549919 -0.0081 -0.0124024 0.00641967 -0.0081 -0.0047959 0.00796995 -0.0081 -0.0124109 0.00619217 -0.0081 -0.0057599 0.00915482 -0.0081 -0.0124327 0.00710032 -0.0081 -0.00644763 0.0105178 -0.0081 -0.0130192 0.00904727 -0.0081 -0.0061409 0.00981848 -0.0081 -0.0139456 0.0103358 -0.0081 -0.00678712 0.0117457 -0.0081 -0.0135027 0.00981636 -0.0081 -0.0126692 0.00820959 -0.0081 -0.0146285 0.0109348 -0.0081 -0.0125001 0.00755078 -0.0081 -0.00530948 0.00853594 -0.0081 -0.0152006 0.0113057 -0.0081 -0.0158128 0.0116026 -0.0081 -0.0160258 0.0116848 -0.0081 -0.0124133 0.00687469 -0.0081 -0.016241 0.011758 -0.0081 -0.00461104 0.00779353 -0.0081 -0.00427956 0.00345461 -0.0081 -0.0125389 0.00529281 -0.0081 -0.012493 0.00551621 -0.0081 -0.00441825 0.00327547 -0.0081 -0.0229231 0.00875804 -0.0081 -0.0230171 0.00853446 -0.0081 -0.0231017 0.0130144 -0.0081 -0.0045492 0.00309108 -0.0081 -0.00467355 0.0028994 -0.0081 -0.0125937 0.00507322 -0.0081 -0.0228196 0.00897683 -0.0081 -0.0227064 0.00919083 -0.0081 -0.0047894 0.00270381 -0.0081 -0.0126578 0.0048556 -0.0081 -0.0224515 0.00960447 -0.0081 -0.0225838 0.00940004 -0.0081 -0.0218809 0.0103113 -0.0081 -0.0220336 0.0101444 -0.0081 -0.00488535 -0.00252632 -0.0081 -0.0162053 0.00128276 -0.0081 -0.00498555 -0.00232227 -0.0081 -0.00523429 -0.00168854 -0.0081 -0.0166783 0.0118769 -0.0081 -0.0164583 0.011822 -0.0081 -0.0231015 0.0083061 -0.0081 -0.0169022 0.011923 -0.0081 -0.0171266 0.0119597 -0.0081 -0.0173516 0.0119871 -0.0081 -0.0221797 0.00997091 -0.0081 -0.022319 0.00979094 -0.0081 -0.0178057 0.0120137 -0.0081 -0.0175771 0.0120051 -0.0081 -0.0182598 0.012003 -0.0081 -0.0180333 0.012013 -0.0081 -0.0215551 0.0106256 -0.0081 -0.0217214 0.0104717 -0.0081 -0.0212024 0.0109138 -0.0081 -0.0213821 0.010773 -0.0081 -0.0208287 0.0111709 -0.0081 -0.0210179 0.0110465 -0.0081 -0.0204337 0.011397 -0.0081 -0.0206339 0.0112877 -0.0081 -0.0200224 0.0115892 -0.0081 -0.0202295 0.0114977 -0.0081 -0.0195959 0.011747 -0.0081 -0.0198112 0.0116723 -0.0081 -0.0191583 0.0118691 -0.0081 -0.0193775 0.0118129 -0.0081 -0.0187119 0.0119545 -0.0081 -0.0189364 0.0119163 -0.0081 -0.0184853 0.0119836 -0.0081 -0.00673688 0.0114952 -0.0081 -0.00667792 0.0112474 -0.0081 -0.0133706 0.0096326 -0.0081 -0.013246 0.00944317 -0.0081 -0.0159899 0.00135769 -0.0081 -0.00453578 -0.00311052 -0.0081 -0.0170896 0.00107493 -0.0081 -0.0168644 0.00111347 -0.0081 -0.00466116 -0.00291952 -0.0081 -0.00440339 -0.00329531 -0.0081 -0.004264 -0.0034739 -0.0081 -0.00411759 -0.00364629 -0.0081 -0.0173141 0.00104618 -0.0081 -0.01754 0.00102669 -0.0081 -0.00396418 -0.00381247 -0.0081 -0.00380377 -0.00397244 -0.0081 -0.0177673 0.00101646 -0.0081 -0.00363634 -0.00412621 -0.0081 -0.0179961 0.0010155 -0.0081 -0.00346191 -0.00427378 -0.0036 -0.00769012 -0.00358638 0.0036 -0.00769012 -0.00358638 0.0073 -0.0199533 0.000876435 -0.0073 -0.0199533 0.000876435 -0.0073 -0.00205187 -0.00563825 0.0073 -0.00205187 -0.00563825 -0.0036 -0.00733303 -0.00371633 0.0036 -0.00733303 -0.00371633 -0.0073 -0.0238826 0.00604067 0.0073 -0.0238594 0.00580592 0.0073 -0.0238826 0.00604067 -0.0073 -0.0239014 0.00651441 -0.0073 -0.0238966 0.00627683 0.0073 -0.0238966 0.00627683 0.0073 -0.0237849 0.00533853 -0.0073 -0.0237854 0.00534067 0.0073 -0.023734 0.0051076 -0.0073 -0.023827 0.00557259 0.0073 -0.0238269 0.00557226 -0.0073 -0.0238594 0.00580592 -0.0073 -0.0236057 0.00465412 0.0073 -0.0235273 0.00442942 0.0073 -0.0236054 0.00465352 -0.0073 -0.0236747 0.00488108 0.0073 -0.0236743 0.00487946 -0.0073 -0.0237346 0.00511017 0.0073 -0.0232424 0.00378098 0.0073 -0.023346 0.00399354 -0.0073 -0.0233466 0.00399488 0.0073 -0.0234408 0.00420942 -0.0073 -0.0235282 0.00443158 -0.0073 -0.0234418 0.00421183 0.0073 -0.0230103 0.00336842 -0.0073 -0.0230116 0.00337059 0.0073 -0.0228828 0.00317014 -0.0073 -0.0232429 0.00378178 -0.0073 -0.0231314 0.00357413 0.0073 -0.0231302 0.00357203 -0.0073 -0.022605 0.00278959 0.0073 -0.0224531 0.00260544 0.0073 -0.0226034 0.00278764 -0.0073 -0.0227477 0.0029772 0.0073 -0.0227469 0.00297627 -0.0073 -0.0228834 0.00317117 0.0073 -0.0219599 0.00209569 0.0073 -0.0221312 0.00225937 -0.0073 -0.0221323 0.00226033 0.0073 -0.022296 0.00242967 -0.0073 -0.0224546 0.00260732 -0.0073 -0.0222966 0.00243039 0.0073 -0.0216003 0.00179048 -0.0073 -0.0216008 0.0017909 0.0073 -0.0214106 0.00164803 -0.0073 -0.0219619 0.00209742 -0.0073 -0.0217847 0.00194095 0.0073 -0.021783 0.00193939 0.0073 -0.0212159 0.00151334 -0.0073 -0.021412 0.00164894 -0.0073 -0.0212181 0.00151478 0.0073 -0.0210166 0.0013868 -0.0073 -0.0210185 0.001388 0.0073 -0.0208129 0.00126842 0.0073 -0.0206047 0.00115819 -0.0073 -0.0208132 0.0012686 -0.0073 -0.0206047 0.00115819 0.0073 -0.0203921 0.00105612 -0.0073 -0.0203921 0.00105612 0.0073 -0.0201749 0.000962198 0.0073 -0.0199533 0.000876435 -0.0073 -0.0201749 0.000962198 -0.0073 -0.0199533 0.000876435 0.0073 -0.0239014 0.00651441 0.0073 -0.0239017 0.0130144 -0.0073 -0.0239017 0.0130144 -0.0073 -0.0239014 0.00651441 0.0073 -0.0239014 0.00651441 -0.0052017 -0.0106893 0.013015 -0.0051283 -0.0106238 0.013015 -0.0081 -0.00690173 0.0130152 -0.00199285 -0.0129111 0.0130149 -0.00411853 -0.0123261 0.0130149 -0.00189622 -0.0130309 0.0130149 -0.00208157 -0.0127863 0.0130149 -0.00394602 -0.0122342 0.0130149 -0.00402986 -0.0122843 0.0130149 -0.00351999 -0.0116007 0.013015 -0.00248871 -0.011639 0.013015 -0.00350526 -0.011504 0.013015 -0.00430557 -0.0123826 0.0130149 -0.00179244 -0.0131445 0.0130149 -0.00421073 -0.0123589 0.0130149 0.00394265 -0.012232 0.0130149 0.00208449 -0.0127818 0.0130149 0.00402714 -0.0122829 0.0130149 -0.00144938 -0.00936477 0.0130151 -0.0073 -0.00610173 0.0130152 -0.00157176 -0.00945765 0.0130151 -0.00223586 -0.0125201 0.0130149 -0.00379462 -0.0121105 0.0130149 -0.00386713 -0.012176 0.0130149 -0.00216293 -0.0126553 0.0130149 -0.00230019 -0.012381 0.0130149 -0.00372866 -0.0120381 0.0130149 -0.00350002 -0.0114063 0.013015 -0.00249856 -0.0114863 0.013015 -0.00354419 -0.0116956 0.013015 -0.00357738 -0.0117874 0.013015 -0.00246947 -0.011791 0.013015 -0.00240645 -0.0107244 0.013015 -0.00235997 -0.0105769 0.013015 -0.00366523 -0.0108512 0.013015 -0.00378829 -0.0106993 0.013015 -0.00230488 -0.0104335 0.013015 -0.00224076 -0.0102933 0.013015 0.00223834 -0.0125151 0.0130149 0.00379096 -0.0121069 0.0130149 0.00230277 -0.0123749 0.0130149 0.000307956 -0.0138827 0.0130149 0.000154785 -0.0138969 0.0130149 0.0073 -0.0239017 0.0130144 0.00366671 -0.0119545 0.0130149 0.00240488 -0.0120846 0.0130149 0.00235842 -0.0122311 0.0130149 0.00350538 -0.0112983 0.013015 0.00352037 -0.011201 0.013015 0.00248908 -0.011169 0.013015 0.00351838 -0.0115926 0.013015 0.00248942 -0.0116307 0.013015 0.00354185 -0.0116879 0.013015 0.0081 -0.0231017 0.0130144 0.00545581 -0.0116956 0.013015 0.00542262 -0.0117874 0.013015 0.00354482 -0.0111057 0.013015 0.0024416 -0.0108647 0.013015 0.00247 -0.0110156 0.013015 0.00357862 -0.0110131 0.013015 0.00362115 -0.0109246 0.013015 0.00240383 -0.0107152 0.013015 0.00367248 -0.0108403 0.013015 0.00235693 -0.0105682 0.013015 0.00549562 -0.0113083 0.013015 0.00549998 -0.0114063 0.013015 0.0081 -0.00690173 0.0130152 0.00230125 -0.010425 0.013015 0.00373149 -0.0107619 0.013015 0.0037983 -0.0106893 0.013015 0.00223655 -0.0102848 0.013015 0.0045088 -0.0104018 0.013015 0.00460647 -0.0104074 0.013015 0.0073 -0.00610173 0.0130152 0.000303025 -0.00892023 0.0130151 0.000455079 -0.00894351 0.0130151 0.000605402 -0.00897617 0.0130151 0.000754148 -0.00901825 0.0130151 -0.00168838 -0.00955808 0.0130151 -0.000464061 -0.00894522 0.0130151 -0.000312429 -0.00892133 0.0130151 -0.00458893 -0.0104057 0.013015 -0.0044912 -0.0104018 0.013015 -0.00439353 -0.0104074 0.013015 -0.00468613 -0.0104192 0.013015 -0.00478212 -0.0104424 0.013015 -0.00496384 -0.0105158 0.013015 -0.00487469 -0.0104746 0.013015 -0.00504879 -0.0105658 0.013015 -0.00549997 -0.0113968 0.013015 -0.00549462 -0.0112983 0.013015 -0.00532752 -0.0108403 0.013015 -0.00526851 -0.0107619 0.013015 -0.00542138 -0.0110131 0.013015 -0.00537885 -0.0109246 0.013015 -0.00547963 -0.011201 0.013015 -0.00545518 -0.0111057 0.013015 -0.00548162 -0.0115926 0.013015 -0.00549563 -0.0114949 0.013015 -0.0081 -0.0231017 0.0130144 -0.00545815 -0.0116879 0.013015 -0.0053836 -0.0118699 0.013015 -0.00542533 -0.0117809 0.013015 -0.00527483 -0.0120339 0.0130149 -0.00533329 -0.0119545 0.0130149 -0.00513606 -0.0121734 0.0130149 -0.00520904 -0.0121069 0.0130149 -0.00497286 -0.0122829 0.0130149 -0.00505735 -0.012232 0.0130149 -0.00479138 -0.0123583 0.0130149 -0.00488407 -0.012325 0.0130149 -0.00459862 -0.0123968 0.0130149 -0.00469587 -0.0123823 0.0130149 -0.0045 -0.0124017 0.0130149 0.00247067 -0.0117834 0.013015 0.0024425 -0.0119346 0.0130149 0.00357467 -0.0117809 0.013015 0.00549474 -0.011504 0.013015 0.00548001 -0.0116007 0.013015 0.00469443 -0.0123826 0.0130149 0.00459801 -0.0123969 0.0130149 0.0045 -0.0124017 0.0130149 0.00488147 -0.0123261 0.0130149 0.00478927 -0.0123589 0.0130149 0.00505398 -0.0122342 0.0130149 0.00497014 -0.0122843 0.0130149 0.00520538 -0.0121105 0.0130149 0.00513287 -0.012176 0.0130149 0.00532988 -0.0119596 0.0130149 0.00527134 -0.0120381 0.0130149 0.00538038 -0.011876 0.013015 0.00545844 -0.0111165 0.013015 0.00548175 -0.0112117 0.013015 0.00538467 -0.0109355 0.013015 0.00542599 -0.0110242 0.013015 0.00527708 -0.0107724 0.013015 0.00533477 -0.0108512 0.013015 0.00387169 -0.0106238 0.013015 0.00395121 -0.0105658 0.013015 0.00216355 -0.0101491 0.013015 0.00513976 -0.0106332 0.013015 0.00521171 -0.0106993 0.013015 0.00506153 -0.0105743 0.013015 0.0019929 -0.00989234 0.013015 0.00208242 -0.0100185 0.013015 0.00403616 -0.0105158 0.013015 0.00488987 -0.0104809 0.013015 0.0049779 -0.0105233 0.013015 0.00470326 -0.0104226 0.013015 0.00479777 -0.0104471 0.013015 0.00431387 -0.0104192 0.013015 0.00441107 -0.0104057 0.013015 0.00249872 -0.0113227 0.013015 0.00350003 -0.0113968 0.013015 0.00249889 -0.0114762 0.013015 0.0036164 -0.0118699 0.013015 -0.0021681 -0.0101571 0.013015 -0.00386024 -0.0106332 0.013015 -0.00393847 -0.0105743 0.013015 0.00372517 -0.0120339 0.0130149 -0.00372292 -0.0107724 0.013015 0.00386394 -0.0121734 0.0130149 0.0021658 -0.0126504 0.0130149 -0.00249899 -0.0113328 0.013015 -0.00249003 -0.0111787 0.013015 -0.00350438 -0.0113083 0.013015 -0.00357401 -0.0110242 0.013015 -0.00354156 -0.0111165 0.013015 -0.00247138 -0.011025 0.013015 0.00189939 -0.0130272 0.0130149 0.00411593 -0.012325 0.0130149 0.00199552 -0.0129076 0.0130149 0.00420862 -0.0123583 0.0130149 0.00179513 -0.0131416 0.0130149 0.00430413 -0.0123823 0.0130149 0.00168469 -0.0132488 0.0130149 0.00440138 -0.0123968 0.0130149 -0.00361962 -0.011876 0.013015 -0.00244083 -0.0119422 0.0130149 -0.0073 -0.0239017 0.0130144 -9.07239e-14 -0.0139017 0.0130149 -0.00240303 -0.0120912 0.0130149 -0.00367012 -0.0119596 0.0130149 0.00144458 -0.013442 0.0130149 0.00156805 -0.0133488 0.0130149 0.00131645 -0.013527 0.0130149 -0.00235619 -0.0122373 0.0130149 -0.00361533 -0.0109355 0.013015 -0.00244357 -0.0108737 0.013015 0.000609453 -0.0138263 0.0130149 0.000459512 -0.0138591 0.0130149 0.00090337 -0.0137328 0.0130149 0.00075778 -0.0137841 0.0130149 0.00118307 -0.013604 0.0130149 0.00104481 -0.0136729 0.0130149 -0.00208764 -0.0100263 0.013015 -0.0040221 -0.0105233 0.013015 0.00350437 -0.0114949 0.013015 -0.00199865 -0.00990003 0.013015 -0.00190234 -0.00977972 0.013015 -0.00411013 -0.0104809 0.013015 -0.00179927 -0.00966603 0.0130151 -0.00420223 -0.0104471 0.013015 -0.00429674 -0.0104226 0.013015 0.00189642 -0.00977278 0.013015 0.00412531 -0.0104746 0.013015 0.00421788 -0.0104424 0.013015 0.00179256 -0.0096592 0.0130151 0.00168135 -0.00955158 0.0130151 0.00156465 -0.00945193 0.0130151 0.00131264 -0.00927406 0.0130151 0.00144152 -0.00935926 0.0130151 0.00104126 -0.00912895 0.0130151 0.00117952 -0.00919753 0.0130151 0.000899186 -0.00906904 0.0130151 -0.00132058 -0.00927905 0.0130151 -0.00118762 -0.00920184 0.0130151 -4.55641e-06 -0.00890176 0.0130151 0.000148804 -0.00890616 0.0130151 -0.00015848 -0.00890682 0.0130151 -0.00104989 -0.00913292 0.0130151 -0.000763019 -0.00902102 0.0130151 -0.000614637 -0.00897852 0.0130151 -0.000907776 -0.00907242 0.0130151 -0.00351825 -0.0112117 0.013015 -0.00168223 -0.013251 0.0130149 -0.00156505 -0.0133512 0.0130149 -0.00440199 -0.0123969 0.0130149 -0.00144253 -0.0134435 0.0130149 -0.00131448 -0.0135282 0.0130149 -0.0011808 -0.0136053 0.0130149 -0.000902039 -0.0137333 0.0130149 -0.00104367 -0.0136734 0.0130149 -0.000609371 -0.0138263 0.0130149 -0.000756791 -0.0137844 0.0130149 -0.000307112 -0.0138828 0.0130149 -0.000458877 -0.0138592 0.0130149 -0.000154335 -0.0138969 0.0130149 0.0073 -0.00262065 0.00738271 0.0036 -0.0026481 0.0073965 0.0073 -0.00283284 0.00749389 -0.0073 -0.00545212 0.0102298 0.0073 -0.00555396 0.0104466 0.0073 -0.00545212 0.0102298 -0.0073 -0.00555474 0.0104486 0.0073 -0.00564758 0.0106675 0.0073 -0.00573298 0.0108924 -0.0073 -0.00564862 0.0106701 -0.0073 -0.00573376 0.0108944 -0.0073 -0.00581016 0.0111214 0.0073 -0.00581016 0.0111214 0.0073 -0.00382479 0.00816835 -0.0073 -0.00363755 0.00801892 -0.0073 -0.00382635 0.00816975 0.0073 -0.00587782 0.0113512 0.0073 -0.00363755 0.00801892 0.0073 -0.00344298 0.00787561 0.0036 -0.00350321 0.00791866 0.0073 -0.00240404 0.00727957 0.0036 -0.00242262 0.00728799 0.0073 -0.00218304 0.00718446 0.0036 -0.00219246 0.00718828 0.0036 -0.00195762 0.00709738 0.0073 -0.00195762 0.00709738 0.0036 -0.0028689 0.00751383 0.0073 -0.00304063 0.0076131 0.0036 -0.00308502 0.00763996 0.0036 -0.00329645 0.00777491 0.0073 -0.00324401 0.00774034 -0.0073 -0.00400853 0.00832692 0.0073 -0.00418253 0.00848902 0.0073 -0.00400645 0.00832506 -0.0036 -0.00350321 0.00791866 -0.0073 -0.00451668 0.00883806 -0.0073 -0.00467283 0.00902111 0.0073 -0.00467106 0.00901895 0.0073 -0.00435303 0.00866026 -0.0073 -0.00435303 0.00866026 0.0073 -0.00451535 0.00883644 0.0073 -0.00509625 0.0096018 -0.0073 -0.00496262 0.00940298 -0.0073 -0.00509732 0.0096036 0.0073 -0.00496262 0.00940298 0.0073 -0.00482015 0.0092078 -0.0073 -0.00482148 0.00920942 -0.0073 -0.00534207 0.010017 -0.0073 -0.00522381 0.00980828 0.0073 -0.00534101 0.0100152 0.0073 -0.00522238 0.00980587 0.0073 -0.00593675 0.0115838 -0.0073 -0.0058783 0.0113533 -0.0073 -0.00593738 0.0115865 -0.0073 -0.00598741 0.0118211 0.0073 -0.00598694 0.0118191 -0.0073 -0.00602839 0.0120572 0.0073 -0.00602839 0.0120572 0.0073 -0.00606031 0.0122946 -0.0073 -0.00606031 0.0122946 -0.0073 -0.00608317 0.0125334 0.0073 -0.00608317 0.0125334 -0.0073 -0.00609698 0.0127736 0.0073 -0.00609698 0.0127736 0.0073 -0.00610173 0.0130152 -0.0073 -0.00610173 0.0130152 -0.0073 -0.00418409 0.00849042 -0.0036 -0.00329645 0.00777491 -0.0073 -0.00344474 0.00787676 -0.0073 -0.00324635 0.00774187 -0.0036 -0.00308502 0.00763996 -0.0036 -0.0028689 0.00751383 -0.0073 -0.00304238 0.00761424 -0.0036 -0.0026481 0.0073965 -0.0073 -0.00283284 0.00749389 -0.0073 -0.00262065 0.00738271 -0.0036 -0.00242262 0.00728799 -0.0036 -0.00219246 0.00718828 -0.0073 -0.00240404 0.00727957 -0.0036 -0.00195762 0.00709738 -0.0073 -0.00218304 0.00718446 -0.0073 -0.00195762 0.00709738 0.0036 -0.00195762 0.00709738 -0.0036 -0.00195762 0.00709738 -0.0036 -0.00322929 0.00756016 0.0036 -0.00322929 0.00756016 0.0073 -0.00195762 0.00709738 0.0073 0.00205187 0.00563825 -0.0073 0.00205187 0.00563825 -0.0073 -0.00195762 0.00709738 -0.0036 -0.00756016 -0.00322929 0.0036 -0.00756016 -0.00322929 0.0036 -0.00769012 -0.00358638 -0.0036 -0.00769012 -0.00358638 -0.0036 -0.00769012 -0.00358638 -0.0036 -0.00754747 -0.00351985 -0.0036 -0.00756835 -0.003464 -0.0036 -0.00738729 -0.00369161 -0.0036 -0.00733303 -0.00371633 -0.0036 -0.0075761 -0.00328675 -0.0036 -0.00756016 -0.00322929 -0.0036 -0.00758024 -0.00340557 -0.0036 -0.00758284 -0.003346 -0.0036 -0.0075181 -0.00357175 -0.0036 -0.00743701 -0.0036587 -0.0036 -0.00748098 -0.00361841 0.0036 -0.00769012 -0.00358638 0.0036 -0.0075761 -0.00328675 0.0036 -0.00758284 -0.003346 0.0036 -0.00754747 -0.00351985 0.0036 -0.00756835 -0.003464 0.0036 -0.00738729 -0.00369161 0.0036 -0.00733303 -0.00371633 0.0036 -0.00748098 -0.00361841 0.0036 -0.00743701 -0.0036587 0.0036 -0.0075181 -0.00357175 0.0036 -0.00758024 -0.00340557 0.0036 -0.00756016 -0.00322929 0.0081 -0.0231017 0.0130144 0.0081 -0.0230171 0.00853446 0.0081 -0.0229231 0.00875804 0.0081 -0.00169449 0.00523246 0.0081 -0.0022312 0.00634561 0.0081 -0.00190817 0.00515835 0.0081 -0.0170896 0.00107493 0.0081 -0.00453717 -0.00310866 0.0081 -0.0168666 0.00111293 0.0081 -0.0228196 0.00897683 0.0081 -0.0231015 0.0083061 0.0081 -0.0227064 0.00919083 0.0081 -0.0225838 0.00940004 0.0081 -0.0224515 0.00960447 0.0081 -0.022319 0.00979094 0.0081 -0.0221797 0.00997091 0.0081 -0.0220336 0.0101444 0.0081 -0.0218809 0.0103113 0.0081 -0.0217197 0.0104732 0.0081 -0.0215525 0.0106279 0.0081 -0.0213798 0.010775 0.0081 -0.0212016 0.0109145 0.0081 -0.0210163 0.0110475 0.0081 -0.0208258 0.0111726 0.0081 -0.0206312 0.0112894 0.0081 -0.0204324 0.0113977 0.0081 -0.0202281 0.0114982 0.0081 -0.0200194 0.0115904 0.0081 -0.0198081 0.0116735 0.0081 -0.0195941 0.0117477 0.0081 -0.0193765 0.0118131 0.0081 -0.0191553 0.0118697 0.0081 -0.018933 0.011917 0.0081 -0.0187097 0.011955 0.0081 -0.0184847 0.0119836 0.0081 -0.018257 0.012003 0.0081 -0.0180298 0.0120131 0.0081 -0.0178032 0.0120138 0.0081 -0.0175771 0.0120051 0.0081 -0.00690173 0.0130152 0.0081 -0.0162377 0.0117569 0.0081 -0.0160229 0.0116839 0.0081 -0.017349 0.0119867 0.0081 -0.014626 0.0109328 0.0081 -0.0144463 0.0107939 0.0081 -0.0150029 0.0111889 0.0081 -0.014812 0.0110649 0.0081 -0.0141055 0.0104946 0.0081 -0.0139436 0.0103336 0.0081 -0.00686033 0.0122504 0.0081 -0.0142731 0.0106481 0.0081 -0.00689697 0.0127589 0.0081 -0.00673688 0.0114952 0.0081 -0.0133691 0.00963022 0.0081 -0.00667792 0.0112474 0.0081 -0.00682845 0.0119983 0.0081 -0.0137892 0.0101668 0.0081 -0.0136422 0.00999443 0.0081 -0.0057599 0.00915482 0.0081 -0.0124994 0.00754781 0.0081 -0.00561792 0.00894409 0.0081 -0.00635371 0.0102809 0.0081 -0.0128262 0.00863383 0.0081 -0.00625158 0.0100479 0.0081 -0.000810957 0.00543988 0.0081 -0.000586623 0.0054686 0.0081 -0.000360908 0.00548805 0.0081 -0.000133814 0.00549825 0.0081 -0.0047959 0.00796995 0.0081 -0.0124023 0.0064182 0.0081 -0.0124111 0.0061907 0.0081 -0.00497461 0.0081531 0.0081 -0.012403 0.00664459 0.0081 -0.00247045 0.00643773 0.0081 -0.00232687 0.0049834 0.0081 -0.00442062 0.00762436 0.0081 -0.00461104 0.00779353 0.0081 -0.0124293 0.00596329 0.0081 -0.00270529 0.00653786 0.0081 -0.00273047 0.00477433 0.0081 -0.00253189 0.00488257 0.0081 -0.00381772 0.00395899 0.0081 -0.00422462 0.00746245 0.0081 -0.00397895 0.0037971 0.0081 -0.00338342 0.00688639 0.0081 -0.00330035 0.00439974 0.0081 -0.0031147 0.00453291 0.0081 -0.00293573 0.00664602 0.0081 -0.00292474 0.00465777 0.0081 -0.0125946 0.00507031 0.0081 -0.00467241 0.00290142 0.0081 -0.0045492 0.00309108 0.0081 -0.0124567 0.00573784 0.0081 -0.00413167 0.00363029 0.0081 -0.00489561 0.00250632 0.0081 -0.0128134 0.0044263 0.0081 -0.00499559 0.00230089 0.0081 -0.0126588 0.0048523 0.0081 -0.0127316 0.00463779 0.0081 -0.00478788 0.0027065 0.0081 -0.0130039 0.00401213 0.0081 -0.0131111 0.00381245 0.0081 -0.00516778 0.0018823 0.0081 -0.0129047 0.00421674 0.0081 -0.00508593 0.00209355 0.0081 -0.0132262 0.0036177 0.0081 -0.00524112 0.00166713 0.0081 -0.0133509 0.00342585 0.0081 -0.00536097 0.00122868 0.0081 -0.00530595 0.00144805 0.0081 -0.0134825 0.00324022 0.0081 -0.00540696 0.00100684 0.0081 -0.00544392 0.000782543 0.0081 -0.0136212 0.00306083 0.0081 -0.0137669 0.00288766 0.0081 -0.0139212 0.00271918 0.0081 -0.00547185 0.00055578 0.0081 -0.0140817 0.00255764 0.0081 -0.00549004 0.000330349 0.0081 -0.00549892 0.000103971 0.0081 -0.0142481 0.00240344 0.0081 -0.00549849 -0.000123352 0.0081 -0.0144203 0.00225657 0.0081 -0.0145999 0.002116 0.0081 -0.00548875 -0.00035162 0.0081 -0.00544116 -0.00080173 0.0081 -0.00546962 -0.000576975 0.0081 -0.014785 0.00198299 0.0081 -0.00540335 -0.00102589 0.0081 -0.0149746 0.0018582 0.0081 -0.0151687 0.00174165 0.0081 -0.0153686 0.00163272 0.0081 -0.0053562 -0.00124945 0.0081 -0.00523524 -0.0016856 0.0081 -0.00530028 -0.00146859 0.0081 -0.0155732 0.00153192 0.0081 -0.0157809 0.00143999 0.0081 -0.00516108 -0.00190049 0.0081 -0.00507781 -0.00211325 0.0081 -0.0159916 0.00135694 0.0081 -0.0162063 0.00128251 0.0081 -0.00498661 -0.00232021 0.0081 -0.016425 0.00121673 0.0081 -0.00488677 -0.00252358 0.0081 -0.00466116 -0.00291952 0.0081 -0.00477829 -0.00272335 0.0081 -0.0166451 0.0011602 0.0081 -0.00440524 -0.00329284 0.0081 -0.00426538 -0.00347205 0.0081 -0.00411759 -0.00364629 0.0081 -0.0173141 0.00104618 0.0081 -0.01754 0.00102669 0.0081 -0.00396418 -0.00381247 0.0081 -0.0177673 0.00101646 0.0081 -0.00380377 -0.00397244 0.0081 -0.00363634 -0.00412621 0.0081 -0.0179961 0.0010155 0.0081 -0.00346191 -0.00427378 0.0081 -0.00347843 0.00426031 0.0081 -0.00360067 0.0070186 0.0081 -0.00381351 0.00715883 0.0081 -0.0125392 0.00529182 0.0081 -0.0044168 0.00327727 0.0081 -0.0124932 0.00551434 0.0081 -0.00427762 0.00345701 0.0081 -0.00402196 0.00730709 0.0081 -0.00365088 0.00411339 0.0081 -0.00316178 0.00676219 0.0081 -0.00211896 0.00507533 0.0081 -0.00147568 0.00529821 0.0081 -0.00125549 0.00535469 0.0081 -0.00103391 0.00540192 0.0081 -0.00514535 0.00834136 0.0081 -0.0124132 0.00687133 0.0081 -0.00530948 0.00853594 0.0081 -0.0124326 0.00709844 0.0081 -0.005467 0.00873685 0.0081 -0.0124614 0.00732469 0.0081 9.46608e-05 0.00549919 0.0081 -0.0125467 0.00776968 0.0081 -0.0127431 0.00842288 0.0081 -0.0061409 0.00981848 0.0081 -0.0126032 0.0079903 0.0081 -0.0058944 0.00937079 0.0081 -0.00602139 0.00959202 0.0081 -0.0126689 0.00820909 0.0081 -0.0129182 0.00884196 0.0081 -0.0130192 0.00904727 0.0081 -0.00644763 0.0105178 0.0081 -0.00653334 0.0107588 0.0081 -0.0131275 0.0092459 0.0081 -0.00661024 0.0110023 0.0081 -0.0132442 0.00944022 0.0081 -0.0135024 0.0098159 0.0081 -0.00678712 0.0117457 0.0081 -0.00688317 0.0125039 0.0081 -0.0153977 0.0114116 0.0081 -0.0151978 0.0113042 0.0081 -0.0156028 0.0115111 0.0081 -0.0158118 0.0116023 0.0081 -0.0164562 0.0118213 0.0081 -0.0168994 0.0119226 0.0081 -0.0166778 0.0118768 0.0081 -0.0171231 0.0119592 -0.0073 -0.00113271 -0.00589211 0.0073 -0.00136509 -0.00584261 -0.0073 -0.00136509 -0.00584261 0.0073 -0.00205187 -0.00563825 -0.0073 -0.00205187 -0.00563825 -0.0073 -0.00182467 -0.00571567 -0.0073 -0.000898596 -0.00593231 0.0073 -0.000898596 -0.00593231 0.0073 -0.00113271 -0.00589211 0.0073 -0.00159575 -0.00578379 0.0073 -0.00182467 -0.00571567 -0.0073 -0.00159575 -0.00578379 -0.0073 -0.000185884 -0.00599705 0.0073 -0.000185884 -0.00599705 0.0073 -0.000425184 -0.00598478 -0.0073 -0.000425184 -0.00598478 0.0073 -0.000662755 -0.0059632 -0.0073 -0.000662755 -0.0059632 0.0073 0.000528105 -0.00597658 0.0073 0.00029025 -0.0059929 -0.0073 0.000528105 -0.00597658 0.0073 5.25679e-05 -0.00599976 -0.0073 5.25679e-05 -0.00599976 -0.0073 0.00029025 -0.0059929 0.0073 0.00100241 -0.00591566 -0.0073 0.00123594 -0.00587126 0.0073 0.00123594 -0.00587126 -0.0073 0.000766134 -0.00595079 -0.0073 0.00100241 -0.00591566 0.0073 0.000766134 -0.00595079 -0.0073 0.00192694 -0.00568215 0.0073 0.00192694 -0.00568215 0.0073 0.00169884 -0.00575435 -0.0073 0.00169884 -0.00575435 0.0073 0.00146809 -0.00581749 -0.0073 0.00146809 -0.00581749 0.0073 0.00258871 -0.00541268 0.0073 0.00237103 -0.00551151 -0.0073 0.00258871 -0.00541268 0.0073 0.00215044 -0.00560133 -0.0073 0.00215044 -0.00560133 -0.0073 0.00237103 -0.00551151 0.0073 0.00301064 -0.00518994 -0.0073 0.00321412 -0.00506636 0.0073 0.00321412 -0.00506636 -0.0073 0.00280281 -0.00530511 -0.0073 0.00301064 -0.00518994 0.0073 0.00280281 -0.00530511 -0.0073 0.00379482 -0.00464747 0.0073 0.00379482 -0.00464747 0.0073 0.00360788 -0.00479408 -0.0073 0.00360788 -0.00479408 0.0073 0.00341325 -0.00493438 -0.0073 0.00341325 -0.00493438 0.0073 0.00432158 -0.00416217 0.0073 0.00415167 -0.00433151 -0.0073 0.00432158 -0.00416217 0.0073 0.00397608 -0.00449328 -0.0073 0.00397608 -0.00449328 -0.0073 0.00415167 -0.00433151 0.0073 0.00463766 -0.00380671 -0.0073 0.0047853 -0.00361928 0.0073 0.0047853 -0.00361928 -0.0073 0.00448316 -0.0039876 -0.0073 0.00463766 -0.00380671 0.0073 0.00448316 -0.0039876 -0.0073 0.00518213 -0.003024 0.0073 0.00518213 -0.003024 0.0073 0.00505828 -0.00322701 -0.0073 0.00505828 -0.00322701 0.0073 0.0049261 -0.00342532 -0.0073 0.0049261 -0.00342532 0.0073 0.00550564 -0.00238491 0.0073 0.00540634 -0.00260201 -0.0073 0.00550564 -0.00238491 0.0073 0.00529815 -0.00281567 -0.0073 0.00529815 -0.00281567 -0.0073 0.00540634 -0.00260201 0.0073 0.00567725 -0.00194094 -0.0073 0.00575015 -0.00171302 0.0073 0.00575015 -0.00171302 -0.0073 0.00559574 -0.00216491 -0.0073 0.00567725 -0.00194094 0.0073 0.00559574 -0.00216491 -0.0073 0.00591302 -0.00101719 0.0073 0.00591302 -0.00101719 0.0073 0.00586805 -0.00125112 -0.0073 0.00586805 -0.00125112 0.0073 0.00581395 -0.00148256 -0.0073 0.00581395 -0.00148256 0.0073 0.00599216 -0.000305721 0.0073 0.0059754 -0.000542755 -0.0073 0.00599216 -0.000305721 0.0073 0.00594886 -0.000780772 -0.0073 0.00594886 -0.000780772 -0.0073 0.0059754 -0.000542755 0.0073 0.00599742 0.000171211 -0.0073 0.00598592 0.000410758 0.0073 0.00598592 0.000410758 -0.0073 0.0059995 -6.7732e-05 -0.0073 0.00599742 0.000171211 0.0073 0.0059995 -6.7732e-05 -0.0073 0.00589461 0.0011189 0.0073 0.00589461 0.0011189 0.0073 0.00593449 0.000883462 -0.0073 0.00593449 0.000883462 0.0073 0.00596493 0.000647415 -0.0073 0.00596493 0.000647415 0.0073 0.00571963 0.00181237 0.0073 0.00578705 0.00158421 -0.0073 0.00571963 0.00181237 0.0073 0.00584528 0.00135373 -0.0073 0.00584528 0.00135373 -0.0073 0.00578705 0.00158421 0.0073 0.00555714 0.00226222 -0.0073 0.005463 0.00248101 0.0073 0.005463 0.00248101 -0.0073 0.00564299 0.00203837 -0.0073 0.00555714 0.00226222 0.0073 0.00564299 0.00203837 0.0073 0.00536033 0.00269553 -0.0073 0.00536033 0.00269553 -0.0073 0.00524891 0.00290641 -0.0073 0.00512876 0.00311365 0.0073 0.00524891 0.00290641 -0.0073 0.00500096 0.00331515 0.0073 0.00512876 0.00311365 0.0073 0.00500096 0.00331515 -0.0073 0.00486565 0.00351064 -0.0073 0.00472231 0.0037011 0.0073 0.00486565 0.00351064 -0.0073 0.00457096 0.00388654 0.0073 0.00472231 0.0037011 0.0073 0.00457096 0.00388654 -0.0073 0.00441261 0.00406556 -0.0073 0.00424808 0.00423711 0.0073 0.00441261 0.00406556 -0.0073 0.00407647 0.00440237 0.0073 0.00424808 0.00423711 0.0073 0.00407647 0.00440237 -0.0073 0.00389777 0.00456135 -0.0073 0.0037128 0.00471329 0.0073 0.00389777 0.00456135 -0.0073 0.00352321 0.00485658 0.0073 0.0037128 0.00471329 0.0073 0.00352321 0.00485658 -0.0073 0.00332768 0.00499251 -0.0073 0.0031262 0.00512107 0.0073 0.00332768 0.00499251 -0.0073 0.0029192 0.00524197 0.0073 0.0031262 0.00512107 0.0073 0.0029192 0.00524197 -0.0073 0.00270935 0.0053534 -0.0073 0.00249485 0.00545659 0.0073 0.00270935 0.0053534 -0.0073 0.00227569 0.00555154 0.0073 0.00249485 0.00545659 0.0073 0.00227569 0.00555154 -0.0073 0.00205187 0.00563825 0.0073 0.00205187 0.00563825 0.0073 0.00540634 -0.00260201 0.0073 0.00550564 -0.00238491 0.0081 0.00471809 -0.00218623 0.0081 0.00451631 -0.00257719 0.0073 0.00529815 -0.00281567 0.0081 0.00462145 -0.00238367 0.0073 0.00518213 -0.003024 0.0073 0.00505828 -0.00322701 0.0081 0.00440269 -0.0027668 0.0081 0.00428081 -0.00295206 0.0081 0.00401581 -0.00330336 0.0073 0.0047853 -0.00361928 0.0081 0.00415218 -0.00313034 0.0073 0.0049261 -0.00342532 0.0073 0.00463766 -0.00380671 0.0073 0.00448316 -0.0039876 0.0081 0.00387171 -0.00347113 0.0073 0.00432158 -0.00416217 0.0073 0.00415167 -0.00433151 0.0081 0.00372041 -0.00363298 0.0081 0.00356347 -0.00378698 0.0073 0.00397608 -0.00449328 0.0081 0.00339977 -0.00393452 0.0073 0.00379482 -0.00464747 0.0073 0.00360788 -0.00479408 0.0081 0.00322931 -0.0040756 0.0073 0.00341325 -0.00493438 0.0081 0.003053 -0.00420941 0.0081 0.00287226 -0.00433469 0.0081 0.00268592 -0.00445249 0.0073 0.00321412 -0.00506636 0.0081 0.00249398 -0.0045628 0.0073 0.00301064 -0.00518994 0.0081 0.00229778 -0.00466478 0.0073 0.00280281 -0.00530511 0.0073 0.00258871 -0.00541268 0.0073 0.00237103 -0.00551151 0.0081 0.00209844 -0.00475772 0.0081 0.0018948 -0.00484237 0.0081 0.00147647 -0.00498597 0.0073 0.00192694 -0.00568215 0.0081 0.00168686 -0.00491871 0.0073 0.00215044 -0.00560133 0.0073 0.000766134 -0.00595079 0.0073 0.00100241 -0.00591566 0.0081 0.000831182 -0.00513308 0.0073 0.00146809 -0.00581749 0.0073 0.00169884 -0.00575435 0.0081 0.00126425 -0.00504391 0.0081 0.00104915 -0.00509294 0.0073 0.00123594 -0.00587126 0.0081 0.000612694 -0.00516376 0.0073 0.000528105 -0.00597658 0.0081 0.000393687 -0.005185 0.0073 5.25679e-05 -0.00599976 0.0073 0.00029025 -0.0059929 0.0081 0.00017331 -0.00519699 0.0081 -4.84375e-05 -0.00519973 0.0081 -0.000268705 -0.00519303 0.0073 -0.000185884 -0.00599705 0.0073 -0.000425184 -0.00598478 0.0081 -0.00070753 -0.00515152 0.0073 -0.000662755 -0.0059632 0.0081 -0.000488203 -0.00517695 0.0073 -0.000898596 -0.00593231 0.0081 -0.000926685 -0.00511674 0.0073 -0.00113271 -0.00589211 0.0081 -0.00114238 -0.00507294 0.0081 -0.00135605 -0.00501998 0.0073 -0.00159575 -0.00578379 0.0073 -0.00136509 -0.00584261 0.0081 -0.00156802 -0.00495783 0.0073 -0.00182467 -0.00571567 0.0081 -0.00177829 -0.00488648 0.0073 -0.00205187 -0.00563825 0.0081 0.00480698 -0.00198286 0.0073 0.00559574 -0.00216491 0.0081 0.0048869 -0.00177688 0.0073 0.00567725 -0.00194094 0.0073 0.00575015 -0.00171302 0.0081 0.0049578 -0.00156843 0.0073 0.00581395 -0.00148256 0.0081 0.0050197 -0.00135737 0.0081 0.00507295 -0.00114189 0.0073 0.00586805 -0.00125112 0.0073 0.00591302 -0.00101719 0.0081 0.0051169 -0.000925462 0.0073 0.00594886 -0.000780772 0.0081 0.00515154 -0.000708091 0.0081 0.00517689 -0.000489322 0.0073 0.0059754 -0.000542755 0.0081 0.00519296 -0.000268074 0.0073 0.00599216 -0.000305721 0.0073 0.0059995 -6.7732e-05 0.0081 0.00519971 -4.74282e-05 0.0073 0.00599742 0.000171211 0.0081 0.00519712 0.000172617 0.0081 0.00518509 0.00039279 0.0073 0.00598592 0.000410758 0.0073 0.00596493 0.000647415 0.0081 0.00516357 0.000613442 0.0073 0.00593449 0.000883462 0.0081 0.00513294 0.000831964 0.0081 0.00509321 0.00104836 0.0073 0.00589461 0.0011189 0.0073 0.00584528 0.00135373 0.0081 0.00504407 0.00126358 0.0073 0.00578705 0.00158421 0.0081 0.00498562 0.0014773 0.0081 0.00491853 0.00168742 0.0073 0.00571963 0.00181237 0.0073 0.00564299 0.00203837 0.0081 0.00484282 0.00189394 0.0073 0.00555714 0.00226222 0.0081 0.0047579 0.00209798 0.0081 0.00466423 0.00229864 0.0073 0.005463 0.00248101 0.0073 0.00536033 0.00269553 0.0081 0.00456264 0.00249434 0.0073 0.00524891 0.00290641 0.0073 0.00512876 0.00311365 0.0081 0.00445313 0.00268506 0.0073 0.00500096 0.00331515 0.0073 0.00486565 0.00351064 0.0081 0.00433482 0.002872 0.0073 0.00472231 0.0037011 0.0081 0.00420866 0.00305385 0.0081 0.00407552 0.0032295 0.0073 0.00457096 0.00388654 0.0073 0.00441261 0.00406556 0.0081 0.00393537 0.00339894 0.0073 0.00424808 0.00423711 0.0081 0.00378701 0.00356335 0.0081 0.00363202 0.0037212 0.0073 0.00407647 0.00440237 0.0073 0.00389777 0.00456135 0.0081 0.00347116 0.00387177 0.0073 0.0037128 0.00471329 0.0081 0.00330442 0.00401507 0.0081 0.00313024 0.00415216 0.0073 0.00352321 0.00485658 0.0073 0.00332768 0.00499251 0.0081 0.00295091 0.00428148 0.0073 0.0031262 0.00512107 0.0081 0.00276697 0.00440267 0.0081 0.00257843 0.00451571 0.0073 0.0029192 0.00524197 0.0073 0.00270935 0.0053534 0.0081 0.0023853 0.00462062 0.0073 0.00249485 0.00545659 0.0081 0.00218756 0.00471738 0.0073 0.00227569 0.00555154 0.0081 0.00198522 0.004806 0.0073 0.00205187 0.00563825 0.0081 0.00177829 0.00488648 0.0133 0.00197836 -0.00152843 0.0133 0.00188 -0.00164782 0.0091 0.00193259 -0.00158588 0.0091 0.00183177 -0.00170126 0.0133 0.00177521 -0.00176027 0.0133 0.00166353 -0.00186614 0.0091 0.00172485 -0.00180964 0.0133 0.00154522 -0.00196522 0.0091 0.00161141 -0.00191132 0.0091 0.00149144 -0.00200632 0.0133 0.0014217 -0.00205639 0.0133 0.0012921 -0.00214014 0.0091 0.00136667 -0.00209336 0.0133 0.00115788 -0.00221566 0.0091 0.00123637 -0.00217281 0.0091 0.00110128 -0.00224431 0.0133 0.00101984 -0.00228253 0.0133 0.000876741 -0.00234116 0.0091 0.000962831 -0.00230715 0.0133 0.000731184 -0.00239067 0.0091 0.000820015 -0.00236162 0.0091 0.000674331 -0.00240729 0.0133 0.00058278 -0.00243109 0.0133 0.000431617 -0.00246241 0.0091 0.000526832 -0.00244386 0.0133 0.00027964 -0.00248431 0.0091 0.000376277 -0.00247145 0.0091 0.000224866 -0.00248983 0.0133 0.000125894 -0.00249677 0.0133 -2.8126e-05 -0.00249981 0.0091 7.32371e-05 -0.00249893 0.0133 -0.000181398 -0.00249341 0.0091 -8.00107e-05 -0.00249865 0.0091 -0.0002321 -0.00248918 0.0133 -0.000335158 -0.00247737 0.0133 -0.000486854 -0.00245212 0.0091 -0.000382943 -0.00247048 0.0133 -0.000636645 -0.00241755 0.0091 -0.000533596 -0.00244232 0.0091 -0.000681301 -0.00240535 0.0133 -0.000784695 -0.00237361 0.0133 -0.000928974 -0.00232099 0.0091 -0.000826492 -0.00235939 0.0133 -0.00107026 -0.00225926 0.0091 -0.000969323 -0.00230437 0.0091 -0.00110773 -0.00224118 0.0133 -0.00120744 -0.00218905 0.0133 -0.00133946 -0.00211089 0.0091 -0.00124235 -0.0021694 0.0133 -0.0014673 -0.00202404 0.0091 -0.00137263 -0.0020894 0.0091 -0.00149715 -0.00200213 0.0133 -0.00158902 -0.00193 0.0091 -0.00161663 -0.00190688 0.0133 -0.00170458 -0.00182874 0.0091 -0.00173006 -0.00180463 0.0133 -0.00181426 -0.00171994 0.0091 -0.00183655 -0.0016962 0.0091 -0.00193683 -0.00158061 0.0133 -0.0019165 -0.0016053 0.0133 -0.00201174 -0.00148413 0.0091 -0.00202966 -0.00145955 0.0133 -0.0020994 -0.00135733 0.0091 -0.00211459 -0.0013336 0.0091 -0.00219225 -0.00120153 0.0133 -0.00217875 -0.00122599 0.0133 -0.00225026 -0.00108905 0.0091 -0.00226143 -0.00106573 0.0133 -0.00231303 -0.000948572 0.0091 -0.00232202 -0.000926393 0.0091 -0.00237438 -0.000782307 0.0133 -0.00236691 -0.000804779 0.0133 -0.00241208 -0.000656971 0.0091 -0.00241765 -0.0006363 0.0133 -0.00244792 -0.000507572 0.0091 -0.00245188 -0.000487964 0.0091 -0.00247712 -0.000336958 0.0133 -0.0024745 -0.000355839 0.0133 -0.00249174 -0.000202601 0.0091 -0.00249309 -0.000185625 0.0133 -0.00249951 -4.93293e-05 0.0091 -0.00249973 -3.32586e-05 0.0091 -0.00249708 0.000119632 0.0133 -0.00249773 0.000105095 0.0133 -0.00248656 0.000258599 0.0091 -0.00248523 0.000271245 0.0133 -0.00246603 0.000410683 0.0091 -0.00246397 0.000422518 0.0091 -0.00243359 0.000572206 0.0133 -0.00243588 0.000562336 0.0133 -0.00239677 0.000710948 0.0091 -0.00239436 0.000719048 0.0133 -0.00234843 0.000857131 0.0091 -0.00234583 0.000864131 0.0091 -0.00228877 0.00100564 0.0133 -0.00229109 0.00100034 0.0133 -0.00222542 0.00113907 0.0091 -0.0022235 0.00114283 0.0133 -0.00215141 0.00127333 0.0091 -0.00215 0.00127569 0.0091 -0.00206829 0.00140422 0.0133 -0.00206905 0.00140312 0.0133 -0.00197836 0.00152843 0.0091 -0.00197836 0.00152843 0.0091 0.00202542 -0.00146545 0.0091 0.00211089 -0.00133932 0.0133 0.00206905 -0.00140312 0.0133 0.00215141 -0.00127333 0.0091 0.00218906 -0.00120747 0.0091 0.00225832 -0.00107229 0.0133 0.00222542 -0.00113907 0.0091 0.00231947 -0.000932594 0.0133 0.00229109 -0.00100034 0.0133 0.00234843 -0.000857131 0.0091 0.00237227 -0.000788885 0.0091 0.00241577 -0.000643296 0.0133 0.00239677 -0.000710948 0.0091 0.00245051 -0.000494657 0.0133 0.00243588 -0.000562336 0.0133 0.00246603 -0.000410683 0.0091 0.00247622 -0.000343939 0.0091 0.0024925 -0.00019279 0.0133 0.00248656 -0.000258599 0.0091 0.00249962 -4.0147e-05 0.0133 0.00249773 -0.000105095 0.0133 0.00249951 4.93293e-05 0.0091 0.00249746 0.000112501 0.0091 0.00248594 0.000264177 0.0133 0.00249174 0.000202601 0.0091 0.00246514 0.000415744 0.0133 0.0024745 0.000355839 0.0133 0.00244792 0.000507572 0.0091 0.00243526 0.000565188 0.0091 0.0023963 0.000712334 0.0133 0.00241208 0.000656971 0.0091 0.00234822 0.000857772 0.0133 0.00236691 0.000804779 0.0133 0.00231303 0.000948572 0.0091 0.0022917 0.000999001 0.0091 0.00222656 0.0011367 0.0133 0.00225026 0.00108905 0.0091 0.00215275 0.00127108 0.0133 0.00217875 0.00122599 0.0133 0.0020994 0.00135733 0.0091 0.00207157 0.00139945 0.0091 0.00198238 0.0015231 0.0133 0.00201174 0.00148413 0.0091 0.00188545 0.00164167 0.0133 0.0019165 0.0016053 0.0133 0.00181426 0.00171994 0.0091 0.00178221 0.00175314 0.0091 0.0016719 0.0018586 0.0133 0.00170458 0.00182874 0.0091 0.00155516 0.00195741 0.0133 0.00158902 0.00193 0.0133 0.0014673 0.00202404 0.0091 0.0014333 0.00204827 0.0091 0.0013055 0.00213198 0.0133 0.00133946 0.00211089 0.0091 0.00117292 0.00220776 0.0133 0.00120744 0.00218905 0.0133 0.00107026 0.00225926 0.0091 0.00103648 0.00227496 0.0091 0.000895419 0.00233409 0.0133 0.000928974 0.00232099 0.0091 0.000751488 0.00238436 0.0133 0.000784695 0.00237361 0.0133 0.000636645 0.00241755 0.0091 0.000604995 0.00242563 0.0091 0.000455348 0.00245815 0.0133 0.000486854 0.00245212 0.0091 0.000304943 0.00248131 0.0133 0.000335158 0.00247737 0.0133 0.000181398 0.00249341 0.0091 0.000153272 0.00249523 0.0091 1.77636e-18 0.0025 0.0133 2.8126e-05 0.00249981 0.0091 -0.000152632 0.0024953 0.0133 -0.000125894 0.00249677 0.0133 -0.00027964 0.00248431 0.0091 -0.000303862 0.00248146 0.0091 -0.000453691 0.00245848 0.0133 -0.000431617 0.00246241 0.0091 -0.000602119 0.00242637 0.0133 -0.00058278 0.00243109 0.0133 -0.000731184 0.00239067 0.0091 -0.000749146 0.00238512 0.0091 -0.000892376 0.00233528 0.0133 -0.000876741 0.00234116 0.0091 -0.00103284 0.00227663 0.0133 -0.00101984 0.00228253 0.0133 -0.00115788 0.00221566 0.0091 -0.00116955 0.00220955 0.0091 -0.00130153 0.00213444 0.0133 -0.0012921 0.00214014 0.0091 -0.00142944 0.00205102 0.0133 -0.0014217 0.00205639 0.0133 -0.00154522 0.00196522 0.0091 -0.00155116 0.00196056 0.0091 -0.00166759 0.00186252 0.0133 -0.00166353 0.00186614 0.0091 -0.00177791 0.00175755 0.0133 -0.00177521 0.00176027 0.0133 -0.00188 0.00164782 0.0091 -0.00188132 0.00164634 0.0133 -0.0014673 -0.00202404 0.0135 -0.00146326 -0.00177444 0.0133 -0.00158902 -0.00193 0.0135 -0.00172578 0.00152034 0.0133 -0.00197836 0.00152843 0.0135 -0.00182009 0.00140615 0.0133 -0.00133946 -0.00211089 0.0135 -0.0013467 -0.00186449 0.0135 -0.00122466 -0.00194681 0.0133 -0.00120744 -0.00218905 0.0133 -0.00107026 -0.00225926 0.0135 -0.00109704 -0.00202146 0.0133 -0.000928974 -0.00232099 0.0135 -0.000965669 -0.00208745 0.0135 -0.000829628 -0.00214511 0.0133 -0.000784695 -0.00237361 0.0133 -0.000636645 -0.00241755 0.0135 -0.000690504 -0.00219388 0.0133 -0.000486854 -0.00245212 0.0135 -0.000548995 -0.00223351 0.0135 -0.000404172 -0.00226416 0.0133 -0.000335158 -0.00247737 0.0133 -0.000181398 -0.00249341 0.0135 -0.000258604 -0.00228541 0.0133 -2.8126e-05 -0.00249981 0.0135 -0.000111514 -0.00229725 0.0135 3.60365e-05 -0.00229969 0.0133 0.000125894 -0.00249677 0.0133 0.00027964 -0.00248431 0.0135 0.000182774 -0.00229273 0.0133 0.000431617 -0.00246241 0.0135 0.000329856 -0.00227617 0.0135 0.000474806 -0.00225044 0.0133 0.00058278 -0.00243109 0.0133 0.000731184 -0.00239067 0.0135 0.000617934 -0.0022154 0.0133 0.000876741 -0.00234116 0.0135 0.000758885 -0.00217116 0.0135 0.000896015 -0.00211829 0.0133 0.00101984 -0.00228253 0.0133 0.00115788 -0.00221566 0.0135 0.00103025 -0.00205629 0.0133 0.0012921 -0.00214014 0.0135 0.00115981 -0.00198614 0.0135 0.00128442 -0.00190792 0.0133 0.0014217 -0.00205639 0.0133 0.00154522 -0.00196522 0.0135 0.00140438 -0.0018214 0.0133 0.00166353 -0.00186614 0.0135 0.00151793 -0.00172796 0.0135 0.00162506 -0.00162761 0.0133 0.00177521 -0.00176027 0.0133 0.00188 -0.00164782 0.0135 0.00172578 -0.00152034 0.0133 0.00197836 -0.00152843 0.0135 0.00182009 -0.00140615 0.0135 -0.00157432 -0.00167675 0.0133 -0.00181426 -0.00171994 0.0133 -0.00170458 -0.00182874 0.0135 -0.00167816 -0.00157277 0.0133 -0.0019165 -0.0016053 0.0133 -0.00201174 -0.00148413 0.0135 -0.00177563 -0.00146183 0.0135 -0.00186566 -0.00134509 0.0133 -0.0020994 -0.00135733 0.0135 -0.00194784 -0.00122299 0.0133 -0.00217875 -0.00122599 0.0133 -0.00225026 -0.00108905 0.0135 -0.00202253 -0.00109516 0.0135 -0.00208828 -0.000963813 0.0133 -0.00231303 -0.000948572 0.0135 -0.00214576 -0.000827948 0.0133 -0.00236691 -0.000804779 0.0133 -0.00241208 -0.000656971 0.0135 -0.00219449 -0.000688595 0.0135 -0.00223398 -0.000546916 0.0133 -0.00244792 -0.000507572 0.0135 -0.00226456 -0.000402142 0.0133 -0.0024745 -0.000355839 0.0133 -0.00249174 -0.000202601 0.0135 -0.00228562 -0.000256617 0.0135 -0.00229733 -0.000109704 0.0133 -0.00249951 -4.93293e-05 0.0135 -0.00229968 3.80868e-05 0.0133 -0.00249773 0.000105095 0.0133 -0.00248656 0.000258599 0.0135 -0.00229251 0.000184905 0.0135 -0.00227591 0.000331757 0.0133 -0.00246603 0.000410683 0.0135 -0.00225003 0.000476746 0.0133 -0.00243588 0.000562336 0.0133 -0.00239677 0.000710948 0.0135 -0.00221488 0.000619742 0.0135 -0.00217049 0.000760893 0.0133 -0.00234843 0.000857131 0.0135 -0.00211745 0.000897908 0.0133 -0.00229109 0.00100034 0.0133 -0.00222542 0.00113907 0.0135 -0.00205548 0.00103189 0.0135 -0.00198514 0.00116154 0.0133 -0.00215141 0.00127333 0.0135 -0.00190677 0.00128608 0.0133 -0.00206905 0.00140312 0.0135 -0.00140438 0.0018214 0.0133 -0.00154522 0.00196522 0.0135 -0.00151793 0.00172796 0.0135 -0.00162506 0.00162761 0.0133 -0.00166353 0.00186614 0.0133 -0.00177521 0.00176027 0.0133 -0.00115788 0.00221566 0.0135 -0.00115981 0.00198614 0.0135 -0.00103025 0.00205629 0.0133 -0.0014217 0.00205639 0.0135 -0.00128442 0.00190792 0.0133 -0.0012921 0.00214014 0.0135 -0.000758885 0.00217116 0.0135 -0.000617934 0.0022154 0.0133 -0.000731184 0.00239067 0.0135 -0.000896015 0.00211829 0.0133 -0.000876741 0.00234116 0.0133 -0.00101984 0.00228253 0.0135 -0.000182774 0.00229273 0.0133 -0.00027964 0.00248431 0.0135 -0.000329856 0.00227617 0.0133 -0.000431617 0.00246241 0.0133 -0.00058278 0.00243109 0.0135 -0.000474806 0.00225044 0.0133 0.000181398 0.00249341 0.0135 0.000111514 0.00229725 0.0135 0.000258604 0.00228541 0.0133 -0.000125894 0.00249677 0.0135 -3.60365e-05 0.00229969 0.0133 2.8126e-05 0.00249981 0.0135 0.000548995 0.00223351 0.0135 0.000690504 0.00219388 0.0133 0.000636645 0.00241755 0.0135 0.000404172 0.00226416 0.0133 0.000486854 0.00245212 0.0133 0.000335158 0.00247737 0.0133 0.00120744 0.00218905 0.0133 0.00107026 0.00225926 0.0135 0.00109704 0.00202146 0.0133 0.000928974 0.00232099 0.0135 0.000829628 0.00214511 0.0135 0.000965669 0.00208745 0.0133 0.0014673 0.00202404 0.0135 0.00146326 0.00177444 0.0133 0.00158902 0.00193 0.0135 0.00122466 0.00194681 0.0135 0.0013467 0.00186449 0.0133 0.00133946 0.00211089 0.0135 0.00167816 0.00157277 0.0135 0.00177563 0.00146183 0.0133 0.0019165 0.0016053 0.0135 0.00157432 0.00167675 0.0133 0.00181426 0.00171994 0.0133 0.00170458 0.00182874 0.0135 0.00202253 0.00109516 0.0133 0.00217875 0.00122599 0.0135 0.00194784 0.00122299 0.0133 0.0020994 0.00135733 0.0133 0.00201174 0.00148413 0.0135 0.00186566 0.00134509 0.0133 0.00236691 0.000804779 0.0135 0.00214576 0.000827948 0.0135 0.00219449 0.000688595 0.0133 0.00225026 0.00108905 0.0135 0.00208828 0.000963813 0.0133 0.00231303 0.000948572 0.0135 0.00226456 0.000402142 0.0135 0.00228562 0.000256617 0.0133 0.0024745 0.000355839 0.0135 0.00223398 0.000546916 0.0133 0.00244792 0.000507572 0.0133 0.00241208 0.000656971 0.0133 0.00249174 0.000202601 0.0135 0.00229733 0.000109704 0.0133 0.00249951 4.93293e-05 0.0133 0.00249773 -0.000105095 0.0135 0.00229968 -3.80868e-05 0.0135 0.00229251 -0.000184905 0.0133 0.00248656 -0.000258599 0.0135 0.00227591 -0.000331757 0.0133 0.00246603 -0.000410683 0.0133 0.00243588 -0.000562336 0.0135 0.00225003 -0.000476746 0.0135 0.00221488 -0.000619742 0.0133 0.00239677 -0.000710948 0.0135 0.00217049 -0.000760893 0.0133 0.00234843 -0.000857131 0.0133 0.00229109 -0.00100034 0.0135 0.00211745 -0.000897908 0.0135 0.00205548 -0.00103189 0.0133 0.00222542 -0.00113907 0.0135 0.00198514 -0.00116154 0.0133 0.00215141 -0.00127333 0.0133 0.00206905 -0.00140312 0.0135 0.00190677 -0.00128608 0.0133 0.000784695 0.00237361 0.0133 -0.00188 0.00164782 0.0081 0.00185109 -0.00517914 0.0091 0.00201688 -0.00511673 0.0091 0.00180307 -0.00519605 0.0091 -0.00354043 -0.00420894 0.0091 -0.00371071 -0.00405952 0.0081 -0.00363634 -0.00412621 0.0081 0.00206067 -0.00509934 0.0091 0.00222717 -0.00502875 0.0091 0.00243282 -0.00493262 0.0081 0.00226715 -0.00501088 0.0081 0.00247053 -0.00491374 0.0091 0.00263382 -0.00482835 0.0081 0.00267081 -0.00480794 0.0091 0.00283144 -0.00471506 0.0091 0.00302448 -0.00459358 0.0081 0.00286502 -0.00469483 0.0081 0.00305423 -0.00457391 0.0091 0.00321157 -0.00446487 0.0081 0.00323891 -0.00444498 0.0091 0.0033927 -0.00432891 0.0091 0.00356879 -0.00418482 0.0081 0.00341907 -0.00430803 0.0081 0.00359261 -0.00416449 0.0091 0.00373929 -0.00403314 0.0081 0.0037595 -0.00401438 0.0091 0.0039027 -0.00387531 0.0091 0.00405902 -0.00371136 0.0081 0.00392057 -0.00385715 0.0081 0.00407582 -0.00369278 0.0091 0.00420882 -0.00354049 0.0081 0.00422393 -0.00352255 0.0091 0.0043521 -0.00336269 0.0091 0.00448735 -0.00318005 0.0081 0.00436406 -0.00334728 0.0081 0.00449724 -0.00316598 0.0091 0.00461458 -0.00299256 0.0081 0.00462347 -0.00297863 0.0091 0.00473408 -0.00279963 0.0091 0.0048462 -0.00260054 0.0081 0.00474205 -0.0027862 0.0081 0.00485169 -0.00259047 0.0091 0.00494958 -0.00239804 0.0081 0.00495345 -0.00238997 0.0091 0.00504424 -0.00219211 0.0091 0.00513017 -0.00198277 0.0081 0.00504733 -0.00218471 0.0081 0.0051331 -0.00197517 0.0091 0.00520736 -0.00177001 0.0081 0.00520932 -0.00176423 0.0091 0.00527583 -0.00155383 0.0091 0.00533557 -0.00133423 0.0081 0.00527698 -0.00154992 0.0081 0.00538658 -0.00111122 0.0081 0.00533606 -0.00133225 0.0091 0.00538658 -0.00111122 0.0081 0.00163601 -0.0052509 0.0091 0.00158768 -0.0052658 0.0081 0.00141935 -0.00531359 0.0091 0.00136909 -0.00532674 0.0081 0.0012011 -0.0053672 0.0081 0.000981282 -0.00541175 0.0091 0.0011473 -0.00537888 0.0091 0.000923125 -0.00542198 0.0081 0.000757705 -0.00544742 0.0091 0.000699227 -0.00545532 0.0081 0.000533547 -0.00547393 0.0081 0.000309371 -0.00549124 0.0091 0.000473662 -0.00547945 0.0091 0.000246432 -0.00549434 0.0081 8.51779e-05 -0.00549934 0.0091 1.79898e-05 -0.00549997 0.0081 -0.000140858 -0.00549808 0.0081 -0.00036652 -0.00548764 0.0091 -0.000208315 -0.00549601 0.0091 -0.000434702 -0.00548268 0.0081 -0.000590635 -0.00546813 0.0091 -0.000661173 -0.00545998 0.0081 -0.000813204 -0.00543954 0.0081 -0.00103562 -0.00540152 0.0091 -0.000887637 -0.0054279 0.0091 -0.00111018 -0.00538676 0.0081 -0.00125674 -0.00535435 0.0091 -0.00133122 -0.00533636 0.0081 -0.0014748 -0.0052985 0.0081 -0.00168979 -0.00523397 0.0091 -0.00155076 -0.0052767 0.0091 -0.00176879 -0.0052078 0.0081 -0.00190262 -0.00516035 0.0091 -0.00198176 -0.00513053 0.0081 -0.00211327 -0.00507765 0.0081 -0.00231942 -0.00498691 0.0091 -0.00219144 -0.00504446 0.0091 -0.00239806 -0.00494952 0.0081 -0.00252107 -0.00488814 0.0091 -0.00260165 -0.00484571 0.0081 -0.00271823 -0.00478134 0.0081 -0.0029109 -0.0046665 0.0091 -0.00279928 -0.00473432 0.0091 -0.00299188 -0.00461494 0.0081 -0.00309906 -0.00454363 0.0091 -0.00317998 -0.00448734 0.0081 -0.00328274 -0.00441272 0.0081 -0.00346191 -0.00427378 0.0091 -0.00336357 -0.00435151 0.0081 -0.00396418 -0.00381247 0.0081 -0.00380377 -0.00397244 0.0091 -0.00387517 -0.00390276 0.0081 -0.00440524 -0.00329284 0.0081 -0.00426538 -0.00347205 0.0091 -0.00432832 -0.00339335 0.0081 -0.00411759 -0.00364629 0.0091 -0.0040338 -0.00373865 0.0091 -0.00418499 -0.00356872 0.0081 -0.00466116 -0.00291952 0.0091 -0.00471536 -0.00283113 0.0081 -0.00477829 -0.00272335 0.0091 -0.00446468 -0.00321172 0.0091 -0.00459405 -0.00302384 0.0081 -0.00453717 -0.00310866 0.0091 -0.00502903 -0.00222657 0.0081 -0.00507781 -0.00211325 0.0081 -0.00498661 -0.00232021 0.0091 -0.00493241 -0.00243308 0.0081 -0.00488677 -0.00252358 0.0091 -0.00482786 -0.00263459 0.0081 -0.00530028 -0.00146859 0.0081 -0.00523524 -0.0016856 0.0091 -0.00526561 -0.00158805 0.0081 -0.00516108 -0.00190049 0.0091 -0.00511708 -0.00201628 0.0091 -0.00519568 -0.00180395 0.0081 -0.00540335 -0.00102589 0.0091 -0.00542176 -0.000924091 0.0081 -0.00544116 -0.00080173 0.0091 -0.00532688 -0.00136858 0.0091 -0.00537919 -0.00114643 0.0081 -0.0053562 -0.00124945 0.0091 -0.00549453 -0.00024529 0.0081 -0.00549849 -0.000123352 0.0081 -0.00548875 -0.00035162 0.0091 -0.00547947 -0.000473249 0.0081 -0.00546962 -0.000576975 0.0091 -0.00545519 -0.000699698 0.0081 -0.00547185 0.00055578 0.0081 -0.00549004 0.000330349 0.0091 -0.00548263 0.000434997 0.0081 -0.00549892 0.000103971 0.0091 -0.00549992 -1.90081e-05 0.0091 -0.00549596 0.000207754 0.0081 -0.00540696 0.00100684 0.0091 -0.00538681 0.00110955 0.0081 -0.00536097 0.00122868 0.0091 -0.00545995 0.000662542 0.0091 -0.00542803 0.000886601 0.0081 -0.00544392 0.000782543 0.0091 -0.00520805 0.00176803 0.0081 -0.00516778 0.0018823 0.0081 -0.00524112 0.00166713 0.0091 -0.00527643 0.00155213 0.0081 -0.00530595 0.00144805 0.0091 -0.00533628 0.00133139 0.0081 -0.00489561 0.00250632 0.0081 -0.00499559 0.00230089 0.0091 -0.00494907 0.00239922 0.0081 -0.00508593 0.00209355 0.0091 -0.00513071 0.00198109 0.0091 -0.00504438 0.00219149 0.0081 -0.00467241 0.00290142 0.0091 -0.00461491 0.00299183 0.0081 -0.0045492 0.00309108 0.0091 -0.00484597 0.00260122 0.0091 -0.00473464 0.0027986 0.0081 -0.00478788 0.0027065 0.0091 -0.00420941 0.00353977 0.0081 -0.00413167 0.00363029 0.0081 -0.00427762 0.00345701 0.0091 -0.00435167 0.00336345 0.0081 -0.0044168 0.00327727 0.0091 -0.00448677 0.00318092 0.0081 -0.00365088 0.00411339 0.0081 -0.00381772 0.00395899 0.0091 -0.00373863 0.00403392 0.0081 -0.00397895 0.0037971 0.0091 -0.00405956 0.00371058 0.0091 -0.00390213 0.00387589 0.0081 -0.00330035 0.00439974 0.0091 -0.00321108 0.00446519 0.0081 -0.0031147 0.00453291 0.0091 -0.00356933 0.00418438 0.0091 -0.00339348 0.00432814 0.0081 -0.00347843 0.00426031 0.0091 -0.00263483 0.00482765 0.0081 -0.00253189 0.00488257 0.0081 -0.00273047 0.00477433 0.0091 -0.00283187 0.00471485 0.0081 -0.00292474 0.00465777 0.0091 -0.00302359 0.00459432 0.0081 -0.00190817 0.00515835 0.0081 -0.00211896 0.00507533 0.0091 -0.00201714 0.00511669 0.0081 -0.00232687 0.0049834 0.0091 -0.00243247 0.00493274 0.0091 -0.00222605 0.00502938 0.0081 -0.00147568 0.00529821 0.0091 -0.00136777 0.00532721 0.0081 -0.00125549 0.00535469 0.0091 -0.0018043 0.00519549 0.0091 -0.00158751 0.00526578 0.0081 -0.00169449 0.00523246 0.0091 -0.000699257 0.00545524 0.0081 -0.000586623 0.0054686 0.0081 -0.000810957 0.00543988 0.0091 -0.000924538 0.00542161 0.0081 -0.00103391 0.00540192 0.0091 -0.00114738 0.00537894 0.0081 9.46608e-05 0.00549919 0.0081 -0.000133814 0.00549825 0.0091 -1.95483e-05 0.00549985 0.0081 -0.000360908 0.00548805 0.0091 -0.000472171 0.00547969 0.0091 -0.000246298 0.00549444 0.0081 0.000555254 0.00547182 0.0091 0.000661507 0.00546004 0.0081 0.000783015 0.00544396 0.0091 0.000208079 0.00549593 0.0091 0.000436314 0.00548267 0.0081 0.000325803 0.00549023 0.0091 0.00133281 0.00533606 0.0081 0.0014588 0.00530294 0.0081 0.00123577 0.00535926 0.0091 0.00110975 0.00538673 0.0081 0.00100958 0.00540651 0.0091 0.000885987 0.00542806 0.0081 0.00211118 0.00507855 0.0081 0.00189621 0.00516272 0.0091 0.00198118 0.00513063 0.0081 0.00167865 0.00523756 0.0091 0.00155127 0.00527667 0.0091 0.00176736 0.0052082 0.0081 0.00252741 0.00488489 0.0091 0.00260054 0.00484625 0.0081 0.0027298 0.00477464 0.0091 0.0021927 0.00504397 0.0091 0.00239872 0.00494933 0.0081 0.00232158 0.00498595 0.0091 0.00318072 0.00448696 0.0081 0.00330557 0.00439581 0.0081 0.00311951 0.0045297 0.0091 0.00299283 0.00461436 0.0081 0.00292758 0.00465598 0.0091 0.00279858 0.0047346 0.0091 0.00371136 0.00405894 0.0081 0.00366218 0.00410335 0.0091 0.00353966 0.00420942 0.0081 0.00348706 0.00425316 0.0091 0.00336278 0.0043521 0.0091 0.00387595 0.00390216 0.0081 0.0038303 0.00394695 0.0081 0.00399143 0.00378398 0.0091 0.00403329 0.00373921 0.0091 0.00418421 0.00356943 0.0081 0.00414683 0.00361284 0.0091 0.0043287 0.00339283 0.0081 0.00429445 0.0034361 0.0081 0.00443411 0.00325398 0.0091 0.00446543 0.00321089 0.0091 0.00459378 0.0030243 0.0081 0.00456595 0.00306625 0.0091 0.00471464 0.00283207 0.0081 0.0046907 0.0028716 0.0081 0.00480675 0.0026729 0.0091 0.00482802 0.0026342 0.0091 0.00493308 0.00243201 0.0081 0.00491408 0.00247014 0.0091 0.00502895 0.00222688 0.0081 0.00501297 0.00226264 0.0081 0.00510349 0.00205015 0.0091 0.00511649 0.00201746 0.0091 0.00519569 0.00180374 0.0081 0.00518478 0.00183505 0.0091 0.00526613 0.00158678 0.0081 0.00525682 0.00161733 0.0081 0.00531985 0.00139585 0.0091 0.00532692 0.0013687 0.0091 0.00537877 0.0011478 0.0081 0.00537369 0.00117146 0.0091 0.00542169 0.00092407 0.0081 0.00541799 0.000945963 0.0081 0.00545275 0.000719354 0.0091 0.0054555 0.000698244 0.0091 0.00547956 0.000473167 0.0081 0.00547803 0.000490083 0.0091 0.00549434 0.000246817 0.0081 0.00549375 0.000260067 0.0081 0.00549988 3.04706e-05 0.0091 0.00549983 1.91932e-05 0.0091 0.00549601 -0.000209341 0.0081 0.00549641 -0.000198706 0.0091 0.00548271 -0.000435283 0.0081 0.00548334 -0.000427463 0.0081 0.00546068 -0.0006558 0.0091 0.00546004 -0.000660909 0.0091 0.00542799 -0.00088622 0.0081 0.00542843 -0.000883718 -0.0133 -0.00158904 -0.00192993 -0.0135 -0.00134757 -0.00186382 -0.0133 -0.00146708 -0.00202426 -0.0135 0.00190677 -0.00128608 -0.0133 0.00197836 -0.00152843 -0.0135 0.00182009 -0.00140615 -0.0133 -0.00170501 -0.00182831 -0.0135 -0.00146413 -0.00177377 -0.0135 -0.00157459 -0.00167647 -0.0133 -0.00181398 -0.00172031 -0.0133 -0.00191667 -0.001605 -0.0135 -0.00167903 -0.00157183 -0.0133 -0.0020119 -0.00148393 -0.0135 -0.00177606 -0.00146137 -0.0135 -0.00186619 -0.00134429 -0.0133 -0.00209913 -0.00135781 -0.0133 -0.00217899 -0.00122541 -0.0135 -0.0019485 -0.00122198 -0.0133 -0.00225029 -0.00108905 -0.0135 -0.00202257 -0.00109506 -0.0135 -0.00208879 -0.000962668 -0.0133 -0.00231284 -0.000949096 -0.0133 -0.00236708 -0.000804108 -0.0135 -0.0021461 -0.000827179 -0.0133 -0.00241207 -0.000657102 -0.0135 -0.00219469 -0.000687842 -0.0135 -0.0022343 -0.000545687 -0.0133 -0.00244787 -0.000507716 -0.0133 -0.00247454 -0.000355448 -0.0135 -0.00226461 -0.000401945 -0.0133 -0.00249175 -0.000202799 -0.0135 -0.00228572 -0.000255448 -0.0135 -0.00229742 -0.000108698 -0.0133 -0.00249947 -4.90819e-05 -0.0133 -0.00249772 0.000105291 -0.0135 -0.00229964 3.86418e-05 -0.0133 -0.0024866 0.000258399 -0.0135 -0.00229241 0.000186196 -0.0135 -0.00227588 0.00033223 -0.0133 -0.00246589 0.000411179 -0.0133 -0.00243586 0.000562425 -0.0135 -0.00224978 0.000477772 -0.0133 -0.00239682 0.000710796 -0.0135 -0.0022146 0.000620848 -0.0135 -0.00217037 0.000761166 -0.0133 -0.0023483 0.000857391 -0.0133 -0.00229107 0.00100039 -0.0135 -0.00211694 0.000899083 -0.0133 -0.00222546 0.001139 -0.0135 -0.0020552 0.00103254 -0.0135 -0.00198514 0.00116154 -0.0133 -0.00215147 0.0012732 -0.0133 -0.00206911 0.00140301 -0.0135 -0.00190677 0.00128608 -0.0133 -0.00197836 0.00152843 -0.0135 -0.00182009 0.00140615 -0.0135 -0.001225 -0.00194663 -0.0133 -0.00120723 -0.00218914 -0.0133 -0.00134005 -0.00211045 -0.0135 -0.00109818 -0.00202085 -0.0133 -0.00107024 -0.00225931 -0.0133 -0.000929441 -0.00232074 -0.0135 -0.000966228 -0.00208715 -0.0135 -0.000830536 -0.0021448 -0.0133 -0.000784241 -0.00237378 -0.0135 -0.000691644 -0.00219349 -0.0133 -0.00063697 -0.00241747 -0.0133 -0.000487161 -0.002452 -0.0135 -0.000549097 -0.00223349 -0.0135 -0.000405407 -0.00226396 -0.0133 -0.000334478 -0.00247752 -0.0135 -0.000259434 -0.00228527 -0.0133 -0.000182003 -0.00249333 -0.0133 -2.8263e-05 -0.00249977 -0.0135 -0.000112291 -0.00229725 -0.0135 3.47677e-05 -0.00229969 -0.0133 0.000126331 -0.00249681 -0.0135 0.000182571 -0.00229273 -0.0133 0.000279171 -0.00248432 -0.0133 0.00043163 -0.00246239 -0.0135 0.000328699 -0.00227637 -0.0135 0.000473811 -0.00225061 -0.0133 0.000582843 -0.00243111 -0.0135 0.000617408 -0.00221558 -0.0133 0.000730857 -0.00239073 -0.0133 0.000876854 -0.00234111 -0.0135 0.000757662 -0.00217158 -0.0135 0.000895566 -0.00211844 -0.0133 0.00101952 -0.00228266 -0.0135 0.00102932 -0.0020568 -0.0133 0.00115768 -0.00221574 -0.0133 0.00129224 -0.00214006 -0.0135 0.00115881 -0.00198668 -0.0135 0.00128419 -0.0019081 -0.0133 0.0014215 -0.00205652 -0.0135 0.00140338 -0.00182219 -0.0133 0.0015451 -0.00196529 -0.0133 0.00166363 -0.00186606 -0.0135 0.00151737 -0.0017284 -0.0135 0.00162506 -0.00162761 -0.0133 0.0017751 -0.00176037 -0.0135 0.00172578 -0.00152034 -0.0133 0.00187992 -0.0016479 -0.0135 0.00211694 -0.000899083 -0.0133 0.00229109 -0.00100034 -0.0135 0.0020552 -0.00103254 -0.0135 0.00198514 -0.00116154 -0.0133 0.00222542 -0.00113907 -0.0133 0.00215141 -0.00127333 -0.0133 0.00243588 -0.000562336 -0.0135 0.0022146 -0.000620848 -0.0135 0.00224978 -0.000477772 -0.0133 0.00234843 -0.000857131 -0.0135 0.00217037 -0.000761166 -0.0133 0.00239677 -0.000710948 -0.0135 0.00229241 -0.000186196 -0.0135 0.00229964 -3.86418e-05 -0.0133 0.00249773 -0.000105095 -0.0135 0.00227588 -0.00033223 -0.0133 0.00248656 -0.000258599 -0.0133 0.00246603 -0.000410683 -0.0135 0.00226461 0.000401945 -0.0133 0.0024745 0.000355839 -0.0135 0.00228572 0.000255448 -0.0133 0.00249174 0.000202601 -0.0133 0.00249951 4.93293e-05 -0.0135 0.00229742 0.000108698 -0.0133 0.00236691 0.000804779 -0.0135 0.00219469 0.000687842 -0.0135 0.0021461 0.000827179 -0.0133 0.00244792 0.000507572 -0.0135 0.0022343 0.000545687 -0.0133 0.00241208 0.000656971 -0.0135 0.00202257 0.00109506 -0.0135 0.0019485 0.00122198 -0.0133 0.00217875 0.00122599 -0.0135 0.00208879 0.000962668 -0.0133 0.00225026 0.00108905 -0.0133 0.00231303 0.000948572 -0.0133 0.00181426 0.00171994 -0.0133 0.0019165 0.0016053 -0.0135 0.00167903 0.00157183 -0.0133 0.00201174 0.00148413 -0.0135 0.00186619 0.00134429 -0.0135 0.00177606 0.00146137 -0.0133 0.00158902 0.00193 -0.0135 0.00134757 0.00186382 -0.0133 0.0014673 0.00202404 -0.0135 0.00157459 0.00167647 -0.0135 0.00146413 0.00177377 -0.0133 0.00170458 0.00182874 -0.0135 0.00109818 0.00202085 -0.0135 0.000966228 0.00208715 -0.0133 0.00107026 0.00225926 -0.0135 0.001225 0.00194663 -0.0133 0.00120744 0.00218905 -0.0133 0.00133946 0.00211089 -0.0135 0.000549097 0.00223349 -0.0133 0.000636645 0.00241755 -0.0135 0.000691644 0.00219349 -0.0133 0.000784695 0.00237361 -0.0133 0.000928974 0.00232099 -0.0135 0.000830536 0.0021448 -0.0133 0.000181398 0.00249341 -0.0135 0.000259434 0.00228527 -0.0135 0.000112291 0.00229725 -0.0133 0.000486854 0.00245212 -0.0135 0.000405407 0.00226396 -0.0133 0.000335158 0.00247737 -0.0135 -0.000182571 0.00229273 -0.0135 -0.000328699 0.00227637 -0.0133 -0.00027964 0.00248431 -0.0135 -3.47677e-05 0.00229969 -0.0133 -0.000125894 0.00249677 -0.0133 2.8126e-05 0.00249981 -0.0133 -0.000431617 0.00246241 -0.0135 -0.000473811 0.00225061 -0.0133 -0.00058278 0.00243109 -0.0133 -0.000731184 0.00239067 -0.0135 -0.000617408 0.00221558 -0.0135 -0.000757662 0.00217158 -0.0133 -0.000876741 0.00234116 -0.0135 -0.000895566 0.00211844 -0.0133 -0.00101984 0.00228253 -0.0133 -0.00115788 0.00221566 -0.0135 -0.00102932 0.0020568 -0.0135 -0.00115881 0.00198668 -0.0133 -0.0012921 0.00214014 -0.0135 -0.00128419 0.0019081 -0.0133 -0.0014217 0.00205639 -0.0133 -0.00154522 0.00196522 -0.0135 -0.00140338 0.00182219 -0.0135 -0.00151737 0.0017284 -0.0133 -0.00166353 0.00186614 -0.0135 -0.00162506 0.00162761 -0.0133 -0.00177521 0.00176027 -0.0133 -0.00188 0.00164782 -0.0135 -0.00172578 0.00152034 -0.0133 0.0020994 0.00135733 -0.0133 0.00206905 -0.00140312 -0.0133 -0.0023483 0.000857391 -0.0091 -0.00238918 0.000735913 -0.0091 -0.00234091 0.00087756 -0.0133 -0.00249947 -4.90819e-05 -0.0133 -0.00249175 -0.000202799 -0.0091 -0.00249522 -0.000153539 -0.0091 -0.0022844 0.00101553 -0.0133 -0.00229107 0.00100039 -0.0091 -0.00221944 0.00115061 -0.0133 -0.00222546 0.001139 -0.0133 -0.00215147 0.0012732 -0.0091 -0.00214682 0.00128106 -0.0091 -0.00206652 0.00140685 -0.0133 -0.00206911 0.00140301 -0.0091 -0.00197836 0.00152843 -0.0133 -0.00197836 0.00152843 -0.0133 -0.00239682 0.000710796 -0.0091 -0.00242894 0.000591651 -0.0091 -0.00245991 0.000445928 -0.0133 -0.00243586 0.000562425 -0.0133 -0.00246589 0.000411179 -0.0091 -0.00248207 0.000298746 -0.0133 -0.0024866 0.000258399 -0.0091 -0.00249543 0.000150103 -0.0091 -0.0025 -1.77636e-18 -0.0133 -0.00249772 0.000105291 -0.0091 -0.00245797 -0.00045629 -0.0091 -0.00248124 -0.000305496 -0.0133 -0.00247454 -0.000355448 -0.0091 -0.00233341 -0.000897183 -0.0091 -0.00238394 -0.000752854 -0.0133 -0.00236708 -0.000804108 -0.0091 -0.00242535 -0.000606131 -0.0133 -0.00244787 -0.000507716 -0.0133 -0.00241207 -0.000657102 -0.0091 -0.00220669 -0.00117495 -0.0133 -0.00217899 -0.00122541 -0.0091 -0.00213052 -0.00130789 -0.0133 -0.00231284 -0.000949096 -0.0133 -0.00225029 -0.00108905 -0.0091 -0.00227411 -0.00103835 -0.0133 -0.00191667 -0.001605 -0.0091 -0.00185613 -0.00167465 -0.0091 -0.00195544 -0.00155764 -0.0133 -0.0020119 -0.00148393 -0.0091 -0.0020466 -0.00143571 -0.0133 -0.00209913 -0.00135781 -0.0091 -0.00151949 -0.00198516 -0.0091 -0.00163852 -0.00188818 -0.0133 -0.00158904 -0.00192993 -0.0091 -0.00175045 -0.00178488 -0.0133 -0.00181398 -0.00172031 -0.0133 -0.00170501 -0.00182831 -0.0091 -0.00126637 -0.00215549 -0.0133 -0.00120723 -0.00218914 -0.0091 -0.00113188 -0.00222903 -0.0133 -0.00146708 -0.00202426 -0.0133 -0.00134005 -0.00211045 -0.0091 -0.0013956 -0.00207418 -0.0133 -0.000784241 -0.00237378 -0.0091 -0.000706332 -0.0023981 -0.0091 -0.000851751 -0.00235037 -0.0133 -0.000929441 -0.00232074 -0.0091 -0.000993959 -0.00229391 -0.0133 -0.00107024 -0.00225931 -0.0091 -0.000257115 -0.00248671 -0.0091 -0.000408595 -0.00246632 -0.0133 -0.000334478 -0.00247752 -0.0091 -0.000558996 -0.0024367 -0.0133 -0.00063697 -0.00241747 -0.0133 -0.000487161 -0.002452 -0.0091 4.82225e-05 -0.00249947 -0.0133 0.000126331 -0.00249681 -0.0091 0.000200702 -0.00249191 -0.0133 -0.000182003 -0.00249333 -0.0133 -2.8263e-05 -0.00249977 -0.0091 -0.000105294 -0.00249778 -0.0133 0.000582843 -0.00243111 -0.0091 0.000651769 -0.00241353 -0.0091 0.000503375 -0.00244874 -0.0133 0.00043163 -0.00246239 -0.0091 0.000352188 -0.00247505 -0.0133 0.000279171 -0.00248432 -0.0091 0.00108096 -0.00225421 -0.0091 0.000941599 -0.00231584 -0.0133 0.00101952 -0.00228266 -0.0091 0.00079797 -0.00236918 -0.0133 0.000730857 -0.00239073 -0.0133 0.000876854 -0.00234111 -0.0133 0.0014215 -0.00205652 -0.0133 0.0015451 -0.00196529 -0.0091 0.0014739 -0.00201931 -0.0133 0.00115768 -0.00221574 -0.0133 0.00129224 -0.00214006 -0.0091 0.00121689 -0.00218378 -0.0133 0.00187992 -0.0016479 -0.0091 0.00181741 -0.00171669 -0.0133 0.0017751 -0.00176037 -0.0091 0.00170955 -0.00182408 -0.0091 0.00159491 -0.00192508 -0.0133 0.00166363 -0.00186606 -0.0091 0.00210015 -0.00135617 -0.0133 0.00206905 -0.00140312 -0.0133 0.00215141 -0.00127333 -0.0091 0.00191935 -0.00160181 -0.0133 0.00197836 -0.00152843 -0.0091 0.00201355 -0.00148173 -0.0133 0.00229109 -0.00100034 -0.0133 0.00234843 -0.000857131 -0.0091 0.00231236 -0.000950121 -0.0133 0.00222542 -0.00113907 -0.0091 0.00225 -0.0010897 -0.0091 0.00217935 -0.00122481 -0.0133 0.00246603 -0.000410683 -0.0091 0.0024469 -0.000512225 -0.0133 0.00243588 -0.000562336 -0.0091 0.00241099 -0.000661131 -0.0091 0.0023662 -0.000806751 -0.0133 0.00239677 -0.000710948 -0.0091 0.00249928 -5.71881e-05 -0.0133 0.00249773 -0.000105095 -0.0133 0.00249951 4.93293e-05 -0.0091 0.00247366 -0.000361654 -0.0133 0.00248656 -0.000258599 -0.0091 0.00249113 -0.000210402 -0.0133 0.0024745 0.000355839 -0.0133 0.00244792 0.000507572 -0.0091 0.00246777 0.000399718 -0.0133 0.00249174 0.000202601 -0.0091 0.00248772 0.000247444 -0.0091 0.00249815 9.55483e-05 -0.0133 0.00231303 0.000948572 -0.0091 0.00235346 0.000843169 -0.0133 0.00236691 0.000804779 -0.0091 0.00240074 0.000697325 -0.0091 0.00243884 0.000549525 -0.0133 0.00241208 0.000656971 -0.0091 0.0021602 0.0012583 -0.0133 0.00217875 0.00122599 -0.0133 0.0020994 0.00135733 -0.0091 0.00229774 0.000985056 -0.0133 0.00225026 0.00108905 -0.0091 0.00223316 0.00112372 -0.0133 0.0019165 0.0016053 -0.0133 0.00181426 0.00171994 -0.0091 0.00189448 0.00163118 -0.0133 0.00201174 0.00148413 -0.0091 0.00199062 0.00151232 -0.0091 0.00207959 0.00138754 -0.0133 0.0014673 0.00202404 -0.0091 0.00156523 0.00194934 -0.0133 0.00158902 0.00193 -0.0091 0.00168129 0.00185012 -0.0091 0.00179171 0.00174349 -0.0133 0.00170458 0.00182874 -0.0091 0.0011835 0.0022021 -0.0133 0.00120744 0.00218905 -0.0133 0.00107026 0.00225926 -0.0091 0.00144358 0.00204108 -0.0133 0.00133946 0.00211089 -0.0091 0.00131557 0.00212579 -0.0133 0.000928974 0.00232099 -0.0091 0.00104681 0.00227024 -0.0133 0.000784695 0.00237361 -0.0091 0.000905742 0.0023301 -0.0091 0.000762093 0.002381 -0.0133 0.000636645 0.00241755 -0.0133 0.000486854 0.00245212 -0.0091 0.000614953 0.00242313 -0.0133 0.000335158 0.00247737 -0.0091 0.000465556 0.00245622 -0.0091 0.000315136 0.00248006 -0.0133 0.000181398 0.00249341 -0.0133 2.8126e-05 0.00249981 -0.0091 0.000162506 0.00249465 -0.0133 -0.000125894 0.00249677 -0.0091 9.77923e-06 0.00249995 -0.0091 -0.000142382 0.00249594 -0.0133 -0.00027964 0.00248431 -0.0133 -0.000431617 0.00246241 -0.0091 -0.000295343 0.00248243 -0.0133 -0.00058278 0.00243109 -0.0091 -0.000446302 0.00245982 -0.0091 -0.000595427 0.00242803 -0.0133 -0.000731184 0.00239067 -0.0133 -0.000876741 0.00234116 -0.0091 -0.000743235 0.0023869 -0.0133 -0.00101984 0.00228253 -0.0091 -0.000887397 0.00233719 -0.0091 -0.00102853 0.00227857 -0.0133 -0.00115788 0.00221566 -0.0133 -0.0012921 0.00214014 -0.0091 -0.00116615 0.0022113 -0.0133 -0.0014217 0.00205639 -0.0091 -0.00129872 0.00213619 -0.0091 -0.00142704 0.00205262 -0.0133 -0.00154522 0.00196522 -0.0133 -0.00166353 0.00186614 -0.0091 -0.00154991 0.00196152 -0.0133 -0.00177521 0.00176027 -0.0091 -0.00166648 0.00186355 -0.0091 -0.00177675 0.00175871 -0.0133 -0.00188 0.00164782 -0.0091 -0.00188071 0.00164701 -0.0091 0.0013482 -0.00210527 -0.0091 -0.0017166 0.0052251 -0.0081 -0.00191031 0.00515746 -0.0081 -0.00169449 0.00523246 -0.0081 -0.00346191 -0.00427378 -0.0091 -0.00357496 -0.0041796 -0.0091 -0.00339882 -0.0043241 -0.0081 -0.00147794 0.00529768 -0.0091 -0.00149852 0.00529183 -0.0081 -0.00125849 0.00535398 -0.0091 -0.00127851 0.00534932 -0.0091 -0.00105565 0.00539767 -0.0081 -0.00103617 0.00540139 -0.0081 -0.000810958 0.00543988 -0.0091 -0.000829731 0.0054369 -0.0081 -0.000586623 0.0054686 -0.0091 -0.00060349 0.00546669 -0.0091 -0.000376935 0.00548704 -0.0081 -0.000360909 0.00548805 -0.0081 -0.000133814 0.00549825 -0.0091 -0.000150064 0.00549795 -0.0081 9.46608e-05 0.00549919 -0.0091 7.71229e-05 0.00549942 -0.0091 0.000304625 0.00549144 -0.0081 0.000325803 0.00549023 -0.0081 0.000555254 0.00547182 -0.0091 0.000532443 0.00547402 -0.0081 0.000783015 0.00544396 -0.0091 0.000760576 0.00544716 -0.0091 0.000983865 0.00541116 -0.0081 0.00100909 0.00540664 -0.0081 0.00123346 0.00535986 -0.0091 0.00120442 0.00536641 -0.0081 0.00145615 0.00530363 -0.0091 0.00142225 0.0053129 -0.0091 0.00163735 0.00525063 -0.0081 0.00167715 0.00523795 -0.0081 0.00189533 0.00516311 -0.0091 0.00185179 0.00517876 -0.0081 0.00210884 0.00507959 -0.0091 0.00206212 0.00509869 -0.0091 0.00226833 0.00501043 -0.0081 0.00231917 0.00498701 -0.0081 0.00252633 0.00488536 -0.0091 0.00247042 0.00491396 -0.0081 0.00272865 0.00477539 -0.0091 0.0026703 0.00480814 -0.0091 0.00286478 0.00469489 -0.0081 0.00292533 0.00465744 -0.0081 0.00311743 0.00453105 -0.0091 0.00305387 0.00457423 -0.0081 0.00330495 0.00439622 -0.0091 0.00323755 0.00444615 -0.0091 0.00341754 0.00430919 -0.0081 0.00348578 0.00425431 -0.0081 0.00366012 0.0041052 -0.0091 0.00359099 0.00416579 -0.0081 0.00382861 0.00394848 -0.0091 0.0037579 0.00401595 -0.0091 0.00391828 0.00385967 -0.0081 0.00399124 0.00378415 -0.0081 0.00414556 0.00361442 -0.0091 0.00407356 0.00369523 -0.0081 0.0042927 0.00343828 -0.0091 0.00422135 0.0035255 -0.0091 0.00436164 0.00335049 -0.0081 0.00443284 0.00325556 -0.0081 0.00456582 0.00306648 -0.0091 0.00449443 0.00317018 -0.0081 0.00468958 0.00287358 -0.0091 0.00462087 0.00298265 -0.0091 0.00473905 0.00279113 -0.0081 0.00480538 0.00267531 -0.0081 0.00491323 0.00247164 -0.0091 0.00484897 0.0025956 -0.0081 0.00501271 0.00226334 -0.0091 0.00495063 0.00239609 -0.0091 0.00504485 0.00219047 -0.0081 0.00510263 0.00205248 -0.0081 0.00518384 0.00183757 -0.0091 0.00513027 0.00198226 -0.0081 0.00525634 0.00161861 -0.0091 0.00520689 0.00177145 -0.0091 0.00527471 0.00155804 -0.0081 0.00531962 0.00139699 -0.0081 0.00537318 0.00117404 -0.0091 0.00533419 0.00133983 -0.0081 0.00541749 0.000948479 -0.0091 0.00538456 0.00112048 -0.0091 0.00542583 0.00090001 -0.0081 0.00545256 0.000720299 -0.0081 0.00547797 0.000491634 -0.0091 0.005458 0.000678405 -0.0081 0.00549365 0.000262801 -0.0091 0.00548116 0.000453422 -0.0091 0.00549515 0.000228805 -0.0081 0.00549979 3.28566e-05 -0.0081 0.00549639 -0.0001982 -0.0091 0.00549997 4.55337e-06 -0.0081 0.00548334 -0.000427463 -0.0091 0.00549563 -0.000219332 -0.0091 0.00548211 -0.000442852 -0.0081 0.00546068 -0.0006558 -0.0081 0.00542843 -0.000883718 -0.0091 0.00545943 -0.000666006 -0.0081 0.00538658 -0.00111122 -0.0091 0.00542759 -0.000888794 -0.0091 0.00538658 -0.00111122 -0.0091 -0.00193275 0.00514912 -0.0091 -0.00214494 0.0050645 -0.0081 -0.00212181 0.00507414 -0.0081 -0.00232901 0.00498251 -0.0091 -0.00235236 0.00497148 -0.0091 -0.0025563 0.00486968 -0.0081 -0.00253189 0.00488257 -0.0091 -0.00275676 0.00475909 -0.0081 -0.00273243 0.00477309 -0.0081 -0.00292736 0.00465613 -0.0091 -0.00295239 0.0046404 -0.0091 -0.00314155 0.00451442 -0.0081 -0.00311666 0.00453168 -0.0091 -0.00332577 0.00438039 -0.0081 -0.00330035 0.00439974 -0.0081 -0.00348016 0.00425877 -0.0091 -0.00350505 0.0042383 -0.0091 -0.00367865 0.0040887 -0.0081 -0.00365319 0.00411134 -0.0091 -0.00384436 0.00393323 -0.0081 -0.00381946 0.00395745 -0.0081 -0.00397895 0.0037971 -0.0091 -0.00400383 0.00377067 -0.0091 -0.00415705 0.00360102 -0.0081 -0.00413312 0.00362848 -0.0091 -0.00430376 0.00342456 -0.0081 -0.00427956 0.00345461 -0.0081 -0.00441825 0.00327547 -0.0091 -0.00444148 0.00324388 -0.0091 -0.00457184 0.00305729 -0.0081 -0.0045492 0.00309108 -0.0091 -0.00469483 0.00286478 -0.0081 -0.00467355 0.0028994 -0.0081 -0.0047894 0.00270381 -0.0091 -0.00481045 0.00266635 -0.0091 -0.00491649 0.00246533 -0.0081 -0.00489675 0.00250431 -0.0091 -0.00501418 0.00225984 -0.0081 -0.00499559 0.00230089 -0.0081 -0.00508673 0.00209137 -0.0091 -0.0051036 0.00204978 -0.0091 -0.00518475 0.00183516 -0.0081 -0.00516883 0.0018794 -0.0091 -0.0052563 0.00161897 -0.0081 -0.00524191 0.00166495 -0.0081 -0.00530595 0.00144805 -0.0091 -0.00531868 0.00140024 -0.0091 -0.00537212 0.00117843 -0.0081 -0.0053614 0.0012264 -0.0091 -0.00541663 0.000953533 -0.0081 -0.00540752 0.00100381 -0.0081 -0.00544434 0.000780265 -0.0091 -0.00545158 0.000728083 -0.0091 -0.00547695 0.000502126 -0.0081 -0.00547185 0.00055578 -0.0091 -0.00549299 0.000274662 -0.0081 -0.00549008 0.000328032 -0.0081 -0.00549898 0.000100883 -0.0091 -0.00549971 4.56892e-05 -0.0091 -0.00549695 -0.000182832 -0.0081 -0.00549853 -0.000125668 -0.0091 -0.00548464 -0.000409811 -0.0081 -0.00548875 -0.000351621 -0.0081 -0.00546928 -0.000579267 -0.0091 -0.00546288 -0.000636678 -0.0091 -0.00543168 -0.000863433 -0.0081 -0.0054407 -0.000804786 -0.0091 -0.00539116 -0.00108872 -0.0081 -0.00540301 -0.00102818 -0.0081 -0.0053562 -0.00124945 -0.0091 -0.00534153 -0.0013105 -0.0091 -0.00528261 -0.00153054 -0.0081 -0.00529956 -0.00147079 -0.0091 -0.00521441 -0.00174886 -0.0081 -0.00523429 -0.00168854 -0.0081 -0.00516037 -0.0019027 -0.0091 -0.00513712 -0.00196468 -0.0091 -0.00505155 -0.00217516 -0.0081 -0.00507781 -0.00211325 -0.0091 -0.00495712 -0.00238235 -0.0081 -0.00498555 -0.00232227 -0.0081 -0.00488535 -0.00252632 -0.0091 -0.00485384 -0.00258625 -0.0091 -0.00474181 -0.00278662 -0.0081 -0.00477722 -0.0027254 -0.0091 -0.00462266 -0.00298003 -0.0081 -0.00466116 -0.00291952 -0.0081 -0.00453578 -0.00311052 -0.0091 -0.00449535 -0.00316869 -0.0091 -0.00435988 -0.00335259 -0.0081 -0.00440339 -0.00329531 -0.0091 -0.00421625 -0.00353172 -0.0081 -0.004264 -0.0034739 -0.0081 -0.00411759 -0.00364629 -0.0091 -0.00406665 -0.00370297 -0.0091 -0.00390998 -0.00386794 -0.0081 -0.00396418 -0.00381247 -0.0091 -0.00374608 -0.00402681 -0.0081 -0.00380377 -0.00397244 -0.0081 -0.00363634 -0.00412621 -0.0091 -0.0032171 -0.00446086 -0.0081 -0.00328274 -0.00441272 -0.0091 -0.00263751 -0.00482632 -0.0081 -0.00271823 -0.00478134 -0.0091 -0.00283545 -0.00471267 -0.0081 -0.0029109 -0.0046665 -0.0081 -0.00309906 -0.00454363 -0.0091 -0.00302931 -0.00459038 -0.0081 -0.00211057 -0.00507887 -0.0091 -0.00222926 -0.0050278 -0.0091 -0.00201802 -0.00511629 -0.0081 -0.00251909 -0.00488904 -0.0091 -0.00243576 -0.00493115 -0.0081 -0.00231636 -0.0049883 -0.0091 -0.00158743 -0.00526586 -0.0091 -0.00136792 -0.00532703 -0.0081 -0.00147163 -0.00529932 -0.0091 -0.00180367 -0.00519583 -0.0081 -0.00168801 -0.00523443 -0.0081 -0.00190171 -0.00516076 -0.0091 -0.000695444 -0.0054558 -0.0081 -0.00081177 -0.00543966 -0.0091 -0.000920231 -0.00542247 -0.0081 -0.00103423 -0.00540188 -0.0081 -0.0012537 -0.00535514 -0.0091 -0.00114513 -0.00537934 -0.0081 -0.000139033 -0.00549823 -0.0091 -0.000240743 -0.00549459 -0.0091 -1.14784e-05 -0.00549999 -0.0081 -0.000587507 -0.00546839 -0.0091 -0.000468948 -0.00547984 -0.0081 -0.000363261 -0.00548791 -0.0091 0.000670281 -0.00545886 -0.0081 0.000759877 -0.00544723 -0.0081 0.000536891 -0.00547364 -0.0091 0.000442936 -0.00548201 -0.0081 0.000312325 -0.00549098 -0.0091 0.000215683 -0.00549572 -0.0081 0.00142264 -0.00531272 -0.0081 0.00120376 -0.0053665 -0.0091 0.00134266 -0.00533348 -0.0081 0.000981787 -0.00541162 -0.0091 0.000897592 -0.00542626 -0.0091 0.00112089 -0.00538454 -0.0081 0.00185109 -0.00517914 -0.0091 0.00199529 -0.00512528 -0.0081 0.00206293 -0.00509831 -0.0091 0.00156291 -0.00527311 -0.0091 0.00178163 -0.00520341 -0.0081 0.00163841 -0.00525026 -0.0091 0.00261662 -0.00483763 -0.0081 0.00267129 -0.00480772 -0.0081 0.00247303 -0.0049126 -0.0091 0.00241261 -0.00494243 -0.0081 0.00227024 -0.00500947 -0.0091 0.0022055 -0.00503832 -0.0081 0.00324136 -0.00444331 -0.0081 0.003057 -0.00457202 -0.0091 0.00319602 -0.00447591 -0.0081 0.00286682 -0.0046936 -0.0091 0.00281484 -0.00472509 -0.0091 0.00300772 -0.00460463 -0.0081 0.00359393 -0.00416322 -0.0091 0.00372727 -0.00404434 -0.0081 0.00376185 -0.00401211 -0.0091 0.00337974 -0.00433893 -0.0091 0.00355698 -0.00419497 -0.0081 0.0034199 -0.00430747 -0.0091 0.00420132 -0.00354948 -0.0081 0.00422478 -0.00352138 -0.0081 0.00407685 -0.00369177 -0.0091 0.00405003 -0.00372102 -0.0081 0.00392283 -0.00385496 -0.0091 0.00389162 -0.00388636 -0.0091 0.00434434 -0.00337283 -0.0081 0.00436591 -0.00334474 -0.0081 0.00449916 -0.00316333 -0.0091 0.00448025 -0.00318996 -0.0091 0.00460906 -0.00300085 -0.0081 0.00462454 -0.00297715 -0.0091 0.00473014 -0.00280638 -0.0081 0.0047425 -0.0027853 -0.0081 0.004853 -0.00258781 -0.0091 0.00484198 -0.00260858 -0.0091 0.00494575 -0.00240585 -0.0081 0.00495494 -0.00238697 -0.0091 0.00504146 -0.00219821 -0.0081 0.0050483 -0.00218275 -0.0081 0.0051331 -0.00197517 -0.0091 0.00512888 -0.00198611 -0.0091 0.00520648 -0.00177258 -0.0081 0.00520932 -0.00176423 -0.0091 0.0052753 -0.00155559 -0.0081 0.00527698 -0.00154992 -0.0081 0.00533606 -0.00133225 -0.0091 0.00533533 -0.00133514 -0.0081 8.61769e-05 -0.00549925 -0.000307112 -0.0138828 0.0130149 -0.000154335 -0.0138969 0.0130149 -0.000298933 -0.0138839 0.0168149 0.00249889 -0.0114762 0.013015 0.00249003 -0.0116249 0.016815 0.00248942 -0.0116307 0.013015 -0.000451731 -0.0138607 0.0168149 -0.000458877 -0.0138592 0.0130149 -0.000601702 -0.0138284 0.0168149 -0.000609371 -0.0138263 0.0130149 -0.000756791 -0.0137844 0.0130149 -0.000750053 -0.0137867 0.0168149 -0.000895653 -0.0137359 0.0168149 -0.000902039 -0.0137333 0.0130149 -0.00103726 -0.0136765 0.0168149 -0.00104367 -0.0136734 0.0130149 -0.0011808 -0.0136053 0.0130149 -0.00117574 -0.0136081 0.0168149 -0.00130912 -0.0135317 0.0168149 -0.00131448 -0.0135282 0.0130149 -0.00143757 -0.0134472 0.0168149 -0.00144253 -0.0134435 0.0130149 -0.00156505 -0.0133512 0.0130149 -0.00156128 -0.0133544 0.0168149 -0.00167807 -0.013255 0.0168149 -0.00168223 -0.013251 0.0130149 -0.001789 -0.0131481 0.0168149 -0.00179244 -0.0131445 0.0130149 -0.00189622 -0.0130309 0.0130149 -0.00189333 -0.0130345 0.0168149 -0.00198995 -0.0129151 0.0168149 -0.00199285 -0.0129111 0.0130149 -0.00207956 -0.0127894 0.0168149 -0.00208157 -0.0127863 0.0130149 -0.00216293 -0.0126553 0.0130149 -0.00216097 -0.0126589 0.0168149 -0.00223412 -0.0125237 0.0168149 -0.00223586 -0.0125201 0.0130149 -0.00229925 -0.0123834 0.0168149 -0.00230019 -0.012381 0.0130149 -0.00235619 -0.0122373 0.0130149 -0.00235509 -0.0122406 0.0168149 -0.00240224 -0.012094 0.0168149 -0.00240303 -0.0120912 0.0130149 -0.00244041 -0.0119445 0.0168149 -0.00244083 -0.0119422 0.0130149 -0.00246947 -0.011791 0.013015 -0.00246907 -0.0117936 0.016815 -0.00248854 -0.0116406 0.016815 -0.00248871 -0.011639 0.013015 -0.00249854 -0.011487 0.016815 -0.00249856 -0.0114863 0.013015 -0.00249899 -0.0113328 0.013015 -0.002499 -0.0113333 0.016815 -0.00249003 -0.0111789 0.016815 -0.00249003 -0.0111787 0.013015 -0.000145722 -0.0138976 0.0168149 7.86262e-06 -0.0139019 0.0168149 -9.07239e-14 -0.0139017 0.0130149 0.000154785 -0.0138969 0.0130149 0.000162266 -0.0138966 0.0168149 0.000307956 -0.0138827 0.0130149 0.000315174 -0.0138819 0.0168149 0.000467381 -0.0138578 0.0168149 0.000459512 -0.0138591 0.0130149 0.000609453 -0.0138263 0.0130149 0.000617856 -0.0138243 0.0168149 0.00075778 -0.0137841 0.0130149 0.000765319 -0.0137819 0.0168149 0.000910841 -0.01373 0.0168149 0.00090337 -0.0137328 0.0130149 0.00104481 -0.0136729 0.0130149 0.00105235 -0.0136696 0.0168149 0.00118307 -0.013604 0.0130149 0.00118959 -0.0136007 0.0168149 0.00132317 -0.013523 0.0168149 0.00131645 -0.013527 0.0130149 0.00144458 -0.013442 0.0130149 0.00145099 -0.0134377 0.0168149 0.00156805 -0.0133488 0.0130149 0.0015736 -0.0133445 0.0168149 0.00168469 -0.0132488 0.0130149 0.00179513 -0.0131416 0.0130149 0.00169037 -0.0132438 0.0168149 0.00189939 -0.0130272 0.0130149 0.00180023 -0.0131366 0.0168149 0.00190386 -0.0130221 0.0168149 0.00199552 -0.0129076 0.0130149 0.00208449 -0.0127818 0.0130149 0.00199998 -0.0129019 0.0168149 0.0021658 -0.0126504 0.0130149 0.00208826 -0.0127764 0.0168149 0.00216919 -0.0126446 0.0168149 0.00223834 -0.0125151 0.0130149 0.00230277 -0.0123749 0.0130149 0.00224149 -0.012509 0.0168149 0.00235842 -0.0122311 0.0130149 0.00230536 -0.0123689 0.0168149 0.00236061 -0.0122249 0.0168149 0.00240488 -0.0120846 0.0130149 0.0024425 -0.0119346 0.0130149 0.00240671 -0.0120785 0.0168149 0.00247067 -0.0117834 0.013015 0.00244364 -0.0119297 0.0168149 0.00247142 -0.0117785 0.016815 0.00247 -0.0110156 0.013015 0.00248854 -0.0111632 0.016815 0.00248908 -0.011169 0.013015 0.00249872 -0.0113227 0.013015 0.00249854 -0.0113168 0.016815 0.002499 -0.0114705 0.016815 0.00240224 -0.0107098 0.016815 0.00240383 -0.0107152 0.013015 0.00235693 -0.0105682 0.013015 0.00246907 -0.0110102 0.016815 0.0024416 -0.0108647 0.013015 0.00244041 -0.0108593 0.016815 0.00223655 -0.0102848 0.013015 0.00216355 -0.0101491 0.013015 0.00223412 -0.0102801 0.016815 0.00230125 -0.010425 0.013015 0.00229925 -0.0104203 0.016815 0.00235509 -0.0105632 0.016815 0.00189642 -0.00977278 0.013015 0.00198995 -0.00988866 0.016815 0.0019929 -0.00989234 0.013015 0.00207956 -0.0100144 0.016815 0.00216097 -0.0101449 0.016815 0.00208242 -0.0100185 0.013015 0.00167807 -0.00954881 0.0168151 0.00168135 -0.00955158 0.0130151 0.00156465 -0.00945193 0.0130151 0.00189333 -0.00976933 0.016815 0.00179256 -0.0096592 0.0130151 0.001789 -0.0096557 0.0168151 0.00131264 -0.00927406 0.0130151 0.00117952 -0.00919753 0.0130151 0.00130912 -0.00927208 0.0168151 0.00144152 -0.00935926 0.0130151 0.00143757 -0.00935663 0.0168151 0.00156128 -0.00944936 0.0168151 0.000754148 -0.00901825 0.0130151 0.000895653 -0.00906785 0.0168151 0.000899186 -0.00906904 0.0130151 0.00103726 -0.00912729 0.0168151 0.00117574 -0.00919566 0.0168151 0.00104126 -0.00912895 0.0130151 0.000451731 -0.00894305 0.0168151 0.000455079 -0.00894351 0.0130151 0.000303025 -0.00892023 0.0130151 0.000750053 -0.00901712 0.0168151 0.000605402 -0.00897617 0.0130151 0.000601702 -0.00897542 0.0168151 -4.55641e-06 -0.00890176 0.0130151 -0.00015848 -0.00890682 0.0130151 -7.86262e-06 -0.00890193 0.0168151 0.000148804 -0.00890616 0.0130151 0.000145722 -0.00890617 0.0168151 0.000298933 -0.00891989 0.0168151 -0.000614637 -0.00897852 0.0130151 -0.000467381 -0.00894603 0.0168151 -0.000464061 -0.00894522 0.0130151 -0.000315174 -0.00892185 0.0168151 -0.000162266 -0.00890722 0.0168151 -0.000312429 -0.00892133 0.0130151 -0.000910841 -0.00907379 0.0168151 -0.000907776 -0.00907242 0.0130151 -0.00104989 -0.00913292 0.0130151 -0.000617856 -0.00897949 0.0168151 -0.000763019 -0.00902102 0.0130151 -0.000765319 -0.00902192 0.0168151 -0.00132058 -0.00927905 0.0130151 -0.00144938 -0.00936477 0.0130151 -0.00132317 -0.00928083 0.0168151 -0.00118762 -0.00920184 0.0130151 -0.00118959 -0.00920308 0.0168151 -0.00105235 -0.0091342 0.0168151 -0.00168838 -0.00955808 0.0130151 -0.00169037 -0.00956004 0.0168151 -0.0015736 -0.00945933 0.0168151 -0.00145099 -0.00936607 0.0168151 -0.00157176 -0.00945765 0.0130151 -0.00179927 -0.00966603 0.0130151 -0.00180023 -0.0096672 0.016815 -0.00190386 -0.00978171 0.016815 -0.00190234 -0.00977972 0.013015 -0.00199865 -0.00990003 0.013015 -0.00199998 -0.00990191 0.016815 -0.00208764 -0.0100263 0.013015 -0.00208826 -0.0100274 0.016815 -0.00216919 -0.0101592 0.016815 -0.0021681 -0.0101571 0.013015 -0.00224076 -0.0102933 0.013015 -0.00224149 -0.0102948 0.016815 -0.00230488 -0.0104335 0.013015 -0.00230536 -0.0104349 0.016815 -0.00236061 -0.0105789 0.016815 -0.00235997 -0.0105769 0.013015 -0.00240645 -0.0107244 0.013015 -0.00240671 -0.0107253 0.016815 -0.00244357 -0.0108737 0.013015 -0.00244364 -0.0108741 0.016815 -0.00247142 -0.0110253 0.016815 -0.00247138 -0.011025 0.013015 0.00423285 -0.0117826 0.021765 0.00421051 -0.0119798 0.0170149 0.00423285 -0.0117824 0.017015 0.00421051 -0.01198 0.0217649 0.00417885 -0.0121761 0.0170149 0.00413768 -0.012372 0.0170149 0.00417885 -0.0121763 0.0217649 0.00413768 -0.0123723 0.0217649 0.00408774 -0.0125648 0.0170149 0.00408774 -0.012565 0.0217649 0.00402903 -0.0127544 0.0170149 0.00396097 -0.0129422 0.0170149 0.00402903 -0.0127547 0.0217649 0.00396097 -0.0129424 0.0217649 0.00388422 -0.0131266 0.0170149 0.00388422 -0.0131268 0.0217649 0.00379934 -0.0133064 0.0170149 0.00370636 -0.0134817 0.0170149 0.00379934 -0.0133066 0.0217649 0.00370636 -0.0134819 0.0217649 0.00360412 -0.013654 0.0170149 0.00360412 -0.0136542 0.0217649 0.00349457 -0.0138206 0.0170149 0.00337779 -0.0139812 0.0170149 0.00349457 -0.0138208 0.0217649 0.00337779 -0.0139814 0.0217649 0.0032532 -0.0141366 0.0170148 0.0032532 -0.0141368 0.0217649 0.00312089 -0.0142866 0.0170148 0.00298245 -0.0144296 0.0170148 0.00312089 -0.0142868 0.0217648 0.00298245 -0.0144298 0.0217648 0.00283788 -0.0145656 0.0170148 0.00283788 -0.0145658 0.0217648 0.00268587 -0.0146955 0.0170148 0.00252827 -0.014818 0.0170148 0.00268587 -0.0146957 0.0217648 0.00252827 -0.0148182 0.0217648 0.00236582 -0.0149325 0.0170148 0.00236582 -0.0149327 0.0217648 0.00219831 -0.0150392 0.0170148 0.00202442 -0.0151387 0.0170148 0.00219831 -0.0150394 0.0217648 0.00202442 -0.0151389 0.0217648 0.00184708 -0.0152295 0.0170148 0.00184708 -0.0152297 0.0217648 0.00166631 -0.0153116 0.0170148 0.001481 -0.0153854 0.0170148 0.00166631 -0.0153118 0.0217648 0.001481 -0.0153856 0.0217648 0.00129207 -0.0154506 0.0170148 0.00129207 -0.0154508 0.0217648 0.00110121 -0.0155067 0.0170148 0.000908429 -0.0155537 0.0170148 0.00110121 -0.0155069 0.0217648 0.000908429 -0.0155539 0.0217648 0.000711893 -0.0155918 0.0170148 0.000711893 -0.015592 0.0217648 0.000514522 -0.0156206 0.0170148 0.000316797 -0.0156401 0.0170148 0.000514522 -0.0156208 0.0217648 0.000316797 -0.0156403 0.0217648 0.000118136 -0.0156502 0.0170148 0.000118136 -0.0156504 0.0217648 -8.20271e-05 -0.015651 0.0170148 -0.000280965 -0.0156426 0.0170148 -8.20271e-05 -0.0156512 0.0217648 -0.000280965 -0.0156428 0.0217648 -0.000478678 -0.0156249 0.0170148 -0.000478678 -0.0156251 0.0217648 -0.000676556 -0.0155976 0.0170148 -0.000872925 -0.0155612 0.0170148 -0.000676556 -0.0155978 0.0217648 -0.000872925 -0.0155614 0.0217648 -0.00106652 -0.0155159 0.0170148 -0.00106652 -0.0155161 0.0217648 -0.00125736 -0.0154617 0.0170148 -0.0014473 -0.0153978 0.0170148 -0.00125736 -0.0154619 0.0217648 -0.0014473 -0.015398 0.0217648 -0.00163309 -0.0153255 0.0170148 -0.00163309 -0.0153258 0.0217648 -0.00181465 -0.015245 0.0170148 -0.00199274 -0.0151557 0.0170148 -0.00181465 -0.0152452 0.0217648 -0.00199274 -0.0151559 0.0217648 -0.00216711 -0.0150578 0.0170148 -0.00216711 -0.015058 0.0217648 -0.00233591 -0.0149523 0.0170148 -0.00249914 -0.0148395 0.0170148 -0.00233591 -0.0149526 0.0217648 -0.00249914 -0.0148397 0.0217648 -0.00265803 -0.014718 0.0170148 -0.00265803 -0.0147182 0.0217648 -0.00281079 -0.0145896 0.0170148 -0.00295679 -0.0144547 0.0170148 -0.00281079 -0.0145898 0.0217648 -0.00295679 -0.0144549 0.0217648 -0.00309622 -0.0143132 0.0170148 -0.00309622 -0.0143134 0.0217648 -0.00322989 -0.014164 0.0170148 -0.00335581 -0.0140097 0.0170149 -0.00322989 -0.0141643 0.0217649 -0.00335581 -0.0140099 0.0217649 -0.00347399 -0.0138501 0.0170149 -0.00347399 -0.0138503 0.0217649 -0.00358501 -0.0136843 0.0170149 -0.00368832 -0.0135133 0.0170149 -0.00358501 -0.0136846 0.0217649 -0.00368832 -0.0135135 0.0217649 -0.00378313 -0.0133384 0.0170149 -0.00378313 -0.0133386 0.0217649 -0.00386942 -0.0131598 0.0170149 -0.00394783 -0.0129755 0.0170149 -0.00386942 -0.01316 0.0217649 -0.00394783 -0.0129757 0.0217649 -0.00401733 -0.0127886 0.0170149 -0.00401733 -0.0127888 0.0217649 -0.00407781 -0.0125993 0.0170149 -0.00412935 -0.0124071 0.0170149 -0.00407781 -0.0125996 0.0217649 -0.00412935 -0.0124074 0.0217649 -0.00417204 -0.0122116 0.0170149 -0.00417204 -0.0122118 0.0217649 -0.00420544 -0.0120153 0.0170149 -0.00422955 -0.0118183 0.017015 -0.00420544 -0.0120156 0.0217649 -0.00422955 -0.0118185 0.021765 -0.00424436 -0.0116206 0.017015 -0.00424436 -0.0116208 0.021765 -0.00424988 -0.011422 0.017015 -0.00424611 -0.0112228 0.017015 -0.00424988 -0.0114222 0.021765 -0.00424611 -0.011223 0.021765 -0.00423305 -0.0110227 0.017015 -0.00423305 -0.011023 0.021765 0.00424602 -0.0115833 0.017015 0.00424602 -0.0115835 0.021765 0.00424996 -0.0113832 0.017015 0.00424996 -0.0113834 0.021765 0.00424441 -0.0111851 0.021765 0.00424441 -0.0111848 0.017015 0.00422954 -0.0109865 0.017015 0.00422954 -0.0109867 0.021765 0.00420535 -0.010788 0.017015 0.00420535 -0.0107882 0.021765 0.00417199 -0.0105916 0.021765 0.00417199 -0.0105914 0.017015 0.00412953 -0.0103974 0.017015 0.00412953 -0.0103977 0.021765 0.00407787 -0.010205 0.017015 0.00407787 -0.0102052 0.021765 0.00401701 -0.0100143 0.021765 0.00401701 -0.0100141 0.017015 0.00394781 -0.00982803 0.017015 0.00394781 -0.00982824 0.021765 0.00386984 -0.00964517 0.0170151 0.00386984 -0.00964539 0.0217651 0.00378306 -0.0094656 0.0217651 0.00378306 -0.00946539 0.0170151 0.0036879 -0.00928959 0.0170151 0.0036879 -0.00928981 0.0217651 0.00358522 -0.00911975 0.0170151 0.00358522 -0.00911996 0.0217651 0.00347438 -0.00895462 0.0217651 0.00347438 -0.00895441 0.0170151 0.00335539 -0.00879358 0.0170151 0.00335539 -0.00879379 0.0217651 0.00322957 -0.00863926 0.0170151 0.00322957 -0.00863947 0.0217651 0.00309691 -0.00849162 0.0217651 0.00309691 -0.00849141 0.0170151 0.00295697 -0.00834939 0.0170151 0.00295697 -0.0083496 0.0217651 0.00280992 -0.00821336 0.0170151 0.00280992 -0.00821357 0.0217651 0.00265803 -0.00808593 0.0217651 0.00265803 -0.00808572 0.0170151 0.00249995 -0.00796506 0.0170151 0.00249995 -0.00796527 0.0217651 0.00233568 -0.00785136 0.0170151 0.00233568 -0.00785157 0.0217651 0.00216641 -0.00774574 0.0217651 0.00216641 -0.00774552 0.0170151 0.00199327 -0.00764839 0.0170151 0.00199327 -0.0076486 0.0217651 0.0018152 -0.00755917 0.0170151 0.0018152 -0.00755938 0.0217651 0.00163222 -0.00747808 0.0217651 0.00163222 -0.00747787 0.0170151 0.00144694 -0.00740582 0.0170152 0.00144694 -0.00740604 0.0217652 0.00125855 -0.00734262 0.0170152 0.00125855 -0.00734283 0.0217652 0.00106664 -0.00728825 0.0217652 0.00106664 -0.00728804 0.0170152 0.000871846 -0.00724229 0.0170152 0.000871846 -0.00724251 0.0217652 0.000676725 -0.00720617 0.0170152 0.000676725 -0.00720639 0.0217652 0.0004796 -0.00717937 0.0217652 0.0004796 -0.00717916 0.0170152 0.00028047 -0.00716124 0.0170152 0.00028047 -0.00716146 0.0217652 8.13015e-05 -0.0071527 0.0170152 8.13015e-05 -0.00715291 0.0217652 -0.000117283 -0.00715381 0.0217652 -0.000117283 -0.00715359 0.0170152 -0.000316303 -0.0071638 0.0170152 -0.000316303 -0.00716402 0.0217652 -0.000515761 -0.00718332 0.0170152 -0.000515761 -0.00718354 0.0217652 -0.000712124 -0.00721223 0.0217652 -0.000712124 -0.00721202 0.0170152 -0.000907267 -0.00724997 0.0170152 -0.000907267 -0.00725018 0.0217652 -0.00110127 -0.00729717 0.0170152 -0.00110127 -0.00729738 0.0217652 -0.00129304 -0.0073536 0.0217652 -0.00129304 -0.00735339 0.0170152 -0.00148064 -0.00741822 0.0170152 -0.00148064 -0.00741843 0.0217652 -0.00166555 -0.00749198 0.0170151 -0.00166555 -0.00749219 0.0217651 -0.00184776 -0.00757487 0.0217651 -0.00184776 -0.00757466 0.0170151 -0.00202495 -0.00766534 0.0170151 -0.00202495 -0.00766555 0.0217651 -0.00219732 -0.0077641 0.0170151 -0.00219732 -0.00776431 0.0217651 -0.00236553 -0.00787142 0.0217651 -0.00236553 -0.0078712 0.0170151 -0.0025293 -0.00798648 0.0170151 -0.0025293 -0.00798669 0.0217651 -0.00268592 -0.00810828 0.0170151 -0.00268592 -0.00810849 0.0217651 -0.00283703 -0.0082378 0.0217651 -0.00283703 -0.00823759 0.0170151 -0.00298264 -0.00837442 0.0170151 -0.00298264 -0.00837464 0.0217651 -0.00312154 -0.00851774 0.0170151 -0.00312154 -0.00851795 0.0217651 -0.00325279 -0.00866691 0.0217651 -0.00325279 -0.0086667 0.0170151 -0.00337734 -0.00882215 0.0170151 -0.00337734 -0.00882236 0.0217651 -0.00349518 -0.00898407 0.0170151 -0.00349518 -0.00898428 0.0217651 -0.00360439 -0.00915031 0.0217651 -0.00360439 -0.0091501 0.0170151 -0.00370567 -0.00932109 0.0170151 -0.00370567 -0.0093213 0.0217651 -0.00379924 -0.00949733 0.0170151 -0.00379924 -0.00949754 0.0217651 -0.00388475 -0.0096784 0.0217651 -0.00388475 -0.00967818 0.0170151 -0.00396094 -0.00986142 0.017015 -0.00396094 -0.00986163 0.021765 -0.00402865 -0.0100485 0.017015 -0.00402865 -0.0100487 0.021765 -0.00408788 -0.0102397 0.021765 -0.00408788 -0.0102395 0.017015 -0.00413794 -0.0104324 0.017015 -0.00413794 -0.0104326 0.021765 -0.00417865 -0.0106268 0.017015 -0.00417865 -0.010627 0.021765 -0.00421036 -0.0108238 0.021765 -0.00421036 -0.0108236 0.017015 0.00242598 -0.0120451 0.0168767 0.00249248 -0.0116252 0.0168463 0.00249978 -0.0116258 0.0168768 0.00216919 -0.0126446 0.0168149 0.00224149 -0.012509 0.0168149 0.00227573 -0.0124428 0.0168462 0.00190386 -0.0130221 0.0168149 0.00199998 -0.0129019 0.0168149 0.00179898 -0.0131414 0.0168462 0.00247142 -0.0117785 0.016815 0.0024189 -0.0120432 0.0168462 0.00236061 -0.0122249 0.0168149 0.00230536 -0.0123689 0.0168149 0.00240671 -0.0120785 0.0168149 0.00244364 -0.0119297 0.0168149 0.00249003 -0.0116249 0.016815 0.00206709 -0.0128124 0.0168462 0.00208826 -0.0127764 0.0168149 0.00180023 -0.0131366 0.0168149 0.00243759 -0.0120481 0.0169057 0.00245344 -0.0120523 0.0169325 0.00251174 -0.0116269 0.0169058 0.00118959 -0.0136007 0.0168149 0.00132317 -0.013523 0.0168149 0.00111671 -0.0136414 0.0168462 0.00232676 -0.0124661 0.0169563 0.00211344 -0.012844 0.0169563 0.00230823 -0.0124576 0.0169325 0.000938409 -0.0139335 0.0170149 0.000787424 -0.0139845 0.0170149 0.000770156 -0.0139571 0.0170124 0.00183933 -0.0131804 0.0169563 0.00209661 -0.0128325 0.0169325 0.000318087 -0.0140831 0.0170149 0.000157974 -0.0140972 0.0170149 0.000327252 -0.0140505 0.0170124 -0.000451731 -0.0138607 0.0168149 -0.000298933 -0.0138839 0.0168149 -0.000538042 -0.0138458 0.0168462 0.000745259 -0.0138745 0.0169767 0.000319954 -0.0139914 0.0169931 0.000316673 -0.0139649 0.0169767 -0.000117275 -0.0139016 0.0168461 0.000162266 -0.0138966 0.0168149 0.000306865 -0.0138855 0.0168462 -0.00117574 -0.0136081 0.0168149 -0.00132148 -0.013527 0.0168462 -0.00130912 -0.0135317 0.0168149 -0.000545725 -0.0138807 0.0169324 -0.000542199 -0.0138647 0.0169057 -0.000118181 -0.0139209 0.0169057 0.000738372 -0.0138516 0.0169563 0.000313747 -0.0139412 0.0169563 0.00073249 -0.0138321 0.0169324 -0.000950619 -0.0137377 0.0169057 -0.0009568 -0.0137529 0.0169324 -0.00189333 -0.0130345 0.0168149 -0.001789 -0.0131481 0.0168149 -0.00195395 -0.0129654 0.0168462 -0.00140927 -0.0136682 0.0170124 -0.00163985 -0.0135468 0.0170149 -0.001772 -0.0133974 0.0170124 -0.000550107 -0.0139006 0.0169563 -0.00011895 -0.0139373 0.0169324 -0.000119905 -0.0139577 0.0169563 -0.00199338 -0.013223 0.0170149 -0.00208376 -0.0130692 0.0170124 -0.00176362 -0.0134463 0.0170149 -0.00166161 -0.0132731 0.0168462 -0.00209738 -0.0131022 0.0170149 -0.00250244 -0.0113908 0.0168463 -0.00249854 -0.011487 0.016815 -0.00248854 -0.0116406 0.016815 -0.00233556 -0.0126931 0.0170125 -0.00228405 -0.0128417 0.0170149 -0.00249003 -0.0111789 0.016815 -0.00246457 -0.0109681 0.0168463 -0.00247142 -0.0110253 0.016815 -0.00250269 -0.012415 0.0170149 -0.00252018 -0.0122798 0.0170125 -0.00199776 -0.0130004 0.0169563 -0.00223918 -0.0126398 0.0169563 -0.00198185 -0.0129877 0.0169325 -0.00167445 -0.0132876 0.0169057 -0.00168534 -0.0132998 0.0169324 -0.00268911 -0.0111602 0.017015 -0.0026283 -0.0109393 0.0170125 -0.00266869 -0.0113901 0.0170125 -0.00222134 -0.0126299 0.0169325 -0.00196904 -0.0129774 0.0169057 -0.00260396 -0.0106884 0.017015 -0.00251231 -0.0105017 0.0170126 -0.00199998 -0.00990191 0.016815 -0.00208826 -0.0100274 0.016815 -0.00194003 -0.0098212 0.0168463 -0.00230536 -0.0104349 0.016815 -0.0023558 -0.0105578 0.0168463 -0.00217926 -0.0101718 0.0168463 -0.00250356 -0.0118198 0.0169325 -0.00252367 -0.0118231 0.0169564 -0.00255855 -0.0113906 0.0169564 -0.00253817 -0.0113907 0.0169325 -0.00251984 -0.0109583 0.0169564 -0.00163675 -0.00925465 0.0170151 -0.00175427 -0.00939079 0.0170126 -0.00176163 -0.00935579 0.0170151 -0.00240863 -0.0105389 0.0169564 -0.00249976 -0.0109619 0.0169326 -0.00169756 -0.0094558 0.0169769 -0.00200203 -0.00977068 0.0169769 -0.00171515 -0.00943564 0.0169933 -0.00222813 -0.0101442 0.0169565 -0.00238944 -0.0105457 0.0169326 -0.00168187 -0.00947378 0.0169565 -0.00196773 -0.00979863 0.0169326 -0.00198353 -0.00978576 0.0169565 -0.00130261 -0.00926519 0.0168464 -0.00092277 -0.00907578 0.0168464 -0.00118959 -0.00920308 0.0168151 -0.00133182 -0.00921728 0.0169565 -0.00166847 -0.00948914 0.0169326 -0.000765319 -0.00902192 0.0168151 -0.000516382 -0.00895329 0.0168464 -9.51379e-05 -0.00890124 0.0168464 -0.000315174 -0.00892185 0.0168151 -0.00165769 -0.0095015 0.0169059 -0.00132121 -0.00923468 0.0169326 -0.000101458 -0.00873512 0.0170126 0.000161848 -0.0087068 0.0170151 0.00035069 -0.00875633 0.0170126 -0.000943463 -0.00902363 0.0169565 0.00130912 -0.00927208 0.0168151 0.00149694 -0.00939653 0.0168463 0.00143757 -0.00935663 0.0168151 -0.00131268 -0.00924868 0.0169059 -0.000935947 -0.00904257 0.0169326 0.000792749 -0.00885366 0.0170126 0.000635983 -0.00877791 0.0170151 0.000451731 -0.00894305 0.0168151 0.000328843 -0.00892114 0.0168464 0.000743364 -0.00901239 0.0168464 -0.000527961 -0.00889839 0.0169565 -9.72713e-05 -0.00884517 0.0169565 -0.000523756 -0.00891833 0.0169326 -0.000929901 -0.00905781 0.0169059 0.000895653 -0.00906785 0.0168151 0.0011365 -0.00917239 0.0168464 0.001789 -0.0096557 0.0168151 0.00167807 -0.00954881 0.0168151 0.00181432 -0.00967836 0.0168463 0.00123398 -0.0090004 0.0170151 0.0013747 -0.00907815 0.0170151 0.001212 -0.00902429 0.0170126 -0.000520372 -0.00893438 0.0169059 -9.64965e-05 -0.00886554 0.0169326 0.00159639 -0.00926331 0.0170126 0.00150975 -0.00916348 0.0170151 0.000336217 -0.00886551 0.0169565 0.000333539 -0.00888572 0.0169326 -9.58731e-05 -0.00888193 0.0169059 0.0018917 -0.00960485 0.0169933 0.00154478 -0.00933245 0.0169769 0.00156079 -0.009311 0.0169933 0.00268923 -0.0116428 0.017015 0.00265807 -0.01164 0.0170125 0.00269874 -0.0114822 0.017015 0.00117282 -0.00910114 0.0169769 0.00193485 -0.00956387 0.0170126 0.00157813 -0.00928777 0.0170053 0.000760033 -0.00895882 0.0169565 0.00266007 -0.0111874 0.0170125 0.00269881 -0.0113224 0.017015 0.00209782 -0.00970224 0.017015 0.00221765 -0.0099173 0.0170126 0.00268944 -0.0111634 0.017015 0.0018723 -0.00962328 0.0169769 0.00243665 -0.0103134 0.0170126 0.00219229 -0.00993427 0.0170053 0.00258555 -0.0107409 0.0170125 0.00267065 -0.0110051 0.017015 0.00255835 -0.010539 0.017015 0.00260487 -0.0106915 0.017015 0.0021682 -0.0099504 0.0169932 0.0025279 -0.0107556 0.0169932 0.00238231 -0.0103377 0.0169932 0.00255599 -0.0107484 0.0170052 0.00191272 -0.00958489 0.0170053 0.00153051 -0.00935157 0.0169565 0.00116198 -0.0091224 0.0169565 0.000331384 -0.00890197 0.0169059 0.000753979 -0.00897828 0.0169326 0.00115273 -0.00914056 0.0169326 0.000749108 -0.00899393 0.0169059 0.00151832 -0.0093679 0.0169326 0.00150851 -0.00938104 0.0169059 0.00114528 -0.00915517 0.0169059 0.00229925 -0.0104203 0.016815 0.00228486 -0.0103812 0.0168463 0.00235509 -0.0105632 0.016815 0.00209557 -0.00999902 0.0169058 0.00182833 -0.00966505 0.0169058 0.00210919 -0.0099899 0.0169326 0.00189333 -0.00976933 0.016815 0.0020795 -0.0100098 0.0168463 0.00216097 -0.0101449 0.016815 0.00242448 -0.0107821 0.0168463 0.00240224 -0.0107098 0.016815 0.00249436 -0.0112007 0.0168463 0.00250166 -0.0112001 0.0168768 0.00243158 -0.0107802 0.0168768 0.00244322 -0.0107773 0.0169058 0.00251364 -0.0111992 0.0169058 0.00246907 -0.0110102 0.016815 0.00244041 -0.0108593 0.016815 0.00249854 -0.0113168 0.016815 0.00248854 -0.0111632 0.016815 0.002499 -0.0114705 0.016815 0.00240879 -0.0103259 0.0170052 0.00207956 -0.0100144 0.016815 0.000789702 -0.00881997 0.0170151 0.00109006 -0.00893176 0.0170151 0.000320633 -0.00872101 0.0170151 0.000145722 -0.00890617 0.0168151 0.000750053 -0.00901712 0.0168151 -0.000550688 -0.00879063 0.0170126 -0.000317401 -0.00872068 0.0170151 -0.00195502 -0.00980899 0.0169058 0.000298933 -0.00891989 0.0168151 -0.000984075 -0.00892126 0.0170126 -0.000786651 -0.0088191 0.0170151 -0.00221038 -0.0101542 0.0169326 -0.0021961 -0.0101623 0.0169058 -0.000162266 -0.00890722 0.0168151 -0.00202278 -0.00975378 0.0169932 -0.00173421 -0.00941379 0.0170053 -0.002374 -0.0105513 0.0169058 -0.00164498 -0.00951607 0.0168463 -0.00180023 -0.0096672 0.016815 -0.00145099 -0.00936607 0.0168151 -0.00187941 -0.00946343 0.0170151 -0.00206891 -0.00971619 0.0170126 -0.00248361 -0.0109647 0.0169058 -0.00219262 -0.0098264 0.017015 -0.00209588 -0.00969977 0.017015 -0.000910841 -0.00907379 0.0168151 -0.00232404 -0.0100901 0.0170126 -0.00252177 -0.0113907 0.0169058 -0.00243671 -0.010239 0.017015 -0.00236387 -0.0100973 0.017015 -0.00132317 -0.00928083 0.0168151 -0.00248739 -0.0118171 0.0169058 -0.00169037 -0.00956004 0.0168151 -0.00240671 -0.0107253 0.016815 -0.00238144 -0.0122315 0.0169057 -0.00239693 -0.0122369 0.0169325 -0.00241618 -0.0122436 0.0169564 -0.00220699 -0.012622 0.0169057 -0.00236061 -0.0105789 0.016815 -0.00246831 -0.0118139 0.0168462 -0.00243871 -0.0122514 0.0169767 -0.00226006 -0.0126514 0.0169767 -0.00246398 -0.0122602 0.0169931 -0.00169887 -0.0133151 0.0169563 -0.00240224 -0.012094 0.0168149 -0.00236318 -0.0122251 0.0168462 -0.0025736 -0.0118315 0.0169932 -0.00133169 -0.0135434 0.0169057 -0.00134035 -0.0135573 0.0169324 -0.00135111 -0.0135746 0.0169563 -0.00229925 -0.0123834 0.0168149 -0.00219007 -0.0126127 0.0168462 -0.00236505 -0.0127044 0.0170149 -0.00243834 -0.0125613 0.0170149 -0.000964483 -0.0137717 0.0169563 -0.00207956 -0.0127894 0.0168149 -0.00235509 -0.0122406 0.0168149 -0.00216097 -0.0126589 0.0168149 -0.00143757 -0.0134472 0.0168149 -0.00094333 -0.0137198 0.0168462 0.000309237 -0.0139047 0.0169057 0.000311247 -0.0139209 0.0169324 -0.001006 -0.0138737 0.0170124 -0.00123461 -0.013803 0.0170149 -0.000750053 -0.0137867 0.0168149 0.000727758 -0.0138164 0.0169057 -0.000122277 -0.0140082 0.0169931 -0.000121023 -0.0139815 0.0169767 0.00114176 -0.0136916 0.0169563 0.00113266 -0.0136734 0.0169324 0.00112534 -0.0136587 0.0169057 0.00032351 -0.0140202 0.0170051 0.000752981 -0.0139001 0.0169931 0.00149055 -0.013436 0.0169057 0.00150025 -0.0134493 0.0169324 -0.000895653 -0.0137359 0.0168149 0.00151229 -0.0134657 0.0169563 0.000475855 -0.0140596 0.0170149 0.00181289 -0.0131549 0.0169057 0.00182467 -0.0131663 0.0169325 0.000467381 -0.0138578 0.0168149 0.000722178 -0.0137979 0.0168462 0.0011909 -0.0137902 0.0170124 0.00208306 -0.0128233 0.0169057 0.00147913 -0.0134204 0.0168462 0.000910841 -0.01373 0.0168149 0.00137138 -0.0137277 0.0170149 0.00123176 -0.0138046 0.0170149 0.00229331 -0.0124508 0.0169057 0.000315174 -0.0138819 0.0168149 0.00157739 -0.0135545 0.0170124 0.0019185 -0.013257 0.0170124 0.00176112 -0.0134484 0.0170149 0.00169037 -0.0132438 0.0168149 0.00247314 -0.0120576 0.0169564 0.000765319 -0.0137819 0.0168149 0.00252807 -0.0116284 0.0169325 0.00220442 -0.0129061 0.0170124 0.00209533 -0.0131046 0.0170149 0.00239917 -0.0124992 0.0170051 0.00242692 -0.0125119 0.0170125 0.00254838 -0.0116302 0.0169564 0.00257215 -0.0116323 0.0169768 0.00249621 -0.0120637 0.0169767 0.00252208 -0.0120705 0.0169931 0.00236347 -0.0127072 0.0170149 0.0025988 -0.0116347 0.0169932 0.0025796 -0.0120858 0.0170125 0.0025501 -0.012078 0.0170052 0.0023728 -0.0124872 0.0169931 0.00262768 -0.0116373 0.0170052 0.00255708 -0.0122685 0.0170149 0.00260414 -0.0121149 0.0170149 0.00264172 -0.0119597 0.0170149 0.00267005 -0.0118025 0.017015 0.0015736 -0.0133445 0.0168149 0.00228239 -0.0124458 0.0168767 0.00217921 -0.0128889 0.0170051 0.00234846 -0.012476 0.0169767 0.00215526 -0.0128725 0.0169931 0.00250142 -0.0124182 0.0170149 0.00145099 -0.0134377 0.0168149 0.00207314 -0.0128165 0.0168767 0.00189656 -0.0132358 0.0170051 0.00213316 -0.0128575 0.0169767 0.00187572 -0.0132156 0.0169931 0.00228226 -0.0128446 0.0170149 0.00243687 -0.0125644 0.0170149 0.00105235 -0.0136696 0.0168149 0.00180425 -0.0131465 0.0168767 0.00185648 -0.013197 0.0169767 0.00154222 -0.0135065 0.0169931 0.00199114 -0.0132254 0.0170149 0.00219272 -0.0129772 0.0170149 0.000617856 -0.0138243 0.0168149 0.00148346 -0.0134263 0.0168767 0.0015264 -0.013485 0.0169767 0.00155935 -0.0135299 0.0170051 0.00116435 -0.0137369 0.0169931 0.00163726 -0.0135489 0.0170149 0.00187939 -0.0133403 0.0170149 7.86262e-06 -0.0139019 0.0168149 0.00111998 -0.0136479 0.0168767 0.00115241 -0.013713 0.0169767 0.00117729 -0.0137629 0.0170051 0.00150679 -0.0136423 0.0170149 -0.000145722 -0.0138976 0.0168149 0.000724292 -0.0138049 0.0168767 0.000761349 -0.0139279 0.0170051 0.00108666 -0.0138735 0.0170149 -0.000601702 -0.0138284 0.0168149 0.000307764 -0.0138927 0.0168767 -0.000123636 -0.0140372 0.0170051 -0.000125066 -0.0140677 0.0170124 -0.000573786 -0.0140082 0.0170124 -0.0003213 -0.0140827 0.0170149 0.000632282 -0.0140268 0.0170149 -0.00103726 -0.0136765 0.0168149 -0.000117618 -0.0139089 0.0168767 -0.000567225 -0.0139784 0.0170051 -0.000790426 -0.0139836 0.0170149 -0.000560991 -0.0139501 0.0169931 -1.69593e-06 -0.0141019 0.0170149 -0.00156128 -0.0133544 0.0168149 -0.000539617 -0.013853 0.0168767 -0.000994496 -0.0138455 0.0170051 -0.000555238 -0.013924 0.0169767 -0.000983566 -0.0138186 0.0169931 -0.000479188 -0.014059 0.0170149 -0.000161378 -0.014097 0.0170149 -0.00167807 -0.013255 0.0168149 -0.000946092 -0.0137265 0.0168767 -0.000973479 -0.0137938 0.0169767 -0.00137785 -0.0136176 0.0169931 -0.000941567 -0.0139324 0.0170149 -0.000635717 -0.0140259 0.0170149 -0.00198995 -0.0129151 0.0168149 -0.00132535 -0.0135332 0.0168767 -0.00136372 -0.0135949 0.0169767 -0.00139316 -0.0136423 0.0170051 -0.00173249 -0.0133529 0.0169931 -0.00137426 -0.013726 0.0170149 -0.00108997 -0.0138721 0.0170149 -0.00223412 -0.0125237 0.0168149 -0.00166648 -0.0132786 0.0168767 -0.00171472 -0.0133329 0.0169767 -0.00175174 -0.0133746 0.0170051 -0.00203729 -0.0130321 0.0169931 -0.0015098 -0.0136402 0.0170149 -0.00244041 -0.0119445 0.0168149 -0.00195967 -0.0129699 0.0168767 -0.0020164 -0.0130153 0.0169767 -0.00205993 -0.0130502 0.0170051 -0.00228348 -0.0126643 0.0169931 -0.00188199 -0.0133378 0.0170149 -0.00246907 -0.0117936 0.016815 -0.00219648 -0.0126162 0.0168767 -0.00249136 -0.0122698 0.0170051 -0.0026323 -0.0118413 0.0170125 -0.00230886 -0.0126783 0.0170051 -0.00219478 -0.0129743 0.0170149 -0.002499 -0.0113333 0.016815 -0.0023701 -0.0122275 0.0168767 -0.0026022 -0.0118362 0.0170052 -0.00268945 -0.0116397 0.017015 -0.00260498 -0.0121117 0.0170149 -0.00244364 -0.0108741 0.016815 -0.00247554 -0.0118151 0.0168768 -0.00263817 -0.0113902 0.0170052 -0.0025472 -0.0118271 0.0169768 -0.00260918 -0.0113904 0.0169932 -0.00264243 -0.0119564 0.0170149 -0.00255819 -0.0122653 0.0170149 -0.00224149 -0.0102948 0.016815 -0.00250976 -0.0113908 0.0168768 -0.00255734 -0.0105359 0.017015 -0.00258242 -0.0113905 0.0169768 -0.00256969 -0.0109496 0.0169932 -0.00269885 -0.0114804 0.017015 -0.00267059 -0.011799 0.017015 -0.00216919 -0.0101592 0.016815 -0.00247179 -0.0109668 0.0168768 -0.00254334 -0.0109542 0.0169768 -0.00259825 -0.0109445 0.0170052 -0.00245629 -0.0105218 0.0169932 -0.00267019 -0.0110018 0.017015 -0.00269871 -0.0113202 0.017015 -0.00190386 -0.00978171 0.016815 -0.0023627 -0.0105553 0.0168768 -0.00243109 -0.0105308 0.0169768 -0.00248358 -0.010512 0.0170052 -0.00227221 -0.0101193 0.0169932 -0.00264168 -0.010844 0.017015 -0.0015736 -0.00945933 0.0168151 -0.00218564 -0.0101682 0.0168768 -0.00224891 -0.0101325 0.0169768 -0.00229746 -0.0101051 0.0170052 -0.0025013 -0.0103855 0.017015 -0.00105235 -0.0091342 0.0168151 -0.00194571 -0.00981657 0.0168768 -0.00204525 -0.00973547 0.0170053 -0.00228203 -0.009959 0.017015 -0.000617856 -0.00897949 0.0168151 -0.0016498 -0.00951055 0.0168769 -0.00137327 -0.0091493 0.0170053 -0.00138915 -0.00912325 0.0170126 -0.00123111 -0.00899898 0.0170151 -0.00135817 -0.00917406 0.0169933 -0.00199078 -0.00957806 0.0170151 -0.000467381 -0.00894603 0.0168151 -0.00130643 -0.00925894 0.0168769 -0.000972822 -0.00894962 0.0170053 -0.00134425 -0.00919691 0.0169769 -0.00096213 -0.00897657 0.0169933 -0.00150694 -0.00916159 0.0170151 -7.86262e-06 -0.00890193 0.0168151 -0.000925472 -0.00906897 0.0168769 -0.000544391 -0.00882049 0.0170053 -0.000952263 -0.00900145 0.0169769 -0.000538408 -0.00884886 0.0169933 -0.00108697 -0.00893038 0.0170151 -0.00137175 -0.00907638 0.0170151 0.000601702 -0.00897542 0.0168151 -0.000517894 -0.00894613 0.0168769 -0.000532886 -0.00887504 0.0169769 -9.91959e-05 -0.00879459 0.0169933 -0.00063273 -0.0087771 0.0170151 -0.000938619 -0.00887036 0.0170151 0.00103726 -0.00912729 0.0168151 -9.54165e-05 -0.00889393 0.0168769 -9.81786e-05 -0.00882133 0.0169769 -0.000100298 -0.00876562 0.0170053 0.000342869 -0.00881533 0.0169933 -0.000158547 -0.00870657 0.0170151 -0.000475895 -0.00874424 0.0170151 0.00117574 -0.00919566 0.0168151 0.000329806 -0.00891387 0.0168769 0.000339353 -0.00884186 0.0169769 0.00034668 -0.00878659 0.0170053 0.000775071 -0.00891048 0.0169933 1.81935e-06 -0.00870197 0.0170151 0.00156128 -0.00944936 0.0168151 0.00074554 -0.0090054 0.0168769 0.000767122 -0.00893603 0.0169769 0.000783684 -0.00888279 0.0170053 0.00118498 -0.0090773 0.0169933 0.000479452 -0.00874489 0.0170151 0.00198995 -0.00988866 0.016815 0.00113983 -0.00916587 0.0168769 0.00119814 -0.00905147 0.0170053 0.00094194 -0.00887161 0.0170151 0.00223412 -0.0102801 0.016815 0.00150132 -0.00939066 0.0168769 0.00236538 -0.0101001 0.017015 0.00176408 -0.00935797 0.0170151 0.00184022 -0.00965376 0.0169326 0.00181963 -0.00967332 0.0168769 0.001855 -0.00963972 0.0169565 0.00188185 -0.00946578 0.0170151 0.00163945 -0.00925667 0.0170151 0.00212613 -0.00997856 0.0169565 0.00208559 -0.0100057 0.0168768 0.00214596 -0.00996529 0.0169768 0.0021946 -0.00982912 0.017015 0.00199316 -0.00958063 0.0170151 0.00231748 -0.0103667 0.0169326 0.00230251 -0.0103734 0.0169058 0.00229155 -0.0103782 0.0168768 0.00233609 -0.0103584 0.0169564 0.00235788 -0.0103486 0.0169768 0.00243817 -0.010242 0.017015 0.00228396 -0.00996204 0.017015 0.0024591 -0.0107732 0.0169326 0.00247885 -0.0107682 0.0169564 0.00250197 -0.0107623 0.0169768 0.00250267 -0.0103889 0.017015 0.00252998 -0.0111978 0.0169325 0.0025503 -0.0111962 0.0169564 0.00257408 -0.0111943 0.0169768 0.00260076 -0.0111921 0.0169932 0.00262966 -0.0111898 0.0170052 0.00264242 -0.0108476 0.017015 0.00274558 -0.0145497 0.0219416 0.00272597 -0.0145272 0.0219671 0.00215862 -0.014943 0.0219671 0.00424602 -0.0115835 0.021765 0.00424688 -0.0114209 0.0218041 0.00423285 -0.0117826 0.021765 0.00154017 -0.0152846 0.0219416 0.00218741 -0.0149902 0.0219118 0.00217415 -0.0149684 0.0219416 0.00276233 -0.0145689 0.0219118 0.00325778 -0.0140565 0.0219118 0.00418262 -0.0121384 0.021804 0.00421051 -0.01198 0.0217649 0.00355066 -0.0134063 0.0220026 0.00316088 -0.0139776 0.0220026 0.00358223 -0.0134241 0.0219876 0.00154956 -0.0153082 0.0219117 0.00219808 -0.0150077 0.0218783 0.00265509 -0.014446 0.0220118 0.00313131 -0.0139535 0.0220118 0.00288358 -0.0141742 0.0220148 0.00152917 -0.0152568 0.0219671 0.000861876 -0.015489 0.0219416 0.00413768 -0.0123723 0.0217649 0.00399802 -0.0128347 0.021804 0.00408774 -0.012565 0.0217649 0.00260184 -0.0144403 0.0220148 0.00245262 -0.0145619 0.0220148 0.000867133 -0.0155139 0.0219117 0.00155712 -0.0153273 0.0218783 0.00150347 -0.0151921 0.0220026 0.00151683 -0.0152258 0.0219876 0.00214121 -0.0149144 0.0219876 0.00279169 -0.0146026 0.0218039 0.00312089 -0.0142868 0.0217648 0.00329241 -0.0140847 0.021804 0.000158792 -0.0155759 0.0219416 0.00085572 -0.0154598 0.021967 0.00388422 -0.0131268 0.0217649 0.00369842 -0.0134897 0.021804 0.00379934 -0.0133066 0.0217649 0.00180004 -0.0149741 0.0220148 0.00210249 -0.0148509 0.0220117 0.00197002 -0.0148834 0.0220148 0.00015976 -0.0156013 0.0219117 0.000871363 -0.015534 0.0218783 0.0014894 -0.0151566 0.0220117 0.000157657 -0.0155461 0.021967 -0.000548861 -0.0155427 0.0219416 0.00360412 -0.0136542 0.0217649 0.00349457 -0.0138208 0.0217649 0.00126481 -0.0151969 0.0220148 0.00144593 -0.0151316 0.0220148 0.00337779 -0.0139814 0.0217649 0.000848818 -0.0154271 0.0219875 0.000155008 -0.0154764 0.0220026 0.000156386 -0.0155127 0.0219875 0.000160539 -0.0156218 0.0218783 -0.000552209 -0.0155679 0.0219117 -0.00124072 -0.0153904 0.0219416 -0.000544941 -0.0155131 0.021967 0.00298245 -0.0144298 0.0217648 0.000702879 -0.0153399 0.0220148 0.000512409 -0.0153691 0.0220148 0.000833468 -0.0153543 0.0220117 -0.000554902 -0.0155883 0.0218783 -0.00124829 -0.0154147 0.0219117 0.000153558 -0.0154383 0.0220117 -0.00123186 -0.0153619 0.021967 -0.00189689 -0.0151233 0.0219416 0.00252827 -0.0148182 0.0217648 0.00268587 -0.0146957 0.0217648 0.000126086 -0.0154001 0.0220148 -6.64006e-05 -0.0154015 0.0220148 0.00236582 -0.0149327 0.0217648 0.00221066 -0.0150283 0.0218039 -0.00122193 -0.0153299 0.0219875 -0.000540546 -0.01548 0.0219875 -0.00121116 -0.0152953 0.0220026 -0.00190846 -0.015146 0.0219118 -0.00125438 -0.0154343 0.0218783 -0.00249849 -0.0147492 0.0219416 -0.00188335 -0.0150967 0.0219671 0.00202442 -0.0151389 0.0217648 0.00184708 -0.0152297 0.0217648 -0.00053077 -0.0154062 0.0220117 -0.000643958 -0.0153499 0.0220148 -0.000833316 -0.0153143 0.0220148 -0.00251373 -0.0147696 0.0219118 -0.00191777 -0.0151643 0.0218783 -0.00119983 -0.0152589 0.0220117 -0.000558079 -0.0156122 0.0218039 -8.20271e-05 -0.0156512 0.0217648 0.000161458 -0.015646 0.0218039 -0.00302821 -0.0142788 0.0219416 -0.00248065 -0.0147253 0.0219671 -0.00183437 -0.0150007 0.0220117 -0.00185169 -0.0150347 0.0220026 0.00087635 -0.0155576 0.0218039 0.00110121 -0.0155069 0.0217648 0.00129207 -0.0154508 0.0217648 -0.00300659 -0.0142583 0.0219671 -0.00304669 -0.0142964 0.0219118 -0.00252599 -0.0147861 0.0218783 -0.00347082 -0.0137257 0.0219416 0.000514522 -0.0156208 0.0217648 0.000711893 -0.015592 0.0217648 -0.00208456 -0.0148159 0.0220148 -0.00191778 -0.0149124 0.0220148 0.000316797 -0.0156403 0.0217648 -0.00241614 -0.0146389 0.0220118 -0.00306155 -0.0143105 0.0218783 -0.00349199 -0.0137398 0.0219118 -0.00381358 -0.0131057 0.0219417 -0.00344603 -0.0137091 0.0219671 -0.00383684 -0.0131161 0.0219118 -0.00350902 -0.0137512 0.0218784 -0.000280965 -0.0156428 0.0217648 -0.00254045 -0.0148054 0.0218039 -0.00216711 -0.015058 0.0217648 -0.00192875 -0.0151858 0.0218039 -0.00243896 -0.0146695 0.0220026 -0.0029284 -0.014184 0.0220118 -0.00295606 -0.0142103 0.0220026 -0.00378634 -0.0130935 0.0219672 -0.00126156 -0.0154573 0.0218039 -0.00106652 -0.0155161 0.0217648 -0.000872925 -0.0155614 0.0217648 -0.00404662 -0.0124367 0.0219417 -0.00407131 -0.012443 0.0219119 -0.00385555 -0.0131244 0.0218784 -0.00401772 -0.0124293 0.0219672 -0.00297417 -0.0140769 0.0220149 -0.00309947 -0.0139305 0.0220149 -0.0014473 -0.015398 0.0217648 -0.00163309 -0.0153258 0.0217648 -0.00335642 -0.0136491 0.0220118 -0.00418865 -0.01174 0.0219119 -0.00409117 -0.0124481 0.0218784 -0.00416326 -0.0117379 0.0219417 -0.00307907 -0.0143271 0.021804 -0.00352911 -0.0137647 0.021804 -0.00322989 -0.0141643 0.0217649 -0.00372271 -0.0130651 0.0220027 -0.00338812 -0.0136703 0.0220026 -0.00368788 -0.0130495 0.0220118 -0.00413352 -0.0117355 0.0219672 -0.00424611 -0.011223 0.021765 -0.00422999 -0.0110232 0.0218041 -0.00423305 -0.011023 0.021765 -0.0041855 -0.0110272 0.0219119 -0.00420908 -0.0117416 0.0218785 -0.00420591 -0.0110254 0.0218785 -0.00281079 -0.0145898 0.0217648 -0.00265803 -0.0147182 0.0217648 -0.00424988 -0.0114222 0.021765 -0.00295679 -0.0144549 0.0217648 -0.00423318 -0.0117435 0.0218041 -0.00424436 -0.0116208 0.021765 -0.00401733 -0.0127888 0.0217649 -0.00387762 -0.0131343 0.021804 -0.00411458 -0.012454 0.021804 -0.00347399 -0.0138503 0.0217649 -0.00335581 -0.0140099 0.0217649 -0.00422405 -0.0117428 0.0218422 -0.00422955 -0.0118185 0.021765 -0.00420544 -0.0120156 0.0217649 -0.00368832 -0.0135135 0.0217649 -0.00378313 -0.0133386 0.0217649 -0.00417204 -0.0122118 0.0217649 -0.00412935 -0.0124074 0.0217649 -0.00394783 -0.0129757 0.0217649 -0.00422087 -0.011024 0.0218422 -0.00386942 -0.01316 0.0217649 -0.00416012 -0.0110295 0.0219418 -0.00233591 -0.0149526 0.0217648 -0.00413041 -0.0110322 0.0219672 -0.00369335 -0.0129381 0.0220149 -0.00376296 -0.0127584 0.0220149 -0.00391325 -0.0124026 0.0220119 -0.00406406 -0.0117299 0.0220027 -0.0039502 -0.012412 0.0220027 -0.00402603 -0.0117268 0.0220119 -0.00410018 -0.0117328 0.0219877 -0.00409709 -0.0110351 0.0219877 -0.0039534 -0.0120103 0.0220149 -0.004061 -0.0110384 0.0220028 -0.004023 -0.0110418 0.0220119 -0.00399377 -0.0116251 0.022015 -0.00399982 -0.0114326 0.022015 -0.00399658 -0.0112393 0.022015 -0.00398405 -0.0110453 0.022015 0.0027758 -0.0145843 0.0218783 0.00325385 -0.0137284 0.0220149 0.00351744 -0.0133876 0.0220118 0.00336236 -0.0135687 0.0220149 0.00424441 -0.0111851 0.021765 0.00422954 -0.0109867 0.021765 0.00346275 -0.0134045 0.0220149 0.00323803 -0.0140404 0.0219416 0.00321491 -0.0140216 0.0219671 0.00380239 -0.0127646 0.0220118 0.00364019 -0.01306 0.0220149 0.0038383 -0.0127774 0.0220027 0.00405121 -0.0121153 0.0219877 0.00401552 -0.012109 0.0220027 0.00327368 -0.0140695 0.0218784 0.00401055 -0.010005 0.0218041 0.00412953 -0.0103977 0.021765 0.00407787 -0.0102052 0.021765 0.00395597 -0.0128196 0.0219119 0.00363733 -0.0134552 0.0219417 0.00365952 -0.0134678 0.0219118 0.00361135 -0.0134406 0.0219671 0.00367737 -0.0134778 0.0218784 0.00397795 -0.0121024 0.0220119 0.00389087 -0.0123299 0.0220149 0.00384151 -0.0125166 0.0220149 0.00386984 -0.00964539 0.0217651 0.00394781 -0.00982824 0.021765 0.00393105 -0.0121416 0.0220149 0.00418897 -0.0107029 0.0218041 0.00393199 -0.012811 0.0219417 0.00390391 -0.0128009 0.0219672 0.00403907 -0.01142 0.0220119 0.00398408 -0.0117578 0.022015 0.00397527 -0.0128265 0.0218784 0.00405737 -0.0107249 0.0219878 0.00402162 -0.0107309 0.0220028 0.00407721 -0.0114202 0.0220027 0.00358522 -0.00911996 0.0217651 0.00347438 -0.00895462 0.0217651 0.00371676 -0.00934735 0.0218042 0.00413862 -0.0121306 0.0219119 0.00420221 -0.0114207 0.0219119 0.00411353 -0.0121262 0.0219417 0.00408415 -0.0121211 0.0219672 0.00415881 -0.0121342 0.0218784 0.00399364 -0.0111784 0.022015 0.00398399 -0.0107371 0.0220119 0.00397824 -0.0109859 0.022015 0.00322957 -0.00863947 0.0217651 0.00309691 -0.00849162 0.0217651 0.00331604 -0.00874877 0.0218042 0.00395364 -0.0107949 0.022015 0.00295697 -0.0083496 0.0217651 0.00281992 -0.00822653 0.0218042 0.00417674 -0.0114206 0.0219417 0.00414691 -0.0114205 0.0219672 0.0038143 -0.0100734 0.022012 0.00387627 -0.0104153 0.022015 0.00422271 -0.0114208 0.0218785 0.00385033 -0.0100609 0.0220028 0.00359999 -0.00941192 0.0219878 0.00356827 -0.00942945 0.0220028 0.00249995 -0.00796527 0.0217651 0.00265803 -0.00808593 0.0217651 0.00411978 -0.0107145 0.0219418 0.00414491 -0.0107103 0.021912 0.00396837 -0.0100197 0.021912 0.00409036 -0.0107194 0.0219673 0.00361456 -0.00968907 0.0220151 0.00369298 -0.00986555 0.022015 0.00353488 -0.00944791 0.022012 0.00416513 -0.0107069 0.0218785 0.00352797 -0.00951709 0.0220151 0.00224268 -0.00779564 0.0218042 0.00199327 -0.0076486 0.0217651 0.0018152 -0.00755938 0.0217651 0.00391614 -0.0100379 0.0219673 0.00394431 -0.0100281 0.0219418 0.00332898 -0.00918464 0.0220151 0.00315377 -0.00887862 0.022012 0.00398773 -0.010013 0.0218785 0.00270726 -0.0083534 0.0220029 0.00318356 -0.00885479 0.0220029 0.00273133 -0.0083263 0.0219879 0.00125855 -0.00734283 0.0217652 0.00160092 -0.0074685 0.0218043 0.00144694 -0.00740604 0.0217652 0.00328116 -0.00877669 0.021912 0.00365537 -0.0093813 0.0219418 0.00367766 -0.00936897 0.021912 0.000913109 -0.00725452 0.0218043 0.00106664 -0.00728825 0.0217652 0.00362926 -0.00939573 0.0219673 0.00268193 -0.00838193 0.022012 0.00284106 -0.00858647 0.0220151 0.00297364 -0.00872694 0.0220151 0.0036956 -0.00935905 0.0218786 0.0027023 -0.00845297 0.0220151 0.000676725 -0.00720639 0.0217652 0.0004796 -0.00717937 0.0217652 0.00326127 -0.0087926 0.0219419 0.00323797 -0.00881124 0.0219673 0.00213294 -0.00797212 0.022012 0.00240425 -0.00820543 0.0220151 0.00215308 -0.00793973 0.0220029 0.00155063 -0.00759209 0.0219879 0.00153696 -0.00762566 0.0220029 0.00277334 -0.00827898 0.0219419 0.00279026 -0.00825993 0.0219121 0.00221909 -0.00783357 0.0219121 0.00329716 -0.00876388 0.0218786 -0.00052078 -0.00718725 0.0218043 -0.000117283 -0.00715381 0.0217652 -0.000316303 -0.00716402 0.0217652 0.00174545 -0.00780311 0.0220151 0.00191716 -0.00789162 0.0220151 0.00152258 -0.00766099 0.0220121 0.00275354 -0.00830129 0.0219674 0.00157024 -0.00772323 0.0220151 0.00280387 -0.0082446 0.0218786 -0.000712124 -0.00721223 0.0217652 -0.000907267 -0.00725018 0.0217652 0.00120695 -0.00758865 0.0220151 0.000868428 -0.00745748 0.0220121 0.00218989 -0.00788054 0.0219674 0.00220564 -0.00785521 0.0219419 0.00087663 -0.00742023 0.0220029 0.000192774 -0.00729315 0.0219879 0.000191076 -0.00732935 0.0220029 0.000199027 -0.00715986 0.0218043 0.000903505 -0.00729815 0.0219121 0.00157448 -0.00753347 0.0219419 0.00158408 -0.00750987 0.0219121 0.00222992 -0.00781616 0.0218786 -0.00148064 -0.00741843 0.0217652 -0.00166555 -0.00749219 0.0217651 -0.00122561 -0.00733589 0.0218043 0.000189288 -0.00736746 0.0220121 0.00045195 -0.0074278 0.0220152 0.000643319 -0.0074543 0.0220152 0.00156324 -0.0075611 0.0219674 0.000260145 -0.0074106 0.0220152 0.00159181 -0.00749089 0.0218786 -0.00202495 -0.00766555 0.0217651 -0.00219732 -0.00776431 0.0217651 -0.00189517 -0.00760151 0.0218043 -0.000495297 -0.0073935 0.0220121 -0.000127201 -0.00740424 0.0220152 -0.00236553 -0.00787142 0.0217651 -0.00251022 -0.00797646 0.0218042 -0.00117664 -0.00749835 0.0220029 -0.000499975 -0.00735565 0.0220029 -0.0011871 -0.00746365 0.0219879 0.000898027 -0.00732303 0.0219419 0.000891614 -0.00735217 0.0219674 0.000196934 -0.00720449 0.0219121 -0.000515303 -0.00723159 0.0219121 0.00019574 -0.00722994 0.0219419 0.000907912 -0.00727813 0.0218787 -0.00283703 -0.0082378 0.0217651 -0.00268592 -0.00810849 0.0217651 -0.000703453 -0.00746458 0.0220152 -0.00116563 -0.00753487 0.0220121 -0.000892794 -0.0075031 0.0220151 0.000194342 -0.00725974 0.0219674 -0.00107944 -0.00755054 0.0220151 0.000197894 -0.00718401 0.0218787 -0.00180244 -0.00778749 0.0220121 -0.00144692 -0.00767309 0.0220151 -0.00305305 -0.00844997 0.0218042 -0.00325279 -0.00866691 0.0217651 -0.00337734 -0.00882236 0.0217651 -0.000512179 -0.00725687 0.0219419 -0.000508521 -0.00728648 0.0219674 -0.000517817 -0.00721124 0.0218787 -0.00183563 -0.00772092 0.0219879 -0.00243136 -0.00808409 0.0219879 -0.00181946 -0.00775335 0.0220029 -0.00121272 -0.00737866 0.0219121 -0.00121863 -0.00735903 0.0218787 -0.00188439 -0.00762314 0.0218786 -0.00187524 -0.00764149 0.0219121 -0.00360439 -0.00915031 0.0217651 -0.00370567 -0.0093213 0.0217651 -0.00350805 -0.0090084 0.0218042 -0.00240993 -0.00811333 0.0220029 -0.00249593 -0.00799596 0.0218786 -0.00120536 -0.00740306 0.0219419 -0.00379924 -0.00949754 0.0217651 -0.00386213 -0.00963569 0.0218042 -0.00238739 -0.0081441 0.022012 -0.00213631 -0.00802046 0.0220151 -0.00197047 -0.00792127 0.0220151 -0.00396094 -0.00986163 0.021765 -0.00388475 -0.0096784 0.0217651 -0.00229665 -0.00812717 0.0220151 -0.00119675 -0.00743162 0.0219674 -0.00348809 -0.00902202 0.0218786 -0.00384015 -0.00964575 0.0218785 -0.00347116 -0.00903358 0.021912 -0.00186387 -0.00766429 0.0219419 -0.00248382 -0.0080125 0.0219121 -0.00246876 -0.00803305 0.0219419 -0.00402865 -0.0100487 0.021765 -0.00409626 -0.0103162 0.0218423 -0.00385381 -0.0096395 0.0218423 -0.00410511 -0.0103138 0.0218041 -0.00408788 -0.0102397 0.021765 -0.00413794 -0.0104326 0.021765 -0.00290366 -0.00859443 0.022012 -0.0026026 -0.00836473 0.0220151 -0.00417865 -0.010627 0.021765 -0.00293108 -0.00856792 0.0220029 -0.00339784 -0.00908361 0.0219878 -0.0033679 -0.00910404 0.0220028 -0.00301409 -0.0087726 0.0220151 -0.00333639 -0.00912554 0.022012 -0.00421036 -0.0108238 0.021765 -0.00245113 -0.00805711 0.0219674 -0.00185056 -0.00769098 0.0219674 -0.00313762 -0.00892123 0.0220151 -0.00367315 -0.00972214 0.022012 -0.00355571 -0.00957 0.0220151 -0.0034632 -0.00940074 0.0220151 -0.00295713 -0.00854272 0.0219879 -0.00378319 -0.0101033 0.022015 -0.00371598 -0.00992205 0.022015 -0.00370784 -0.00970627 0.0220028 -0.00394111 -0.0103573 0.0220028 -0.00390423 -0.0103671 0.0220119 -0.00384138 -0.0102869 0.022015 -0.00389056 -0.0104729 0.022015 -0.00393073 -0.0106613 0.022015 -0.0039619 -0.0108521 0.022015 -0.00407781 -0.0125996 0.0217649 -0.00358501 -0.0136846 0.0217649 -0.00410571 -0.0124518 0.0218422 -0.00352743 -0.013288 0.0220149 -0.00398532 -0.012421 0.0219877 -0.00382407 -0.012575 0.0220149 -0.00391954 -0.0122002 0.0220149 -0.00397824 -0.0118181 0.022015 -0.00309622 -0.0143134 0.0217648 -0.00386926 -0.0131306 0.0218422 -0.00181465 -0.0152452 0.0217648 -0.0037558 -0.0130799 0.0219877 -0.00387664 -0.0123879 0.0220149 -0.00249914 -0.0148397 0.0217648 -0.0035215 -0.0137596 0.0218421 -0.00270154 -0.0143519 0.0220148 -0.00341824 -0.0136905 0.0219876 -0.00321801 -0.0137778 0.0220149 -0.00343244 -0.0134559 0.0220149 -0.00361468 -0.0131149 0.0220149 -0.00199274 -0.0151559 0.0217648 -0.00307243 -0.0143208 0.0218421 -0.000478678 -0.0156251 0.0217648 -0.00298234 -0.0142352 0.0219876 -0.0033297 -0.0136187 0.0220149 -0.00125736 -0.0154619 0.0217648 -0.00253497 -0.0147981 0.0218421 -0.00156935 -0.0150813 0.0220148 -0.00246064 -0.0146985 0.0219876 -0.00224711 -0.0147112 0.0220148 -0.00255617 -0.0144788 0.0220148 -0.00284133 -0.0142175 0.0220148 -0.000676556 -0.0155978 0.0217648 -0.00192459 -0.0151776 0.0218421 -0.00186815 -0.0150669 0.0219876 -0.00240523 -0.0145982 0.0220148 0.000118136 -0.0156504 0.0217648 -0.00125884 -0.0154486 0.021842 0.00156603 -0.0153498 0.0218039 0.00166631 -0.0153118 0.0217648 -0.000259242 -0.0153936 0.0220148 -0.00102145 -0.0152694 0.0220148 -0.00139009 -0.0151528 0.0220148 -0.00174585 -0.0150009 0.0220148 0.000908429 -0.0155539 0.0217648 -0.000556875 -0.0156031 0.021842 -0.000535783 -0.015444 0.0220026 -0.00120806 -0.0152153 0.0220148 0.001481 -0.0153856 0.0217648 0.00016111 -0.0156368 0.021842 0.00108026 -0.0152534 0.0220148 -0.000452438 -0.0153764 0.0220148 0.00219831 -0.0150394 0.0217648 0.000874461 -0.0155487 0.021842 0.000841339 -0.0153916 0.0220026 0.000320016 -0.0153892 0.0220148 0.00283788 -0.0145658 0.0217648 0.00156265 -0.0153413 0.0218421 0.00229728 -0.0146765 0.0220148 0.000892266 -0.0153013 0.0220148 0.0032532 -0.0141368 0.0217649 0.00220589 -0.0150205 0.0218421 0.00402903 -0.0127547 0.0217649 0.00268016 -0.0144747 0.0220026 0.00212234 -0.0148835 0.0220026 0.0016252 -0.015057 0.0220148 0.00370636 -0.0134819 0.0217649 0.00278567 -0.0145957 0.0218421 0.00270399 -0.014502 0.0219876 0.00213581 -0.0147841 0.0220148 0.00396097 -0.0129424 0.0217649 0.00328531 -0.0140789 0.0218421 0.00318898 -0.0140005 0.0219876 0.0030138 -0.0140321 0.0220149 0.00274613 -0.0143104 0.0220148 0.00417885 -0.0121763 0.0217649 0.00369044 -0.0134852 0.0218421 0.00417199 -0.0105916 0.021765 0.00313723 -0.0138835 0.0220149 0.00424996 -0.0113834 0.021765 0.0039894 -0.0128316 0.0218422 0.00387242 -0.0127897 0.0219877 0.00371588 -0.0128827 0.0220149 0.00355572 -0.0132341 0.0220149 0.00420535 -0.0107882 0.021765 0.0041736 -0.0121368 0.0218422 0.0036879 -0.00928981 0.0217651 0.00378297 -0.0127016 0.0220149 0.00401701 -0.0100143 0.021765 0.00423772 -0.0114209 0.0218422 0.00411346 -0.0114203 0.0219877 0.00399665 -0.0115654 0.022015 0.00396219 -0.0119501 0.0220149 0.00378306 -0.0094656 0.0217651 0.00417994 -0.0107044 0.0218423 0.00399984 -0.0113724 0.022015 0.00335539 -0.00879379 0.0217651 0.0040019 -0.0100081 0.0218423 0.00216641 -0.00774574 0.0217651 0.00388455 -0.0100489 0.0219878 0.00382428 -0.0102296 0.022015 0.00391946 -0.010604 0.022015 0.00280992 -0.00821357 0.0217651 0.00370874 -0.00935178 0.0218423 0.00376325 -0.0100466 0.022015 0.00233568 -0.00785157 0.0217651 0.00330889 -0.0087545 0.0218423 0.00321186 -0.00883214 0.0219878 0.00321831 -0.00902677 0.0220151 0.00343236 -0.00934832 0.0220151 0.00163222 -0.00747808 0.0217651 0.00281384 -0.00823338 0.0218424 8.13015e-05 -0.00715291 0.0217652 0.00310002 -0.00887437 0.0220151 0.000871846 -0.00724251 0.0217652 0.00223784 -0.00780341 0.0218424 0.00217222 -0.00790895 0.0219879 0.00224745 -0.00809324 0.0220151 0.00255613 -0.00832553 0.0220151 0.00028047 -0.00716146 0.0217652 0.00159747 -0.00747698 0.0218424 -0.00129304 -0.0073536 0.0217652 0.00208535 -0.00798876 0.0220151 -0.000515761 -0.00718354 0.0217652 0.00091114 -0.00726347 0.0218424 0.000884422 -0.00738483 0.0219879 0.00102178 -0.00753486 0.0220151 0.00139011 -0.00765155 0.0220151 -0.00110127 -0.00729738 0.0217652 0.000198598 -0.00716901 0.0218424 0.000834251 -0.00749012 0.0220151 -0.00184776 -0.00757487 0.0217651 -0.000519657 -0.00719634 0.0218424 -0.00312154 -0.00851795 0.0217651 -0.000504419 -0.00731968 0.0219879 -0.000319741 -0.00741495 0.0220152 6.64818e-05 -0.00740277 0.0220152 -0.0025293 -0.00798669 0.0217651 -0.00122296 -0.00734466 0.0218424 -0.000511423 -0.00743498 0.0220152 -0.00298264 -0.00837464 0.0217651 -0.00189109 -0.0076097 0.0218424 -0.00162501 -0.00774711 0.0220151 -0.00126468 -0.00760741 0.0220151 -0.00349518 -0.00898428 0.0217651 -0.00250481 -0.00798385 0.0218424 -0.00325345 -0.00907512 0.0220151 -0.00179912 -0.00782959 0.0220151 -0.00303568 -0.00846677 0.0218786 -0.00304647 -0.00845633 0.0218424 -0.00302094 -0.00848102 0.021912 -0.00300263 -0.00849873 0.0219419 -0.00298118 -0.00851947 0.0219674 -0.00274603 -0.00849368 0.0220151 -0.00245246 -0.00824227 0.0220151 -0.00350049 -0.00901356 0.0218423 -0.00345011 -0.00904794 0.0219419 -0.00342547 -0.00906475 0.0219673 -0.00288286 -0.00862922 0.0220151 -0.00382151 -0.00965428 0.021912 -0.00379834 -0.00966488 0.0219418 -0.00377122 -0.00967728 0.0219673 -0.0037408 -0.0096912 0.0219878 -0.00363977 -0.00974321 0.022015 -0.00336221 -0.00923536 0.0220151 -0.00408175 -0.01032 0.0218785 -0.00406193 -0.0103253 0.021912 -0.00403731 -0.0103318 0.0219418 -0.00400847 -0.0103394 0.0219673 -0.00397614 -0.010348 0.0219878 -0.00201603 -0.0110777 0.019515 -0.00203386 -0.0112198 0.019515 -9.07252e-14 -0.011402 0.018336 -0.00198862 -0.0109382 0.019515 -0.00190505 -0.010667 0.019515 -0.00195163 -0.0108013 0.019515 -0.00178419 -0.0104089 0.019515 -0.00184889 -0.0105352 0.019515 -0.00162847 -0.01017 0.019515 -0.0017105 -0.0102868 0.019515 -0.00144092 -0.00995512 0.019515 -0.00153876 -0.0100597 0.019515 -0.00122591 -0.00976902 0.019515 -0.00133692 -0.00985855 0.019515 -0.000986864 -0.00961438 0.0195151 -0.00110889 -0.00968735 0.0195151 -0.000859156 -0.00954956 0.0195151 -0.00059291 -0.00944799 0.0195151 -0.000727428 -0.00949401 0.0195151 -0.000315504 -0.00938456 0.0195151 -0.000455602 -0.00941151 0.0195151 -3.17404e-05 -0.00936029 0.0195151 -0.000174099 -0.00936747 0.0195151 0.000252664 -0.00937574 0.0195151 0.000110806 -0.00936303 0.0195151 0.000532173 -0.00943062 0.0195151 0.000393562 -0.00939831 0.0195151 0.000801347 -0.00952386 0.0195151 0.000668661 -0.0094726 0.0195151 0.00105494 -0.00965366 0.0195151 0.000930743 -0.00958447 0.0195151 0.0011747 -0.00973174 0.019515 0.00139597 -0.00991172 0.019515 0.00128885 -0.00981823 0.019515 0.00158911 -0.0101197 0.019515 0.00149606 -0.0100122 0.019515 0.00175217 -0.0103534 0.019515 0.00167513 -0.0102342 0.019515 0.00188117 -0.0106077 0.019515 0.00182107 -0.0104783 0.019515 0.00197351 -0.0108776 0.019515 0.00193184 -0.0107406 0.019515 0.00202717 -0.0111568 0.019515 0.00200514 -0.0110159 0.019515 0.00204157 -0.0114412 0.019515 0.00203939 -0.011299 0.019515 0.00203386 -0.0115842 0.019515 0.00201603 -0.0117263 0.019515 0.00195163 -0.0120027 0.0195149 0.00198862 -0.0118658 0.019515 0.00184889 -0.0122688 0.0195149 0.00190505 -0.0121371 0.0195149 0.0017105 -0.0125172 0.0195149 0.00178419 -0.0123951 0.0195149 0.00153876 -0.0127443 0.0195149 0.00162847 -0.012634 0.0195149 0.00133692 -0.0129455 0.0195149 0.00144092 -0.0128489 0.0195149 0.00110889 -0.0131167 0.0195149 0.00122591 -0.013035 0.0195149 0.000986864 -0.0131897 0.0195149 0.000727428 -0.01331 0.0195149 0.000859156 -0.0132545 0.0195149 0.000455602 -0.0133925 0.0195149 0.00059291 -0.013356 0.0195149 0.000174099 -0.0134366 0.0195149 0.000315504 -0.0134195 0.0195149 -0.000110806 -0.013441 0.0195149 3.17404e-05 -0.0134437 0.0195149 -0.000393562 -0.0134057 0.0195149 -0.000252664 -0.0134283 0.0195149 -0.000668661 -0.0133314 0.0195149 -0.000532173 -0.0133734 0.0195149 -0.000930743 -0.0132196 0.0195149 -0.000801347 -0.0132802 0.0195149 -0.00105494 -0.0131504 0.0195149 -0.00128885 -0.0129858 0.0195149 -0.0011747 -0.0130723 0.0195149 -0.00149606 -0.0127918 0.0195149 -0.00139597 -0.0128923 0.0195149 -0.00167513 -0.0125698 0.0195149 -0.00158911 -0.0126843 0.0195149 -0.00182107 -0.0123257 0.0195149 -0.00175217 -0.0124506 0.0195149 -0.00193184 -0.0120635 0.0195149 -0.00188117 -0.0121963 0.0195149 -0.00200514 -0.0117881 0.019515 -0.00197351 -0.0119264 0.0195149 -0.00203939 -0.011505 0.019515 -0.00202717 -0.0116472 0.019515 -0.00204157 -0.0113628 0.019515 0.0133 -0.0165217 0.00859942 0.0135 -0.0165142 0.00834917 0.0133 -0.0163961 0.00851059 0.0135 -0.0161132 0.00506836 0.0133 -0.0158605 0.00507092 0.0135 -0.0160237 0.00518642 0.0133 -0.0166523 0.00868024 0.0135 -0.0166345 0.00843423 0.0135 -0.0167598 0.00851134 0.0133 -0.0167885 0.00875323 0.0133 -0.0169281 0.0088174 0.0135 -0.0168905 0.00858054 0.0133 -0.0170718 0.00887296 0.0135 -0.0170245 0.00864095 0.0135 -0.0171629 0.00869282 0.0133 -0.0172187 0.00891962 0.0133 -0.0173676 0.00895701 0.0135 -0.0173039 0.00873569 0.0133 -0.0175194 0.00898527 0.0135 -0.017447 0.00876933 0.0135 -0.017593 0.00879385 0.0133 -0.0176721 0.00900412 0.0133 -0.0178254 0.00901351 0.0135 -0.0177393 0.00880895 0.0133 -0.01798 0.0090134 0.0135 -0.0178868 0.00881459 0.0135 -0.0180343 0.00881081 0.0133 -0.0181333 0.0090039 0.0133 -0.0182862 0.00898485 0.0135 -0.0181806 0.00879768 0.0133 -0.0184377 0.00895644 0.0135 -0.0183269 0.00877494 0.0135 -0.0184706 0.00874313 0.0133 -0.0185866 0.00891897 0.0133 -0.0187337 0.00887203 0.0135 -0.0186121 0.00870209 0.0133 -0.0188772 0.00881637 0.0135 -0.0187511 0.00865196 0.0135 -0.0188859 0.00859336 0.0133 -0.0190166 0.00875218 0.0133 -0.0191527 0.00867893 0.0135 -0.0190174 0.00852576 0.0133 -0.0192834 0.00859799 0.0135 -0.0191439 0.00845022 0.0135 -0.0192651 0.00836682 0.0133 -0.019409 0.00850894 0.0133 -0.0195291 0.00841217 0.0135 -0.0193813 0.00827533 0.0133 -0.0196425 0.00830873 0.0135 -0.0194908 0.00817719 0.0135 -0.0195936 0.00807242 0.0133 -0.0197492 0.00819863 0.0133 -0.0198492 0.00808187 0.0135 -0.0196897 0.007961 0.0133 -0.0199424 0.00795844 0.0135 -0.0197791 0.00784294 0.0135 -0.0163991 0.00825624 0.0133 -0.0161622 0.00831047 0.0133 -0.0162756 0.0084138 0.0135 -0.016291 0.00815673 0.0133 -0.0160549 0.00819989 0.0133 -0.0159545 0.00808288 0.0135 -0.0161889 0.00804999 0.0135 -0.0160941 0.00793714 0.0133 -0.0158619 0.00796035 0.0135 -0.0160068 0.00781861 0.0133 -0.0157765 0.00783167 0.0133 -0.0156996 0.00769858 0.0135 -0.0159268 0.00769404 0.0135 -0.0158556 0.00756558 0.0133 -0.015631 0.00756094 0.0135 -0.0157924 0.00743226 0.0133 -0.0155706 0.00741862 0.0133 -0.0155196 0.00727395 0.0135 -0.0157379 0.00729508 0.0135 -0.0156925 0.00715519 0.0133 -0.0154773 0.0071258 0.0135 -0.0156558 0.00701183 0.0133 -0.0154442 0.00697515 0.0133 -0.0154206 0.00682342 0.0135 -0.0156287 0.00686732 0.0135 -0.0156108 0.00672103 0.0133 -0.0154063 0.00666972 0.0135 -0.0156022 0.00657347 0.0133 -0.0154015 0.00651598 0.0133 -0.0154061 0.00636231 0.0135 -0.0156032 0.00642648 0.0135 -0.0156136 0.00627906 0.0133 -0.0154203 0.00620832 0.0135 -0.0156333 0.00613311 0.0133 -0.0154438 0.00605674 0.0133 -0.0154767 0.00590629 0.0135 -0.0156624 0.00598876 0.0135 -0.0157008 0.00584587 0.0133 -0.0155188 0.00575783 0.0135 -0.0157481 0.00570674 0.0133 -0.0155697 0.00561302 0.0133 -0.0156298 0.00547088 0.0135 -0.0158043 0.00557026 0.0135 -0.0158691 0.00543777 0.0133 -0.0156983 0.00533308 0.0135 -0.0159422 0.00531004 0.0133 -0.0157751 0.00519994 0.0135 -0.0164216 0.00475404 0.0133 -0.0162737 0.00461723 0.0135 -0.0163121 0.00485217 0.0135 -0.0162093 0.00495695 0.0133 -0.0161604 0.00472057 0.0133 -0.0160538 0.00483063 0.0133 -0.01665 0.00435048 0.0135 -0.016659 0.00457915 0.0135 -0.0167855 0.0045036 0.0133 -0.0163937 0.00452061 0.0135 -0.0165378 0.00466254 0.0133 -0.0165196 0.00443128 0.0135 -0.0170518 0.00437741 0.0135 -0.0171908 0.00432727 0.0133 -0.017069 0.0041574 0.0135 -0.016917 0.004436 0.0133 -0.0169259 0.0042129 0.0133 -0.0167859 0.00427746 0.0135 -0.0176223 0.00423169 0.0133 -0.0175163 0.00404459 0.0135 -0.017476 0.00425442 0.0133 -0.0173653 0.00407286 0.0133 -0.0172161 0.00411051 0.0135 -0.0173323 0.00428623 0.0133 -0.0179768 0.00401589 0.0135 -0.0179161 0.00421478 0.0135 -0.0180636 0.00422041 0.0133 -0.0176697 0.00402547 0.0135 -0.0177686 0.00421855 0.0133 -0.017823 0.00401594 0.0135 -0.0183559 0.00426004 0.0135 -0.0184989 0.00429368 0.0133 -0.0184347 0.00407229 0.0135 -0.0182099 0.00423551 0.0133 -0.0182834 0.00404407 0.0133 -0.0181313 0.00402527 0.0133 -0.0190148 0.0042763 0.0133 -0.0188745 0.00421189 0.0135 -0.0189124 0.00444882 0.0133 -0.0187308 0.00415631 0.0135 -0.01864 0.00433654 0.0135 -0.0187783 0.00438841 0.0133 -0.0192811 0.00442995 0.0135 -0.0192887 0.0046802 0.0133 -0.0194071 0.00451892 0.0135 -0.019043 0.00451803 0.0135 -0.0191684 0.00459513 0.0133 -0.01915 0.00434885 0.0135 -0.0195119 0.00487263 0.0135 -0.0196139 0.00497937 0.0133 -0.0197481 0.00482948 0.0135 -0.0194038 0.00477312 0.0133 -0.0196408 0.00471907 0.0133 -0.0195267 0.00461513 0.0135 -0.0198761 0.00533533 0.0133 -0.0200262 0.00519741 0.0135 -0.019796 0.00521075 0.0133 -0.0199413 0.0050694 0.0133 -0.019848 0.00494611 0.0135 -0.0197088 0.00509222 0.0133 -0.020232 0.00561018 0.0135 -0.0200104 0.00559711 0.0135 -0.020065 0.00573429 0.0133 -0.0201031 0.00533053 0.0135 -0.0199473 0.00546379 0.0133 -0.0201723 0.00546903 0.0135 -0.020147 0.00601753 0.0135 -0.0201742 0.00616204 0.0133 -0.0203585 0.00605376 0.0135 -0.0201104 0.00587418 0.0133 -0.0203257 0.00590397 0.0133 -0.0202832 0.00575529 0.0133 -0.0203822 0.00620596 0.0135 -0.0201921 0.00630833 0.0133 -0.0203966 0.0063597 0.0133 -0.0204014 0.00651305 0.0135 -0.0202007 0.00645589 0.0135 -0.0201997 0.00660288 0.0133 -0.0203967 0.00666718 0.0135 -0.0201893 0.0067503 0.0133 -0.0203826 0.00682071 0.0133 -0.0203591 0.00697241 0.0135 -0.0201695 0.00689625 0.0135 -0.0201404 0.0070406 0.0133 -0.0203262 0.00712324 0.0135 -0.020102 0.0071835 0.0133 -0.0202842 0.00727131 0.0133 -0.0202332 0.0074162 0.0135 -0.0200548 0.00732263 0.0135 -0.0199985 0.0074591 0.0133 -0.020173 0.00755861 0.0135 -0.0199337 0.00759159 0.0133 -0.0201046 0.00769616 0.0133 -0.0200278 0.00782932 0.0135 -0.0198607 0.00771932 0.0133 -0.0185847 0.00410986 0.0133 -0.0159538 0.00494741 0.0133 -0.0191527 0.00867893 0.0133 -0.0190166 0.00875218 0.0091 -0.0190505 0.00873498 0.0133 -0.0178254 0.00901351 0.0133 -0.0176721 0.00900412 0.0091 -0.0177476 0.00900988 0.0091 -0.0191804 0.00866272 0.0133 -0.0192834 0.00859799 0.0091 -0.0193063 0.00858258 0.0133 -0.019409 0.00850894 0.0133 -0.0195291 0.00841217 0.0091 -0.0194274 0.00849491 0.0091 -0.0195425 0.00840059 0.0133 -0.0196425 0.00830873 0.0091 -0.0196523 0.00829913 0.0133 -0.0197492 0.00819863 0.0133 -0.0198492 0.00808187 0.0091 -0.0197556 0.00819155 0.0091 -0.0198522 0.0080781 0.0133 -0.0199424 0.00795844 0.0091 -0.0199424 0.00795844 0.0091 -0.0189154 0.00879979 0.0091 -0.0187775 0.00885616 0.0133 -0.0188772 0.00881637 0.0133 -0.0187337 0.00887203 0.0091 -0.0186363 0.00890421 0.0133 -0.0185866 0.00891897 0.0091 -0.0184921 0.00894386 0.0091 -0.0183466 0.00897473 0.0133 -0.0184377 0.00895644 0.0133 -0.0182862 0.00898485 0.0091 -0.0181996 0.00899683 0.0133 -0.0181333 0.0090039 0.0091 -0.0180512 0.00901014 0.0091 -0.0179014 0.00901468 0.0133 -0.01798 0.0090134 0.0091 -0.0174445 0.00897253 0.0133 -0.0175194 0.00898527 0.0133 -0.0173676 0.00895701 0.0091 -0.0170029 0.00884758 0.0133 -0.0170718 0.00887296 0.0133 -0.0169281 0.0088174 0.0091 -0.0172943 0.00893979 0.0133 -0.0172187 0.00891962 0.0091 -0.0171474 0.00889825 0.0133 -0.0166523 0.00868024 0.0133 -0.0165217 0.00859942 0.0091 -0.0165917 0.00864407 0.0133 -0.0167885 0.00875323 0.0091 -0.0167247 0.00872044 0.0091 -0.0168615 0.00878808 0.0133 -0.0161622 0.00831047 0.0091 -0.0162247 0.00836888 0.0133 -0.0162756 0.0084138 0.0091 -0.0163417 0.00846843 0.0091 -0.0164637 0.00855987 0.0133 -0.0163961 0.00851059 0.0091 -0.0159141 0.00803129 0.0133 -0.0159545 0.00808288 0.0133 -0.0158619 0.00796035 0.0091 -0.0161143 0.00826284 0.0133 -0.0160549 0.00819989 0.0091 -0.0160111 0.0081507 0.0133 -0.0156996 0.00769858 0.0133 -0.015631 0.00756094 0.0091 -0.0156704 0.00764267 0.0133 -0.0157765 0.00783167 0.0091 -0.0157439 0.00777763 0.0091 -0.0158251 0.00790701 0.0133 -0.0154773 0.0071258 0.0091 -0.0155019 0.00721611 0.0133 -0.0155196 0.00727395 0.0091 -0.0155495 0.007362 0.0091 -0.0156057 0.00750435 0.0133 -0.0155706 0.00741862 0.0091 -0.0154141 0.00676597 0.0133 -0.0154206 0.00682342 0.0133 -0.0154063 0.00666972 0.0091 -0.0154635 0.0070684 0.0133 -0.0154442 0.00697515 0.0091 -0.0154342 0.00691788 0.0133 -0.0154061 0.00636231 0.0133 -0.0154203 0.00620832 0.0091 -0.0154101 0.00630739 0.0133 -0.0154015 0.00651598 0.0091 -0.0154021 0.00646024 0.0091 -0.0154034 0.00661383 0.0133 -0.0155188 0.00575783 0.0091 -0.0154898 0.00585581 0.0133 -0.0154767 0.00590629 0.0091 -0.0154541 0.00600447 0.0091 -0.0154273 0.00615592 0.0133 -0.0154438 0.00605674 0.0091 -0.0156507 0.00542641 0.0133 -0.0156298 0.00547088 0.0133 -0.0156983 0.00533308 0.0091 -0.0155346 0.00570984 0.0133 -0.0155697 0.00561302 0.0091 -0.0155885 0.00556592 0.0133 -0.0158605 0.00507092 0.0133 -0.0159538 0.00494741 0.0091 -0.0158874 0.00503364 0.0133 -0.0157751 0.00519994 0.0091 -0.0158008 0.00515933 0.0091 -0.0157216 0.00529079 0.0133 -0.0162737 0.00461723 0.0091 -0.0161917 0.0046907 0.0133 -0.0161604 0.00472057 0.0091 -0.0160837 0.00479839 0.0091 -0.015982 0.00491301 0.0133 -0.0160538 0.00483063 0.0091 -0.0165536 0.00440912 0.0133 -0.0165196 0.00443128 0.0133 -0.01665 0.00435048 0.0091 -0.016307 0.00458922 0.0133 -0.0163937 0.00452061 0.0091 -0.0164278 0.00449522 0.0133 -0.0169259 0.0042129 0.0133 -0.017069 0.0041574 0.0091 -0.016961 0.00419831 0.0133 -0.0167859 0.00427746 0.0091 -0.0168215 0.00426001 0.0091 -0.0166857 0.00433029 0.0133 -0.0175163 0.00404459 0.0091 -0.0174003 0.00406547 0.0133 -0.0173653 0.00407286 0.0091 -0.0172515 0.00410067 0.0091 -0.0171052 0.00414493 0.0133 -0.0172161 0.00411051 0.0091 -0.0178564 0.00401515 0.0133 -0.017823 0.00401594 0.0133 -0.0179768 0.00401589 0.0091 -0.0175516 0.00403934 0.0133 -0.0176697 0.00402547 0.0091 -0.0177033 0.00402256 0.0133 -0.0181313 0.00402527 0.0091 -0.0181618 0.00402828 0.0091 -0.0180097 0.00401707 0.0133 -0.0185847 0.00410986 0.0091 -0.0186115 0.00411765 0.0091 -0.0184641 0.00407886 0.0133 -0.0184347 0.00407229 0.0091 -0.0183139 0.00404901 0.0133 -0.0182834 0.00404407 0.0091 -0.0190375 0.00428773 0.0091 -0.0188995 0.0042226 0.0133 -0.0190148 0.0042763 0.0091 -0.0187575 0.00416589 0.0133 -0.0187308 0.00415631 0.0133 -0.0188745 0.00421189 0.0091 -0.0193014 0.00444346 0.0133 -0.0194071 0.00451892 0.0091 -0.0194254 0.00453293 0.0133 -0.01915 0.00434885 0.0133 -0.0192811 0.00442995 0.0091 -0.0191722 0.00436184 0.0133 -0.0197481 0.00482948 0.0091 -0.0197619 0.00484485 0.0091 -0.0196562 0.00473399 0.0133 -0.0196408 0.00471907 0.0091 -0.0195442 0.00463024 0.0133 -0.0195267 0.00461513 0.0133 -0.019848 0.00494611 0.0133 -0.0199413 0.0050694 0.0091 -0.0198608 0.00496205 0.0091 -0.0199519 0.00508443 0.0133 -0.0200262 0.00519741 0.0133 -0.0201031 0.00533053 0.0091 -0.0200357 0.00521298 0.0133 -0.0201723 0.00546903 0.0091 -0.0201115 0.00534609 0.0091 -0.0201786 0.00548298 0.0133 -0.020232 0.00561018 0.0133 -0.0202832 0.00575529 0.0091 -0.0202377 0.00562489 0.0133 -0.0203257 0.00590397 0.0091 -0.0202877 0.00576943 0.0091 -0.0203288 0.0059163 0.0133 -0.0203585 0.00605376 0.0133 -0.0203822 0.00620596 0.0091 -0.0203609 0.00606673 0.0133 -0.0203966 0.0063597 0.0091 -0.0203837 0.00621784 0.0091 -0.0203972 0.00637008 0.0133 -0.0204014 0.00651305 0.0133 -0.0203967 0.00666718 0.0091 -0.0204014 0.00652361 0.0133 -0.0203826 0.00682071 0.0091 -0.0203962 0.00667621 0.0091 -0.0203816 0.00682867 0.0133 -0.0203591 0.00697241 0.0133 -0.0203262 0.00712324 0.0091 -0.0203577 0.00698016 0.0133 -0.0202842 0.00727131 0.0091 -0.0203247 0.00712915 0.0091 -0.0202824 0.00727663 0.0133 -0.0202332 0.0074162 0.0133 -0.020173 0.00755861 0.0091 -0.0202313 0.00742102 0.0133 -0.0201046 0.00769616 0.0091 -0.0201718 0.0075614 0.0091 -0.0201038 0.00769777 0.0133 -0.0200278 0.00782932 0.0091 -0.0200273 0.00783011 0.0091 -0.0175954 0.00899586 0.0081 -0.0130192 0.00904727 0.0091 -0.0130872 0.00917401 0.0091 -0.0129804 0.00897099 0.0081 -0.0179961 0.0010155 0.0091 -0.0179279 0.00101476 0.0091 -0.0181557 0.00102064 0.0081 -0.0131275 0.0092459 0.0091 -0.0132026 0.00937281 0.0091 -0.0133254 0.00956582 0.0081 -0.0132442 0.00944022 0.0081 -0.0133691 0.00963022 0.0091 -0.0134559 0.00975303 0.0081 -0.0135024 0.0098159 0.0091 -0.0135946 0.00993529 0.0091 -0.0137415 0.0101123 0.0081 -0.0136422 0.00999443 0.0081 -0.0137892 0.0101668 0.0091 -0.0138947 0.0102824 0.0081 -0.0139436 0.0103336 0.0091 -0.0140545 0.0104454 0.0091 -0.0142212 0.0106019 0.0081 -0.0141055 0.0104946 0.0081 -0.0142731 0.0106481 0.0091 -0.0143955 0.0107522 0.0081 -0.0144463 0.0107939 0.0091 -0.014575 0.0108946 0.0091 -0.0147595 0.0110289 0.0081 -0.014626 0.0109328 0.0081 -0.014812 0.0110649 0.0091 -0.0149496 0.0111554 0.0081 -0.0150029 0.0111889 0.0091 -0.0151466 0.0112749 0.0091 -0.0153473 0.0113855 0.0081 -0.0151978 0.0113042 0.0081 -0.0153977 0.0114116 0.0091 -0.0155516 0.0114874 0.0081 -0.0156028 0.0115111 0.0091 -0.0157597 0.0115805 0.0091 -0.0159739 0.0116657 0.0081 -0.0158118 0.0116023 0.0081 -0.0160229 0.0116839 0.0091 -0.0161903 0.0117416 0.0081 -0.0162377 0.0117569 0.0091 -0.0164088 0.0118082 0.0091 -0.0166294 0.0118656 0.0081 -0.0164562 0.0118213 0.0081 -0.0166778 0.0118768 0.0091 -0.0168545 0.011914 0.0081 -0.0168994 0.0119226 0.0091 -0.0170806 0.011953 0.0091 -0.0173072 0.0119824 0.0081 -0.0171231 0.0119592 0.0081 -0.017349 0.0119867 0.0091 -0.0175344 0.0120024 0.0081 -0.0175771 0.0120051 0.0091 -0.0177641 0.0120128 0.0091 -0.0179937 0.0120138 0.0081 -0.0178032 0.0120138 0.0081 -0.0180298 0.0120131 0.0091 -0.0182222 0.0120053 0.0081 -0.018257 0.012003 0.0091 -0.0184495 0.0119873 0.0091 -0.0186775 0.0119595 0.0081 -0.0184847 0.0119836 0.0081 -0.0187097 0.011955 0.0091 -0.0189042 0.0119224 0.0081 -0.018933 0.011917 0.0091 -0.0191282 0.0118761 0.0091 -0.0193495 0.0118206 0.0081 -0.0191553 0.0118697 0.0081 -0.0193765 0.0118131 0.0091 -0.0195694 0.0117556 0.0081 -0.0195941 0.0117477 0.0091 -0.0197869 0.0116812 0.0091 -0.0200002 0.0115984 0.0081 -0.0198081 0.0116735 0.0081 -0.0200194 0.0115904 0.0091 -0.0202093 0.011507 0.0081 -0.0202281 0.0114982 0.0091 -0.0204151 0.0114066 0.0091 -0.0206174 0.0112971 0.0081 -0.0204324 0.0113977 0.0081 -0.0206312 0.0112894 0.0091 -0.0208141 0.01118 0.0081 -0.0208258 0.0111726 0.0091 -0.0210052 0.0110552 0.0091 -0.0211913 0.0109222 0.0081 -0.0210163 0.0110475 0.0081 -0.0212016 0.0109145 0.0091 -0.0213728 0.0107806 0.0081 -0.0213798 0.010775 0.0091 -0.0215474 0.0106324 0.0091 -0.0217152 0.0104776 0.0081 -0.0215525 0.0106279 0.0081 -0.0217197 0.0104732 0.0091 -0.0218761 0.0103162 0.0081 -0.0218809 0.0103113 0.0091 -0.0220302 0.0101482 0.0091 -0.0221775 0.00997357 0.0081 -0.0220336 0.0101444 0.0081 -0.0221797 0.00997091 0.0091 -0.0223179 0.00979233 0.0081 -0.022319 0.00979094 0.0081 -0.0224515 0.00960447 0.0091 -0.0224515 0.00960447 0.0081 -0.0129182 0.00884196 0.0081 -0.0128262 0.00863383 0.0091 -0.0128828 0.00876479 0.0091 -0.0127937 0.00855417 0.0081 -0.0127431 0.00842288 0.0091 -0.012713 0.00833912 0.0081 -0.0126689 0.00820909 0.0081 -0.0126032 0.0079903 0.0091 -0.0126412 0.00812092 0.0091 -0.0125792 0.00790145 0.0081 -0.0125467 0.00776968 0.0091 -0.0125262 0.00767905 0.0081 -0.0124994 0.00754781 0.0081 -0.0124614 0.00732469 0.0091 -0.0124823 0.00745374 0.0091 -0.0124477 0.00722637 0.0081 -0.0124326 0.00709844 0.0091 -0.0124229 0.0069997 0.0081 -0.0124132 0.00687133 0.0081 -0.012403 0.00664459 0.0091 -0.0124076 0.00677169 0.0091 -0.0124016 0.00654235 0.0081 -0.0124023 0.0064182 0.0091 -0.0124052 0.00631212 0.0081 -0.0124111 0.0061907 0.0081 -0.0124293 0.00596329 0.0091 -0.0124183 0.0060845 0.0091 -0.012441 0.00585719 0.0081 -0.0124567 0.00573784 0.0091 -0.0124732 0.00563018 0.0081 -0.0124932 0.00551434 0.0081 -0.0125392 0.00529182 0.0091 -0.0125149 0.00540347 0.0091 -0.0125662 0.00517915 0.0081 -0.0125946 0.00507031 0.0091 -0.0126264 0.00495828 0.0081 -0.0126588 0.0048523 0.0081 -0.0127316 0.00463779 0.0091 -0.0126954 0.00474086 0.0091 -0.0127732 0.00452689 0.0081 -0.0128134 0.0044263 0.0091 -0.0128599 0.00431636 0.0081 -0.0129047 0.00421674 0.0081 -0.0130039 0.00401213 0.0091 -0.0129554 0.00410928 0.0091 -0.0130598 0.00390565 0.0081 -0.0131111 0.00381245 0.0091 -0.013173 0.00370546 0.0081 -0.0132262 0.0036177 0.0081 -0.0133509 0.00342585 0.0091 -0.0132935 0.00351193 0.0091 -0.013422 0.00332354 0.0081 -0.0134825 0.00324022 0.0091 -0.0135586 0.00314004 0.0081 -0.0136212 0.00306083 0.0081 -0.0137669 0.00288766 0.0091 -0.0137034 0.00296142 0.0091 -0.0138543 0.00279039 0.0081 -0.0139212 0.00271918 0.0091 -0.0140122 0.0026259 0.0081 -0.0140817 0.00255764 0.0081 -0.0142481 0.00240344 0.0091 -0.0141773 0.00246758 0.0091 -0.0143496 0.00231544 0.0081 -0.0144203 0.00225657 0.0091 -0.0145268 0.00217167 0.0081 -0.0145999 0.002116 0.0081 -0.014785 0.00198299 0.0091 -0.0147097 0.00203561 0.0091 -0.0148987 0.00190684 0.0081 -0.0149746 0.0018582 0.0091 -0.0150938 0.00178536 0.0081 -0.0151687 0.00174165 0.0081 -0.0153686 0.00163272 0.0091 -0.0152925 0.00167285 0.0091 -0.0154954 0.00156896 0.0081 -0.0155732 0.00153192 0.0091 -0.0157031 0.00147328 0.0081 -0.0157809 0.00143999 0.0081 -0.0159916 0.00135694 0.0091 -0.0159155 0.0013858 0.0091 -0.0161302 0.0013077 0.0081 -0.0162063 0.00128251 0.0091 -0.0163475 0.00123884 0.0081 -0.016425 0.00121673 0.0081 -0.0166451 0.0011602 0.0091 -0.0165681 0.00117888 0.0091 -0.016792 0.0011278 0.0081 -0.0168666 0.00111293 0.0091 -0.0170169 0.0010863 0.0081 -0.0170896 0.00107493 0.0081 -0.0173141 0.00104618 0.0091 -0.0172425 0.00105437 0.0091 -0.01747 0.00103177 0.0081 -0.01754 0.00102669 0.0091 -0.0176992 0.00101848 0.0081 -0.0177673 0.00101646 0.0081 -0.0184478 0.001042 0.0081 -0.0182228 0.00102422 0.0091 -0.0183837 0.001036 0.0081 -0.0191144 0.00115025 0.0081 -0.0188925 0.00110472 0.0091 -0.0190619 0.00113857 0.0081 -0.018671 0.00106884 0.0091 -0.0186119 0.00106086 0.0091 -0.0188382 0.00109506 0.0081 -0.0195497 0.00126752 0.0091 -0.0197227 0.00132499 0.0081 -0.0197624 0.00133909 0.0091 -0.0192842 0.00119147 0.0091 -0.0195051 0.00125376 0.0081 -0.0193337 0.00120457 0.0091 -0.0203539 0.00159186 0.0081 -0.0203841 0.00160695 0.0081 -0.0201811 0.00150953 0.0091 -0.0201465 0.00149388 0.0081 -0.0199735 0.00142006 0.0091 -0.0199361 0.00140493 0.0081 -0.0209674 0.00194869 0.0081 -0.020777 0.0018264 0.0091 -0.0209468 0.00193489 0.0081 -0.0205823 0.00171231 0.0091 -0.0205569 0.00169819 0.0091 -0.020754 0.00181234 0.0081 -0.0213303 0.00221438 0.0091 -0.0214933 0.00234957 0.0081 -0.0215034 0.00235836 0.0091 -0.0211351 0.00206584 0.0091 -0.0213177 0.00220436 0.0081 -0.0211518 0.00207802 0.0091 -0.0219843 0.00282954 0.0081 -0.0219863 0.0028318 0.0081 -0.0218324 0.00266808 0.0091 -0.021827 0.00266261 0.0081 -0.0216714 0.00251026 0.0091 -0.021663 0.00250232 0.0091 -0.0224106 0.0033657 0.0081 -0.0224075 0.00336129 0.0091 -0.0222754 0.00318051 0.0081 -0.0222744 0.00317917 0.0081 -0.0221333 0.00300168 0.0091 -0.0221333 0.00300179 0.0081 -0.0227601 0.00393748 0.0091 -0.0226566 0.00375099 0.0091 -0.0227671 0.00395075 0.0081 -0.0225327 0.00354802 0.0091 -0.0225381 0.00355645 0.0081 -0.0226499 0.00373938 0.0091 -0.0229639 0.00436503 0.0091 -0.0230486 0.00457649 0.0081 -0.0230392 0.00455177 0.0091 -0.0228697 0.00415571 0.0081 -0.0229548 0.00434381 0.0081 -0.0228618 0.00413905 0.0081 -0.0232907 0.00541682 0.0081 -0.0232414 0.00519782 0.0091 -0.02325 0.00523296 0.0081 -0.023183 0.00498049 0.0081 -0.0231155 0.00476483 0.0091 -0.0231245 0.00479176 0.0081 -0.0233626 0.00586304 0.0091 -0.0233377 0.00568033 0.0091 -0.0233677 0.00590747 0.0091 -0.0232984 0.00545549 0.0081 -0.0233312 0.00563905 0.0091 -0.0233993 0.00636374 0.0091 -0.0234008 0.00659194 0.0081 -0.0234013 0.0065367 0.0091 -0.0233884 0.00613627 0.0081 -0.0233977 0.00631132 0.0081 -0.0233847 0.00608713 0.0091 -0.0233928 0.00682086 0.0091 -0.0233753 0.00705004 0.0081 -0.023381 0.00698788 0.0081 -0.0233957 0.00676303 0.0081 -0.0233571 0.00721126 0.0091 -0.0233484 0.00727616 0.0091 -0.0233121 0.00750142 0.0081 -0.0233242 0.00743317 0.0091 -0.0232663 0.00772581 0.0081 -0.0232822 0.00765361 0.0081 -0.0232311 0.00787258 0.0091 -0.0232111 0.00794902 0.0091 -0.0231472 0.00816756 0.0081 -0.0231708 0.00809007 0.0091 -0.023074 0.00838366 0.0081 -0.0231015 0.0083061 0.0081 -0.0230171 0.00853446 0.0091 -0.0229917 0.00859733 0.0091 -0.0229003 0.00880841 0.0081 -0.0229231 0.00875804 0.0091 -0.0228011 0.00901333 0.0081 -0.0228196 0.00897683 0.0081 -0.0227064 0.00919083 0.0091 -0.0226932 0.00921432 0.0091 -0.0225767 0.00941136 0.0081 -0.0225838 0.00940004 0.0091 -0.0231917 0.00501084 -0.0091 -0.022785 0.00398477 -0.0081 -0.0227591 0.00393535 -0.0081 -0.0228603 0.00413595 -0.0091 -0.0175456 0.00102622 -0.0081 -0.01754 0.00102669 -0.0081 -0.0177673 0.00101646 -0.0081 -0.0229536 0.00434117 -0.0091 -0.022885 0.00418788 -0.0081 -0.0230389 0.00455101 -0.0091 -0.0229771 0.00439651 -0.0091 -0.0230605 0.00460866 -0.0081 -0.023115 0.00476292 -0.0081 -0.0231821 0.00497726 -0.0091 -0.0231348 0.00482316 -0.0081 -0.0232406 0.0051948 -0.0091 -0.0232 0.00503999 -0.0091 -0.0232565 0.00526068 -0.0081 -0.0232904 0.00541553 -0.0081 -0.023331 0.00563749 -0.0091 -0.0233038 0.00548379 -0.0081 -0.0233622 0.00585984 -0.0091 -0.0233418 0.00570768 -0.0091 -0.0233705 0.00593234 -0.0081 -0.0233844 0.00608386 -0.0081 -0.0233975 0.00630955 -0.0091 -0.0233898 0.00615904 -0.0081 -0.0234014 0.00653561 -0.0091 -0.0233998 0.00638703 -0.0091 -0.0234005 0.00661421 -0.0081 -0.0233959 0.00676001 -0.0081 -0.0233812 0.0069845 -0.0091 -0.0233918 0.00684057 -0.0081 -0.0233573 0.0072091 -0.0091 -0.0233736 0.00706708 -0.0091 -0.0233458 0.00729374 -0.0081 -0.0233242 0.00743317 -0.0081 -0.0232822 0.00765361 -0.0091 -0.0233091 0.00751801 -0.0081 -0.0232311 0.00787258 -0.0091 -0.0232632 0.00773991 -0.0091 -0.0232081 0.00796005 -0.0081 -0.0231708 0.00809007 -0.0081 -0.0231015 0.0083061 -0.0091 -0.0231434 0.00817918 -0.0081 -0.0230171 0.00853446 -0.0091 -0.0230701 0.00839443 -0.0091 -0.0229884 0.00860581 -0.0081 -0.0229231 0.00875804 -0.0081 -0.0228196 0.00897683 -0.0091 -0.0228981 0.0088133 -0.0081 -0.0227064 0.00919083 -0.0091 -0.0227992 0.00901691 -0.0091 -0.0226919 0.00921664 -0.0081 -0.0225838 0.00940004 -0.0081 -0.0224515 0.00960447 -0.0091 -0.022576 0.00941249 -0.0091 -0.0224515 0.00960447 -0.0091 -0.0226764 0.00378551 -0.0081 -0.0226497 0.00373914 -0.0091 -0.0225593 0.00359009 -0.0091 -0.022434 0.00339925 -0.0081 -0.0225312 0.00354584 -0.0091 -0.0223019 0.0032154 -0.0081 -0.0224056 0.00335846 -0.0081 -0.0222729 0.003177 -0.0091 -0.0221621 0.00303679 -0.0091 -0.0220144 0.00286341 -0.0081 -0.0221331 0.00300144 -0.0091 -0.0218593 0.00269562 -0.0081 -0.0219846 0.00283014 -0.0081 -0.02183 0.00266565 -0.0091 -0.0216988 0.00253604 -0.0091 -0.0215315 0.00238293 -0.0081 -0.0216694 0.00250819 -0.0091 -0.0213574 0.0022363 -0.0081 -0.0215028 0.00235777 -0.0081 -0.0213287 0.00221323 -0.0091 -0.0211766 0.00209619 -0.0091 -0.0209921 0.00196522 -0.0081 -0.0211491 0.00207608 -0.0091 -0.0208019 0.00184177 -0.0081 -0.0209648 0.00194688 -0.0081 -0.0207759 0.00182562 -0.0091 -0.0206062 0.00172585 -0.0091 -0.0204048 0.00161746 -0.0081 -0.0205809 0.00171164 -0.0091 -0.020201 0.00151852 -0.0081 -0.0203812 0.00160556 -0.0081 -0.0201782 0.00150811 -0.0091 -0.0199932 0.00142808 -0.0091 -0.0197811 0.00134601 -0.0081 -0.0199719 0.00141929 -0.0091 -0.0195648 0.00127229 -0.0081 -0.0197613 0.00133879 -0.0081 -0.0195467 0.0012667 -0.0091 -0.0193472 0.00120813 -0.0091 -0.0191274 0.00115315 -0.0081 -0.0193304 0.00120365 -0.0091 -0.0189048 0.00110712 -0.0081 -0.0191123 0.00114966 -0.0081 -0.0188925 0.00110472 -0.0091 -0.0186795 0.00107006 -0.0091 -0.018454 0.00104252 -0.0081 -0.018671 0.00106884 -0.0091 -0.0182281 0.00102448 -0.0081 -0.0184478 0.001042 -0.0081 -0.0182228 0.00102422 -0.0091 -0.0180011 0.00101573 -0.0091 -0.0177729 0.00101627 -0.0081 -0.0179961 0.0010155 -0.0081 -0.0173141 0.00104618 -0.0091 -0.01732 0.00104558 -0.0091 -0.0170947 0.00107431 -0.0081 -0.0166417 0.00116102 -0.0091 -0.016647 0.00115966 -0.0091 -0.0164276 0.00121589 -0.0081 -0.0170896 0.00107493 -0.0091 -0.0168698 0.00111241 -0.0081 -0.0168644 0.00111347 -0.0091 -0.0159948 0.00135586 -0.0091 -0.0157826 0.00143921 -0.0081 -0.0159899 0.00135769 -0.0091 -0.0162102 0.00128129 -0.0081 -0.0162053 0.00128276 -0.0081 -0.016422 0.00121745 -0.0091 -0.0151718 0.00173999 -0.0081 -0.0153672 0.00163332 -0.0091 -0.0153719 0.00163102 -0.0081 -0.0155703 0.00153321 -0.0081 -0.0157778 0.00144134 -0.0091 -0.0155755 0.00153076 -0.0081 -0.0147822 0.00198484 -0.0091 -0.0147868 0.00198161 -0.0091 -0.0146026 0.00211397 -0.0081 -0.0151674 0.00174246 -0.0091 -0.014976 0.00185724 -0.0081 -0.0149719 0.00185999 -0.0091 -0.0142492 0.00240235 -0.0091 -0.0140831 0.00255613 -0.0081 -0.0142459 0.00240553 -0.0091 -0.0144232 0.00225433 -0.0081 -0.0144195 0.00225728 -0.0081 -0.0145983 0.00211704 -0.0091 -0.0136221 0.00305966 -0.0081 -0.0137665 0.00288809 -0.0091 -0.0137695 0.00288485 -0.0081 -0.0139195 0.00272072 -0.0081 -0.0140792 0.00256001 -0.0091 -0.0139232 0.00271697 -0.0081 -0.0133494 0.00342789 -0.0091 -0.0133524 0.00342357 -0.0091 -0.0132285 0.00361438 -0.0081 -0.0136195 0.00306309 -0.0091 -0.0134836 0.00323866 -0.0081 -0.0134805 0.00324302 -0.0091 -0.0130046 0.00401058 -0.0091 -0.0129056 0.00421451 -0.0081 -0.0130023 0.00401524 -0.0091 -0.0131118 0.0038111 -0.0081 -0.0131099 0.00381472 -0.0081 -0.0132262 0.0036177 -0.0091 -0.0126592 0.00485082 -0.0081 -0.012731 0.00463993 -0.0091 -0.0127322 0.00463613 -0.0081 -0.0128132 0.00442678 -0.0081 -0.0129034 0.00421926 -0.0091 -0.0128148 0.00442302 -0.0081 -0.0125389 0.00529281 -0.0091 -0.01254 0.00528872 -0.0091 -0.0124936 0.00551238 -0.0081 -0.0126578 0.0048556 -0.0091 -0.0125951 0.0050682 -0.0081 -0.0125937 0.00507322 -0.0091 -0.0124294 0.00596136 -0.0091 -0.0124113 0.00618786 -0.0081 -0.0124289 0.00596649 -0.0091 -0.0124568 0.00573647 -0.0081 -0.0124562 0.00574117 -0.0081 -0.012493 0.00551621 -0.0091 -0.012413 0.00686963 -0.0081 -0.0124032 0.00664781 -0.0091 -0.012403 0.00664335 -0.0081 -0.0124024 0.00641967 -0.0081 -0.0124109 0.00619217 -0.0091 -0.0124024 0.00641597 -0.0081 -0.0124616 0.0073257 -0.0091 -0.0124611 0.00732226 -0.0091 -0.0124991 0.00754673 -0.0081 -0.0124133 0.00687469 -0.0091 -0.0124324 0.00709594 -0.0081 -0.0124327 0.00710032 -0.0091 -0.0126026 0.00798817 -0.0091 -0.0126682 0.00820654 -0.0081 -0.0126037 0.00799248 -0.0091 -0.0125463 0.00776823 -0.0081 -0.0125474 0.00777305 -0.0081 -0.0125001 0.00755078 -0.0091 -0.0129174 0.00884022 -0.0081 -0.0128275 0.00863706 -0.0091 -0.0128256 0.00863263 -0.0081 -0.0127442 0.00842548 -0.0081 -0.0126692 0.00820959 -0.0091 -0.0127427 0.00842195 -0.0081 -0.0131289 0.00924806 -0.0091 -0.0131271 0.00924513 -0.0091 -0.0132435 0.00943927 -0.0081 -0.0129192 0.00884432 -0.0091 -0.013018 0.0090447 -0.0081 -0.0130192 0.00904727 -0.0091 -0.013501 0.00981388 -0.0091 -0.0136417 0.00999382 -0.0081 -0.0135027 0.00981636 -0.0091 -0.0133682 0.00962885 -0.0081 -0.0133706 0.0096326 -0.0081 -0.013246 0.00944317 -0.0091 -0.014104 0.0104931 -0.0081 -0.0139456 0.0103358 -0.0091 -0.0139426 0.0103325 -0.0081 -0.0137915 0.0101694 -0.0081 -0.0136437 0.00999609 -0.0091 -0.0137885 0.0101661 -0.0081 -0.014449 0.0107959 -0.0091 -0.0144456 0.0107934 -0.0091 -0.014625 0.0109321 -0.0081 -0.0141062 0.0104954 -0.0091 -0.0142725 0.0106476 -0.0081 -0.0142745 0.0106492 -0.0091 -0.0150023 0.0111885 -0.0091 -0.0151971 0.0113039 -0.0081 -0.0150042 0.0111896 -0.0091 -0.0148105 0.0110638 -0.0081 -0.0148132 0.0110658 -0.0081 -0.0146285 0.0109348 -0.0091 -0.0158109 0.0116019 -0.0081 -0.0156044 0.011512 -0.0091 -0.0156014 0.0115105 -0.0081 -0.0154007 0.0114132 -0.0081 -0.0152006 0.0113057 -0.0091 -0.0153968 0.0114112 -0.0081 -0.016241 0.011758 -0.0091 -0.0162369 0.0117567 -0.0091 -0.016455 0.0118209 -0.0081 -0.0158128 0.0116026 -0.0091 -0.0160223 0.0116837 -0.0081 -0.0160258 0.0116848 -0.0091 -0.0168989 0.0119225 -0.0091 -0.0171224 0.0119592 -0.0081 -0.0169022 0.011923 -0.0091 -0.0166766 0.0118765 -0.0081 -0.0166783 0.0118769 -0.0081 -0.0164583 0.011822 -0.0091 -0.0178027 0.0120138 -0.0081 -0.0175771 0.0120051 -0.0091 -0.0175756 0.0120049 -0.0081 -0.0173516 0.0119871 -0.0081 -0.0171266 0.0119597 -0.0091 -0.017348 0.0119866 -0.0091 -0.0180293 0.0120131 -0.0081 -0.0178057 0.0120137 -0.0081 -0.0180333 0.012013 -0.0091 -0.0182562 0.0120031 -0.0091 -0.0184835 0.0119837 -0.0081 -0.0182598 0.012003 -0.0091 -0.0187093 0.011955 -0.0081 -0.0184853 0.0119836 -0.0081 -0.0187119 0.0119545 -0.0091 -0.0189326 0.0119171 -0.0091 -0.0191547 0.0118699 -0.0081 -0.0189364 0.0119163 -0.0091 -0.0193756 0.0118133 -0.0081 -0.0191583 0.0118691 -0.0081 -0.0193775 0.0118129 -0.0091 -0.0195939 0.0117478 -0.0091 -0.0198078 0.0116737 -0.0081 -0.0195959 0.011747 -0.0091 -0.020019 0.0115905 -0.0081 -0.0198112 0.0116723 -0.0081 -0.0200224 0.0115892 -0.0091 -0.0202275 0.0114985 -0.0091 -0.0204322 0.0113978 -0.0081 -0.0202295 0.0114977 -0.0091 -0.020631 0.0112895 -0.0081 -0.0204337 0.011397 -0.0081 -0.0206339 0.0112877 -0.0091 -0.0208256 0.0111728 -0.0091 -0.021016 0.0110477 -0.0081 -0.0208287 0.0111709 -0.0091 -0.0212015 0.0109146 -0.0081 -0.0210179 0.0110465 -0.0081 -0.0212024 0.0109138 -0.0091 -0.0213798 0.010775 -0.0091 -0.0215524 0.0106279 -0.0081 -0.0213821 0.010773 -0.0091 -0.0217195 0.0104733 -0.0081 -0.0215551 0.0106256 -0.0081 -0.0217214 0.0104717 -0.0091 -0.0218808 0.0103113 -0.0091 -0.0220336 0.0101444 -0.0081 -0.0218809 0.0103113 -0.0091 -0.0221797 0.0099709 -0.0081 -0.0220336 0.0101444 -0.0081 -0.0221797 0.00997091 -0.0091 -0.022319 0.00979093 -0.0081 -0.022319 0.00979094 -0.0133 -0.0163951 0.00850982 -0.0135 -0.0166336 0.00843359 -0.0133 -0.0165209 0.00859893 -0.0135 -0.0198607 0.00771932 -0.0133 -0.0199424 0.00795844 -0.0135 -0.0197791 0.00784294 -0.0133 -0.0162749 0.00841317 -0.0135 -0.0165133 0.00834853 -0.0135 -0.0163988 0.00825597 -0.0133 -0.0161615 0.00830985 -0.0133 -0.0160541 0.00819897 -0.0135 -0.0162901 0.00815582 -0.0133 -0.0159538 0.00808202 -0.0135 -0.0161885 0.00804955 -0.0135 -0.0160935 0.00793637 -0.0133 -0.0158613 0.00795968 -0.0133 -0.015776 0.00783076 -0.0135 -0.0160061 0.00781763 -0.0133 -0.015699 0.00769753 -0.0135 -0.0159268 0.00769395 -0.0135 -0.015855 0.00756446 -0.0133 -0.0156306 0.00756033 -0.0133 -0.0155703 0.00741776 -0.0135 -0.0157921 0.0074315 -0.0133 -0.0155192 0.00727278 -0.0135 -0.0157377 0.00729433 -0.0135 -0.0156921 0.00715397 -0.0133 -0.0154771 0.00712503 -0.0133 -0.0154441 0.00697402 -0.0135 -0.0156558 0.00701164 -0.0133 -0.0154204 0.00682223 -0.0135 -0.0156285 0.00686616 -0.0135 -0.0156106 0.00672003 -0.0133 -0.0154063 0.00666898 -0.0133 -0.0154015 0.00651467 -0.0135 -0.0156022 0.00657292 -0.0133 -0.0154062 0.00636123 -0.0135 -0.0156032 0.00642519 -0.0135 -0.0156136 0.00627859 -0.0133 -0.0154204 0.00620771 -0.0133 -0.015444 0.00605533 -0.0135 -0.0156335 0.00613207 -0.0133 -0.0154768 0.00590545 -0.0135 -0.0156627 0.00598764 -0.0135 -0.0157009 0.00584559 -0.0133 -0.0155191 0.00575694 -0.0133 -0.0155703 0.00561166 -0.0135 -0.0157485 0.00570554 -0.0133 -0.01563 0.00547041 -0.0135 -0.0158046 0.0055696 -0.0135 -0.0158691 0.00543777 -0.0133 -0.0156983 0.00533321 -0.0133 -0.0157751 0.00520004 -0.0135 -0.0159422 0.00531004 -0.0133 -0.0158605 0.00507092 -0.0135 -0.0160237 0.00518642 -0.0135 -0.0167595 0.00851117 -0.0133 -0.0167875 0.00875272 -0.0133 -0.0166515 0.00867969 -0.0135 -0.0168893 0.00857998 -0.0133 -0.0169273 0.00881706 -0.0133 -0.0170705 0.0088725 -0.0135 -0.017024 0.00864067 -0.0135 -0.017162 0.00869255 -0.0133 -0.0172179 0.00891938 -0.0135 -0.0173028 0.00873535 -0.0133 -0.0173668 0.00895683 -0.0133 -0.017518 0.00898503 -0.0135 -0.0174469 0.00876932 -0.0135 -0.0175917 0.00879371 -0.0133 -0.0176716 0.00900409 -0.0135 -0.0177385 0.00880885 -0.0133 -0.0178246 0.00901347 -0.0133 -0.0179785 0.00901342 -0.0135 -0.017886 0.00881462 -0.0135 -0.018033 0.00881087 -0.0133 -0.0181328 0.00900395 -0.0135 -0.0181804 0.00879769 -0.0133 -0.018285 0.00898505 -0.0133 -0.0184364 0.00895671 -0.0135 -0.0183257 0.00877519 -0.0135 -0.0184696 0.00874335 -0.0133 -0.0185861 0.00891909 -0.0135 -0.0186116 0.0087023 -0.0133 -0.0187323 0.00887252 -0.0133 -0.0188761 0.00881679 -0.0135 -0.0187499 0.00865243 -0.0135 -0.0188854 0.00859353 -0.0133 -0.0190162 0.00875238 -0.0135 -0.0190165 0.00852631 -0.0133 -0.0191514 0.0086797 -0.0133 -0.0192827 0.00859843 -0.0135 -0.0191429 0.0084508 -0.0135 -0.0192648 0.00836701 -0.0133 -0.0194083 0.00850951 -0.0135 -0.0193803 0.00827616 -0.0133 -0.0195279 0.00841316 -0.0133 -0.0196422 0.00830903 -0.0135 -0.0194902 0.00817765 -0.0135 -0.0195936 0.00807242 -0.0133 -0.0197491 0.00819874 -0.0135 -0.0196897 0.007961 -0.0133 -0.0198491 0.00808195 -0.0135 -0.0200544 0.00732382 -0.0133 -0.0202326 0.00741765 -0.0135 -0.0199983 0.00745976 -0.0135 -0.0199337 0.00759159 -0.0133 -0.0201728 0.00755903 -0.0133 -0.0201046 0.00769629 -0.0133 -0.0203588 0.00697394 -0.0135 -0.0201402 0.00704172 -0.0135 -0.0201693 0.00689729 -0.0133 -0.0202839 0.00727216 -0.0135 -0.0201019 0.00718378 -0.0133 -0.020326 0.00712407 -0.0135 -0.0201997 0.00660418 -0.0135 -0.0202007 0.00645645 -0.0133 -0.0204014 0.0065145 -0.0135 -0.0201893 0.00675078 -0.0133 -0.0203967 0.00666834 -0.0133 -0.0203826 0.00682115 -0.0135 -0.0201471 0.00601773 -0.0133 -0.0203588 0.00605496 -0.0135 -0.0201744 0.00616321 -0.0133 -0.0203824 0.00620733 -0.0133 -0.0203967 0.00636014 -0.0135 -0.0201922 0.00630933 -0.0133 -0.0202324 0.00561094 -0.0135 -0.0200652 0.00573503 -0.0135 -0.0200108 0.00559786 -0.0133 -0.0203258 0.00590448 -0.0135 -0.0201108 0.00587539 -0.0133 -0.0202837 0.00575672 -0.0135 -0.0198761 0.00533542 -0.0135 -0.0197967 0.00521173 -0.0133 -0.0200266 0.00519803 -0.0135 -0.0199478 0.00546491 -0.0133 -0.0201038 0.00533183 -0.0133 -0.0201725 0.00546955 -0.0133 -0.0196417 0.00471987 -0.0133 -0.0197486 0.0048301 -0.0135 -0.0195128 0.00487354 -0.0133 -0.0198489 0.00494715 -0.0135 -0.0197094 0.005093 -0.0135 -0.0196144 0.00497982 -0.0133 -0.0194078 0.00451948 -0.0135 -0.0191693 0.00459577 -0.0133 -0.0192822 0.00443065 -0.0135 -0.019404 0.00477339 -0.0135 -0.0192896 0.00468083 -0.0133 -0.0195275 0.00461578 -0.0135 -0.0189135 0.00444938 -0.0135 -0.0187789 0.00438869 -0.0133 -0.0188756 0.00421235 -0.0135 -0.0190434 0.0045182 -0.0133 -0.0190156 0.00427673 -0.0133 -0.0191508 0.00434926 -0.0135 -0.018356 0.00426005 -0.0133 -0.0184357 0.00407247 -0.0135 -0.0185001 0.00429401 -0.0133 -0.0185855 0.00411014 -0.0133 -0.0187318 0.00415664 -0.0135 -0.0186409 0.00433681 -0.0133 -0.0179777 0.00401585 -0.0135 -0.0180644 0.00422051 -0.0135 -0.0179169 0.00421474 -0.0133 -0.0182846 0.00404424 -0.0135 -0.0182111 0.00423566 -0.0133 -0.018132 0.00402539 -0.0135 -0.0176225 0.00423168 -0.0135 -0.0174772 0.00425418 -0.0133 -0.0175174 0.00404436 -0.0135 -0.0177699 0.0042185 -0.0133 -0.0176705 0.00402543 -0.0133 -0.0178243 0.00401591 -0.0133 -0.0173665 0.00407263 -0.0135 -0.0173333 0.00428602 -0.0133 -0.0172168 0.00411029 -0.0133 -0.0170702 0.00415693 -0.0135 -0.0171913 0.00432707 -0.0135 -0.017053 0.00437693 -0.0133 -0.0169269 0.00421252 -0.0135 -0.0169175 0.00443583 -0.0133 -0.0167864 0.00427713 -0.0133 -0.0166513 0.00434975 -0.0135 -0.0167864 0.00450306 -0.0135 -0.01666 0.00457856 -0.0133 -0.0165204 0.00443085 -0.0135 -0.016538 0.00466235 -0.0133 -0.0163944 0.00451999 -0.0133 -0.0162748 0.00461628 -0.0135 -0.0164226 0.00475321 -0.0135 -0.0163126 0.00485171 -0.0133 -0.0161608 0.00472025 -0.0135 -0.0162093 0.00495695 -0.0133 -0.0160537 0.00483073 -0.0133 -0.0159537 0.00494749 -0.0135 -0.0161132 0.00506836 -0.0133 -0.0199418 0.00507015 -0.0133 -0.0200277 0.00782943 -0.0133 -0.0158605 0.00507092 -0.0133 -0.0157751 0.00520004 -0.0091 -0.0158604 0.00507102 -0.0091 -0.0157756 0.00519915 -0.0133 -0.0156983 0.00533321 -0.0133 -0.01563 0.00547041 -0.0091 -0.0156984 0.00533303 -0.0133 -0.0155703 0.00561166 -0.0091 -0.0156299 0.00547054 -0.0091 -0.01557 0.00561241 -0.0133 -0.0155191 0.00575694 -0.0133 -0.0154768 0.00590545 -0.0091 -0.0155188 0.00575796 -0.0133 -0.015444 0.00605533 -0.0091 -0.0154768 0.00590559 -0.0091 -0.0154439 0.00605637 -0.0133 -0.0154204 0.00620771 -0.0133 -0.0154062 0.00636123 -0.0091 -0.0154203 0.00620863 -0.0133 -0.0154015 0.00651467 -0.0091 -0.0154061 0.00636136 -0.0091 -0.0154015 0.00651588 -0.0133 -0.0154063 0.00666898 -0.0133 -0.0154204 0.00682223 -0.0091 -0.0154063 0.00666969 -0.0133 -0.0154441 0.00697402 -0.0091 -0.0154205 0.00682242 -0.0091 -0.0154443 0.0069753 -0.0133 -0.0154771 0.00712503 -0.0133 -0.0155192 0.00727278 -0.0091 -0.0154772 0.00712545 -0.0133 -0.0155703 0.00741776 -0.0091 -0.0155194 0.00727333 -0.0091 -0.0155708 0.00741899 -0.0133 -0.0156306 0.00756033 -0.0133 -0.015699 0.00769753 -0.0091 -0.0156307 0.00756041 -0.0133 -0.015776 0.00783076 -0.0091 -0.0156995 0.00769832 -0.0091 -0.0157766 0.00783185 -0.0133 -0.0158613 0.00795968 -0.0133 -0.0159538 0.00808202 -0.0091 -0.0158614 0.00795976 -0.0133 -0.0160541 0.00819897 -0.0091 -0.0159546 0.00808291 -0.0091 -0.0160548 0.00819984 -0.0133 -0.0161615 0.00830985 -0.0133 -0.0162749 0.00841317 -0.0091 -0.0161616 0.00830992 -0.0133 -0.0163951 0.00850982 -0.0091 -0.016276 0.00841402 -0.0091 -0.0163958 0.00851043 -0.0133 -0.0165209 0.00859893 -0.0091 -0.0165211 0.00859908 -0.0133 -0.0166515 0.00867969 -0.0091 -0.0166527 0.0086804 -0.0133 -0.0167875 0.00875272 -0.0091 -0.0167881 0.00875307 -0.0091 -0.0169279 0.0088173 -0.0133 -0.0169273 0.00881706 -0.0133 -0.0170705 0.0088725 -0.0091 -0.0170719 0.00887299 -0.0133 -0.0172179 0.00891938 -0.0091 -0.0172182 0.00891951 -0.0091 -0.0173678 0.00895701 -0.0133 -0.0173668 0.00895683 -0.0133 -0.017518 0.00898503 -0.0091 -0.0175194 0.00898527 -0.0133 -0.0176716 0.00900409 -0.0091 -0.0176716 0.0090041 -0.0091 -0.0178258 0.00901347 -0.0133 -0.0178246 0.00901347 -0.0133 -0.0179785 0.00901342 -0.0091 -0.0179798 0.00901342 -0.0133 -0.0181328 0.00900395 -0.0091 -0.0181328 0.00900395 -0.0091 -0.0182864 0.0089848 -0.0133 -0.018285 0.00898505 -0.0133 -0.0184364 0.00895671 -0.0091 -0.0184375 0.0089565 -0.0133 -0.0185861 0.00891909 -0.0091 -0.0185865 0.00891897 -0.0091 -0.0187338 0.008872 -0.0133 -0.0187323 0.00887252 -0.0133 -0.0188761 0.00881679 -0.0091 -0.018877 0.00881647 -0.0133 -0.0190162 0.00875238 -0.0091 -0.0190168 0.00875201 -0.0091 -0.0191528 0.00867892 -0.0133 -0.0191514 0.0086797 -0.0133 -0.0192827 0.00859843 -0.0091 -0.0192832 0.00859808 -0.0133 -0.0194083 0.00850951 -0.0091 -0.0194091 0.00850883 -0.0091 -0.0195291 0.00841217 -0.0133 -0.0195279 0.00841316 -0.0133 -0.0196422 0.00830903 -0.0091 -0.0196425 0.0083088 -0.0133 -0.0197491 0.00819874 -0.0091 -0.0197491 0.00819872 -0.0091 -0.0198491 0.00808193 -0.0133 -0.0198491 0.00808195 -0.0133 -0.0199424 0.00795844 -0.0091 -0.0199424 0.00795844 -0.0091 -0.0159531 0.00494831 -0.0091 -0.0160537 0.00483072 -0.0133 -0.0159537 0.00494749 -0.0133 -0.0160537 0.00483073 -0.0091 -0.0161604 0.00472063 -0.0091 -0.0162741 0.0046169 -0.0133 -0.0161608 0.00472025 -0.0091 -0.0163944 0.00451995 -0.0133 -0.0162748 0.00461628 -0.0133 -0.0163944 0.00451999 -0.0091 -0.0165197 0.0044313 -0.0091 -0.0166507 0.00435012 -0.0133 -0.0165204 0.00443085 -0.0091 -0.0167865 0.00427706 -0.0133 -0.0166513 0.00434975 -0.0133 -0.0167864 0.00427713 -0.0091 -0.016926 0.00421289 -0.0091 -0.0170699 0.00415707 -0.0133 -0.0169269 0.00421252 -0.0091 -0.0172166 0.00411034 -0.0133 -0.0170702 0.00415693 -0.0133 -0.0172168 0.00411029 -0.0091 -0.0173656 0.00407285 -0.0091 -0.0175175 0.00404435 -0.0133 -0.0173665 0.00407263 -0.0091 -0.0176699 0.00402545 -0.0133 -0.0175174 0.00404436 -0.0133 -0.0176705 0.00402543 -0.0091 -0.0178234 0.00401597 -0.0091 -0.0179781 0.00401586 -0.0133 -0.0178243 0.00401591 -0.0091 -0.0181312 0.0040253 -0.0133 -0.0179777 0.00401585 -0.0133 -0.018132 0.00402539 -0.0091 -0.018284 0.0040442 -0.0091 -0.0184359 0.00407247 -0.0133 -0.0182846 0.00404424 -0.0091 -0.0185847 0.0041099 -0.0133 -0.0184357 0.00407247 -0.0133 -0.0185855 0.00411014 -0.0091 -0.0187316 0.00415661 -0.0091 -0.0188754 0.00421221 -0.0133 -0.0187318 0.00415664 -0.0091 -0.0190149 0.00427639 -0.0133 -0.0188756 0.00421235 -0.0133 -0.0190156 0.00427673 -0.0091 -0.019151 0.0043494 -0.0091 -0.0192818 0.00443033 -0.0133 -0.0191508 0.00434926 -0.0091 -0.0194072 0.00451913 -0.0133 -0.0192822 0.00443065 -0.0133 -0.0194078 0.00451948 -0.0091 -0.0195278 0.00461604 -0.0091 -0.0196412 0.0047194 -0.0133 -0.0195275 0.00461578 -0.0091 -0.0197483 0.00482985 -0.0133 -0.0196417 0.00471987 -0.0133 -0.0197486 0.0048301 -0.0091 -0.019849 0.00494721 -0.0091 -0.0199414 0.00506961 -0.0133 -0.0198489 0.00494715 -0.0091 -0.0200265 0.00519801 -0.0133 -0.0199418 0.00507015 -0.0133 -0.0200266 0.00519803 -0.0091 -0.0201038 0.00533165 -0.0091 -0.0201722 0.00546903 -0.0133 -0.0201038 0.00533183 -0.0091 -0.0202324 0.00561108 -0.0133 -0.0201725 0.00546955 -0.0133 -0.0202324 0.00561094 -0.0091 -0.0202836 0.00575636 -0.0091 -0.0203257 0.00590409 -0.0133 -0.0202837 0.00575672 -0.0091 -0.0203588 0.00605501 -0.0133 -0.0203258 0.00590448 -0.0133 -0.0203588 0.00605496 -0.0091 -0.0203824 0.0062069 -0.0091 -0.0203966 0.00635998 -0.0133 -0.0203824 0.00620733 -0.0091 -0.0204014 0.00651468 -0.0133 -0.0203967 0.00636014 -0.0133 -0.0204014 0.0065145 -0.0091 -0.0203966 0.00666908 -0.0091 -0.0203825 0.00682203 -0.0133 -0.0203967 0.00666834 -0.0091 -0.020359 0.00697353 -0.0133 -0.0203826 0.00682115 -0.0133 -0.0203588 0.00697394 -0.0091 -0.0203261 0.00712357 -0.0091 -0.0202839 0.00727217 -0.0133 -0.020326 0.00712407 -0.0091 -0.020233 0.00741684 -0.0133 -0.0202839 0.00727216 -0.0133 -0.0202326 0.00741765 -0.0091 -0.020173 0.00755865 -0.0091 -0.0201044 0.00769658 -0.0133 -0.0201728 0.00755903 -0.0091 -0.0200276 0.00782962 -0.0133 -0.0201046 0.00769629 -0.0133 -0.0200277 0.00782943 0.00351744 -0.0115876 0.014565 0.00350437 -0.0114949 0.013015 0.00351838 -0.0115926 0.013015 0.00469443 -0.0123826 0.0130149 0.00478927 -0.0123589 0.0130149 0.00478177 -0.0123613 0.0145649 0.00350396 -0.0114906 0.014565 0.00350003 -0.0113968 0.013015 0.00350538 -0.0112983 0.013015 0.00350005 -0.0113925 0.014565 0.0035058 -0.0112944 0.014565 0.00352037 -0.011201 0.013015 0.00352106 -0.0111977 0.014565 0.00354482 -0.0111057 0.013015 0.00357862 -0.0110131 0.013015 0.00354585 -0.0111025 0.014565 0.0035797 -0.0110106 0.014565 0.00362115 -0.0109246 0.013015 0.00362254 -0.0109222 0.014565 0.00367248 -0.0108403 0.013015 0.00373149 -0.0107619 0.013015 0.0036738 -0.0108385 0.014565 0.00373289 -0.0107603 0.014565 0.0037983 -0.0106893 0.013015 0.0037996 -0.0106881 0.014565 0.00387169 -0.0106238 0.013015 0.00395121 -0.0105658 0.013015 0.00387273 -0.010623 0.014565 0.00395225 -0.0105652 0.014565 0.00403616 -0.0105158 0.013015 0.00403689 -0.0105155 0.014565 0.00412531 -0.0104746 0.013015 0.00421788 -0.0104424 0.013015 0.0041259 -0.0104744 0.014565 0.00431387 -0.0104193 0.014565 0.00421823 -0.0104423 0.014565 0.00431387 -0.0104192 0.013015 0.00354043 -0.0116833 0.014565 0.00354185 -0.0116879 0.013015 0.00357258 -0.0117758 0.014565 0.00357467 -0.0117809 0.013015 0.00361373 -0.0118649 0.014565 0.00366342 -0.0119496 0.0145649 0.0036164 -0.0118699 0.013015 0.00366671 -0.0119545 0.0130149 0.00372107 -0.0120289 0.0145649 0.00372517 -0.0120339 0.0130149 0.00378643 -0.0121024 0.0145649 0.00385837 -0.0121688 0.0145649 0.00379096 -0.0121069 0.0130149 0.00386394 -0.0121734 0.0130149 0.00393672 -0.0122281 0.0145649 0.00394265 -0.012232 0.0130149 0.00402042 -0.0122793 0.0145649 0.00410866 -0.012322 0.0145649 0.00402714 -0.0122829 0.0130149 0.00411593 -0.012325 0.0130149 0.00420097 -0.012356 0.0145649 0.00420862 -0.0123583 0.0130149 0.00429569 -0.0123807 0.0145649 0.00439274 -0.012396 0.0145649 0.00430413 -0.0123823 0.0130149 0.00440138 -0.0123968 0.0130149 0.00449066 -0.0124017 0.0145649 0.0045 -0.0124017 0.0130149 0.00458867 -0.0123978 0.0145649 0.00468613 -0.0123843 0.0145649 0.00459801 -0.0123969 0.0130149 0.00496311 -0.0122881 0.0145649 0.0048741 -0.0123292 0.0145649 0.00488147 -0.0123261 0.0130149 0.0052004 -0.0121155 0.0145649 0.00512727 -0.0121806 0.0145649 0.00513287 -0.012176 0.0130149 0.00504775 -0.0122384 0.0145649 0.00497014 -0.0122843 0.0130149 0.00505398 -0.0122342 0.0130149 0.0053262 -0.0119651 0.0145649 0.00532988 -0.0119596 0.0130149 0.00537746 -0.0118814 0.014565 0.00520538 -0.0121105 0.0130149 0.00527134 -0.0120381 0.0130149 0.00526711 -0.0120433 0.0145649 0.00545581 -0.0116956 0.013015 0.00547894 -0.0116059 0.014565 0.00545415 -0.0117011 0.014565 0.00542262 -0.0117874 0.013015 0.0054203 -0.011793 0.014565 0.00538038 -0.011876 0.013015 0.00549604 -0.011313 0.014565 0.00549995 -0.0114111 0.014565 0.00549998 -0.0114063 0.013015 0.0054942 -0.0115092 0.014565 0.00548001 -0.0116007 0.013015 0.00549474 -0.011504 0.013015 0.00545957 -0.0111203 0.014565 0.00545844 -0.0111165 0.013015 0.00542742 -0.0110278 0.014565 0.00549562 -0.0113083 0.013015 0.00548175 -0.0112117 0.013015 0.00548256 -0.011216 0.014565 0.00533477 -0.0108512 0.013015 0.00527893 -0.0107747 0.014565 0.00533658 -0.010854 0.014565 0.00538467 -0.0109355 0.013015 0.00538627 -0.0109386 0.014565 0.00542599 -0.0110242 0.013015 0.00506328 -0.0105755 0.014565 0.00514163 -0.0106348 0.014565 0.00513976 -0.0106332 0.013015 0.00521357 -0.0107012 0.014565 0.00527708 -0.0107724 0.013015 0.00521171 -0.0106993 0.013015 0.0049779 -0.0105233 0.013015 0.00497958 -0.0105243 0.014565 0.00506153 -0.0105743 0.013015 0.00488987 -0.0104809 0.013015 0.00489134 -0.0104816 0.014565 0.00479903 -0.0104476 0.014565 0.00479777 -0.0104471 0.013015 0.00470326 -0.0104226 0.013015 0.00470431 -0.0104229 0.014565 0.00460647 -0.0104074 0.013015 0.00460726 -0.0104076 0.014565 0.00450934 -0.0104019 0.014565 0.0045088 -0.0104018 0.013015 0.00441107 -0.0104057 0.013015 0.00441133 -0.0104057 0.014565 0.00431387 -0.0104193 0.014565 0.00437898 -0.0105145 0.014955 0.00441133 -0.0104057 0.014565 0.00421823 -0.0104423 0.014565 0.00428846 -0.0105317 0.014955 0.00420015 -0.010558 0.014955 0.0041259 -0.0104744 0.014565 0.00403689 -0.0105155 0.014565 0.00411476 -0.0105934 0.014955 0.00395225 -0.0105652 0.014565 0.00403392 -0.0106372 0.014955 0.00395766 -0.0106892 0.014955 0.00387273 -0.010623 0.014565 0.0037996 -0.0106881 0.014565 0.0038873 -0.0107488 0.014955 0.00373289 -0.0107603 0.014565 0.00382344 -0.0108152 0.014955 0.00376657 -0.010888 0.014955 0.0036738 -0.0108385 0.014565 0.00362254 -0.0109222 0.014565 0.00371776 -0.0109659 0.014955 0.0035797 -0.0110106 0.014565 0.00367704 -0.0110488 0.014955 0.00354585 -0.0111025 0.014565 0.0036451 -0.0111353 0.014955 0.00362225 -0.0112245 0.014955 0.00352106 -0.0111977 0.014565 0.0035058 -0.0112944 0.014565 0.00360863 -0.0113159 0.014955 0.00350005 -0.0113925 0.014565 0.00360454 -0.0114078 0.014955 0.00360989 -0.0114999 0.014955 0.00350396 -0.0114906 0.014565 0.00351744 -0.0115876 0.014565 0.00362472 -0.011591 0.014955 0.00354043 -0.0116833 0.014565 0.00364876 -0.0116798 0.014955 0.00368192 -0.011766 0.014955 0.00357258 -0.0117758 0.014565 0.00361373 -0.0118649 0.014565 0.00372364 -0.0118481 0.014955 0.00366342 -0.0119496 0.0145649 0.00377365 -0.0119256 0.014955 0.00383144 -0.0119976 0.0149549 0.00372107 -0.0120289 0.0145649 0.00378643 -0.0121024 0.0145649 0.00389611 -0.012063 0.0149549 0.00385837 -0.0121688 0.0145649 0.00396742 -0.0121217 0.0149549 0.00404417 -0.0121726 0.0149549 0.00393672 -0.0122281 0.0145649 0.00402042 -0.0122793 0.0145649 0.00412584 -0.0122154 0.0149549 0.00410866 -0.012322 0.0145649 0.00421164 -0.0122496 0.0149549 0.00430012 -0.0122747 0.0149549 0.00420097 -0.012356 0.0145649 0.00429569 -0.0123807 0.0145649 0.00439108 -0.0122907 0.0149549 0.00439274 -0.012396 0.0145649 0.00448296 -0.0122971 0.0149549 0.00457508 -0.0122941 0.0149549 0.00449066 -0.0124017 0.0145649 0.00468613 -0.0123843 0.0145649 0.00458867 -0.0123978 0.0145649 0.00466668 -0.0122817 0.0149549 0.00447099 -0.0105068 0.014955 0.00456292 -0.0105085 0.014955 0.00450934 -0.0104019 0.014565 0.00465464 -0.0105198 0.014955 0.00460726 -0.0104076 0.014565 0.00470431 -0.0104229 0.014565 0.0047445 -0.0105404 0.014955 0.00483168 -0.01057 0.014955 0.00479903 -0.0104476 0.014565 0.00491559 -0.0106086 0.014955 0.00489134 -0.0104816 0.014565 0.00497958 -0.0105243 0.014565 0.00499477 -0.0106554 0.014955 0.00506901 -0.0107103 0.014955 0.00506328 -0.0105755 0.014565 0.0051371 -0.0107725 0.014955 0.00514163 -0.0106348 0.014565 0.00521357 -0.0107012 0.014565 0.00519835 -0.0108413 0.014955 0.00533658 -0.010854 0.014565 0.00527893 -0.0107747 0.014565 0.00525237 -0.0109162 0.014955 0.00538627 -0.0109386 0.014565 0.00542742 -0.0110278 0.014565 0.00529824 -0.010996 0.014955 0.00533578 -0.0110803 0.014955 0.00545957 -0.0111203 0.014565 0.00536441 -0.011168 0.014955 0.00548256 -0.011216 0.014565 0.00549604 -0.011313 0.014565 0.00538386 -0.0112579 0.014955 0.00539397 -0.0113498 0.014955 0.00549995 -0.0114111 0.014565 0.00539459 -0.0114418 0.014955 0.0054942 -0.0115092 0.014565 0.00547894 -0.0116059 0.014565 0.00538574 -0.0115336 0.014955 0.00536745 -0.0116241 0.014955 0.00545415 -0.0117011 0.014565 0.0053401 -0.0117119 0.014955 0.0054203 -0.011793 0.014565 0.00537746 -0.0118814 0.014565 0.00530365 -0.0117968 0.014955 0.00525882 -0.0118773 0.014955 0.0053262 -0.0119651 0.0145649 0.00520592 -0.0119528 0.0149549 0.00526711 -0.0120433 0.0145649 0.0052004 -0.0121155 0.0145649 0.00514544 -0.0120225 0.0149549 0.00507841 -0.0120855 0.0149549 0.00512727 -0.0121806 0.0145649 0.00500485 -0.0121414 0.0149549 0.00504775 -0.0122384 0.0145649 0.00496311 -0.0122881 0.0145649 0.00492618 -0.0121894 0.0149549 0.00484299 -0.012229 0.0149549 0.0048741 -0.0123292 0.0145649 0.00475649 -0.0122598 0.0149549 0.00478177 -0.0123613 0.0145649 0.0049847 -0.0119785 0.0150357 0.00514544 -0.0120225 0.0149549 0.00520592 -0.0119528 0.0149549 0.00465715 -0.0115092 0.0152041 0.00460694 -0.0112441 0.0152041 0.00434274 -0.0112942 0.0152041 0.00516846 -0.0114123 0.0150755 0.00491792 -0.0114598 0.0151609 0.00520129 -0.0116771 0.0150356 0.00530365 -0.0117968 0.014955 0.0053401 -0.0117119 0.014955 0.00450034 -0.0120702 0.0150755 0.00466668 -0.0122817 0.0149549 0.00474411 -0.012024 0.0150756 0.00525882 -0.0118773 0.014955 0.00439108 -0.0122907 0.0149549 0.00425974 -0.0121158 0.0150356 0.00495726 -0.0117233 0.0151188 0.00507841 -0.0120855 0.0149549 0.00511825 -0.0111472 0.0150755 0.00486771 -0.0111947 0.0151609 0.0042558 -0.0107793 0.0150755 0.00401523 -0.0108249 0.0150356 0.00429662 -0.0110319 0.0151608 0.00529824 -0.010996 0.014955 0.00525237 -0.0109162 0.014955 0.00449955 -0.0107331 0.0150755 0.00428846 -0.0105317 0.014955 0.00404265 -0.01108 0.0151187 0.00408197 -0.0113436 0.0151608 0.00465464 -0.0105198 0.014955 0.00456292 -0.0105085 0.014955 0.00474012 -0.0106875 0.0150356 0.00480792 -0.0109351 0.0151187 0.0047445 -0.0105404 0.014955 0.00483168 -0.01057 0.014955 0.00455395 -0.0109832 0.0151608 0.00388164 -0.0116561 0.0150755 0.00413218 -0.0116086 0.0151608 0.00383144 -0.011391 0.0150755 0.00439294 -0.0115592 0.0152041 0.00411476 -0.0105934 0.014955 0.00505193 -0.0108888 0.0150356 0.0038873 -0.0107488 0.014955 0.00382344 -0.0108152 0.014955 0.00362472 -0.011591 0.014955 0.00360989 -0.0114999 0.014955 0.00362225 -0.0112245 0.014955 0.00379864 -0.0111262 0.0150356 0.0036451 -0.0111353 0.014955 0.00360454 -0.0114078 0.014955 0.00360863 -0.0113159 0.014955 0.00367704 -0.0110488 0.014955 0.00500485 -0.0121414 0.0149549 0.00368192 -0.011766 0.014955 0.00364876 -0.0116798 0.014955 0.00394793 -0.0119145 0.0150356 0.00377365 -0.0119256 0.014955 0.00383144 -0.0119976 0.0149549 0.00372364 -0.0118481 0.014955 0.00396742 -0.0121217 0.0149549 0.00389611 -0.012063 0.0149549 0.00421164 -0.0122496 0.0149549 0.00430012 -0.0122747 0.0149549 0.00404417 -0.0121726 0.0149549 0.00448296 -0.0122971 0.0149549 0.00484299 -0.012229 0.0149549 0.00492618 -0.0121894 0.0149549 0.00412584 -0.0122154 0.0149549 0.00457508 -0.0122941 0.0149549 0.00475649 -0.0122598 0.0149549 0.00419195 -0.0118683 0.0151188 0.00376657 -0.010888 0.014955 0.00371776 -0.0109659 0.014955 0.00538386 -0.0112579 0.014955 0.00536441 -0.011168 0.014955 0.00444594 -0.0118202 0.0151609 0.00437898 -0.0105145 0.014955 0.00403392 -0.0106372 0.014955 0.00395766 -0.0106892 0.014955 0.00538574 -0.0115336 0.014955 0.00470327 -0.0117714 0.0151609 0.00506901 -0.0107103 0.014955 0.00499477 -0.0106554 0.014955 0.00447099 -0.0105068 0.014955 0.00420015 -0.010558 0.014955 0.00539459 -0.0114418 0.014955 0.00519835 -0.0108413 0.014955 0.00491559 -0.0106086 0.014955 0.00533578 -0.0110803 0.014955 0.0051371 -0.0107725 0.014955 0.00536745 -0.0116241 0.014955 0.00539397 -0.0113498 0.014955 -0.00548256 -0.0115876 0.014565 -0.00549563 -0.0114949 0.013015 -0.00548162 -0.0115926 0.013015 -0.00430557 -0.0123826 0.0130149 -0.00421073 -0.0123589 0.0130149 -0.00421823 -0.0123613 0.0145649 -0.00549604 -0.0114906 0.014565 -0.00549997 -0.0113968 0.013015 -0.00549462 -0.0112983 0.013015 -0.00549995 -0.0113925 0.014565 -0.0054942 -0.0112944 0.014565 -0.00547963 -0.011201 0.013015 -0.00547894 -0.0111977 0.014565 -0.00545518 -0.0111057 0.013015 -0.00542138 -0.0110131 0.013015 -0.00545415 -0.0111025 0.014565 -0.0054203 -0.0110106 0.014565 -0.00537885 -0.0109246 0.013015 -0.00537746 -0.0109222 0.014565 -0.00532752 -0.0108403 0.013015 -0.00526851 -0.0107619 0.013015 -0.0053262 -0.0108385 0.014565 -0.00526711 -0.0107603 0.014565 -0.0052017 -0.0106893 0.013015 -0.0052004 -0.0106881 0.014565 -0.0051283 -0.0106238 0.013015 -0.00504879 -0.0105658 0.013015 -0.00512727 -0.010623 0.014565 -0.00504775 -0.0105652 0.014565 -0.00496384 -0.0105158 0.013015 -0.00496311 -0.0105155 0.014565 -0.00487469 -0.0104746 0.013015 -0.00478212 -0.0104424 0.013015 -0.0048741 -0.0104744 0.014565 -0.00468613 -0.0104193 0.014565 -0.00478177 -0.0104423 0.014565 -0.00468613 -0.0104192 0.013015 -0.00545957 -0.0116833 0.014565 -0.00545815 -0.0116879 0.013015 -0.00542742 -0.0117758 0.014565 -0.00542533 -0.0117809 0.013015 -0.00538627 -0.0118649 0.014565 -0.00533658 -0.0119496 0.0145649 -0.0053836 -0.0118699 0.013015 -0.00533329 -0.0119545 0.0130149 -0.00527893 -0.0120289 0.0145649 -0.00527483 -0.0120339 0.0130149 -0.00521357 -0.0121024 0.0145649 -0.00514163 -0.0121688 0.0145649 -0.00520904 -0.0121069 0.0130149 -0.00513606 -0.0121734 0.0130149 -0.00506328 -0.0122281 0.0145649 -0.00505735 -0.012232 0.0130149 -0.00497958 -0.0122793 0.0145649 -0.00489134 -0.012322 0.0145649 -0.00497286 -0.0122829 0.0130149 -0.00488407 -0.012325 0.0130149 -0.00479903 -0.012356 0.0145649 -0.00479138 -0.0123583 0.0130149 -0.00470431 -0.0123807 0.0145649 -0.00460726 -0.012396 0.0145649 -0.00469587 -0.0123823 0.0130149 -0.00459862 -0.0123968 0.0130149 -0.00450934 -0.0124017 0.0145649 -0.0045 -0.0124017 0.0130149 -0.00441133 -0.0123978 0.0145649 -0.00431387 -0.0123843 0.0145649 -0.00440199 -0.0123969 0.0130149 -0.00403689 -0.0122881 0.0145649 -0.0041259 -0.0123292 0.0145649 -0.00411853 -0.0123261 0.0130149 -0.0037996 -0.0121155 0.0145649 -0.00387273 -0.0121806 0.0145649 -0.00386713 -0.012176 0.0130149 -0.00395225 -0.0122384 0.0145649 -0.00402986 -0.0122843 0.0130149 -0.00394602 -0.0122342 0.0130149 -0.0036738 -0.0119651 0.0145649 -0.00367012 -0.0119596 0.0130149 -0.00362254 -0.0118814 0.014565 -0.00379462 -0.0121105 0.0130149 -0.00372866 -0.0120381 0.0130149 -0.00373289 -0.0120433 0.0145649 -0.00354419 -0.0116956 0.013015 -0.00352106 -0.0116059 0.014565 -0.00354585 -0.0117011 0.014565 -0.00357738 -0.0117874 0.013015 -0.0035797 -0.011793 0.014565 -0.00361962 -0.011876 0.013015 -0.00350396 -0.011313 0.014565 -0.00350005 -0.0114111 0.014565 -0.00350002 -0.0114063 0.013015 -0.0035058 -0.0115092 0.014565 -0.00351999 -0.0116007 0.013015 -0.00350526 -0.011504 0.013015 -0.00354043 -0.0111203 0.014565 -0.00354156 -0.0111165 0.013015 -0.00357258 -0.0110278 0.014565 -0.00350438 -0.0113083 0.013015 -0.00351825 -0.0112117 0.013015 -0.00351744 -0.011216 0.014565 -0.00366523 -0.0108512 0.013015 -0.00372107 -0.0107747 0.014565 -0.00366342 -0.010854 0.014565 -0.00361533 -0.0109355 0.013015 -0.00361373 -0.0109386 0.014565 -0.00357401 -0.0110242 0.013015 -0.00393672 -0.0105755 0.014565 -0.00385837 -0.0106348 0.014565 -0.00386024 -0.0106332 0.013015 -0.00378643 -0.0107012 0.014565 -0.00372292 -0.0107724 0.013015 -0.00378829 -0.0106993 0.013015 -0.0040221 -0.0105233 0.013015 -0.00402042 -0.0105243 0.014565 -0.00393847 -0.0105743 0.013015 -0.00411013 -0.0104809 0.013015 -0.00410866 -0.0104816 0.014565 -0.00420097 -0.0104476 0.014565 -0.00420223 -0.0104471 0.013015 -0.00429674 -0.0104226 0.013015 -0.00429569 -0.0104229 0.014565 -0.00439353 -0.0104074 0.013015 -0.00439274 -0.0104076 0.014565 -0.00449066 -0.0104019 0.014565 -0.0044912 -0.0104018 0.013015 -0.00458893 -0.0104057 0.013015 -0.00458867 -0.0104057 0.014565 -0.00468613 -0.0104193 0.014565 -0.00462102 -0.0105145 0.014955 -0.00458867 -0.0104057 0.014565 -0.00478177 -0.0104423 0.014565 -0.00471154 -0.0105317 0.014955 -0.00479985 -0.010558 0.014955 -0.0048741 -0.0104744 0.014565 -0.00496311 -0.0105155 0.014565 -0.00488524 -0.0105934 0.014955 -0.00504775 -0.0105652 0.014565 -0.00496608 -0.0106372 0.014955 -0.00504234 -0.0106892 0.014955 -0.00512727 -0.010623 0.014565 -0.0052004 -0.0106881 0.014565 -0.0051127 -0.0107488 0.014955 -0.00526711 -0.0107603 0.014565 -0.00517656 -0.0108152 0.014955 -0.00523343 -0.010888 0.014955 -0.0053262 -0.0108385 0.014565 -0.00537746 -0.0109222 0.014565 -0.00528224 -0.0109659 0.014955 -0.0054203 -0.0110106 0.014565 -0.00532296 -0.0110488 0.014955 -0.00545415 -0.0111025 0.014565 -0.0053549 -0.0111353 0.014955 -0.00537775 -0.0112245 0.014955 -0.00547894 -0.0111977 0.014565 -0.0054942 -0.0112944 0.014565 -0.00539137 -0.0113159 0.014955 -0.00549995 -0.0113925 0.014565 -0.00539546 -0.0114078 0.014955 -0.00539011 -0.0114999 0.014955 -0.00549604 -0.0114906 0.014565 -0.00548256 -0.0115876 0.014565 -0.00537528 -0.011591 0.014955 -0.00545957 -0.0116833 0.014565 -0.00535124 -0.0116798 0.014955 -0.00531808 -0.011766 0.014955 -0.00542742 -0.0117758 0.014565 -0.00538627 -0.0118649 0.014565 -0.00527636 -0.0118481 0.014955 -0.00533658 -0.0119496 0.0145649 -0.00522635 -0.0119256 0.014955 -0.00516856 -0.0119976 0.0149549 -0.00527893 -0.0120289 0.0145649 -0.00521357 -0.0121024 0.0145649 -0.00510389 -0.012063 0.0149549 -0.00514163 -0.0121688 0.0145649 -0.00503258 -0.0121217 0.0149549 -0.00495583 -0.0121726 0.0149549 -0.00506328 -0.0122281 0.0145649 -0.00497958 -0.0122793 0.0145649 -0.00487416 -0.0122154 0.0149549 -0.00489134 -0.012322 0.0145649 -0.00478836 -0.0122496 0.0149549 -0.00469988 -0.0122747 0.0149549 -0.00479903 -0.012356 0.0145649 -0.00470431 -0.0123807 0.0145649 -0.00460892 -0.0122907 0.0149549 -0.00460726 -0.012396 0.0145649 -0.00451704 -0.0122971 0.0149549 -0.00442492 -0.0122941 0.0149549 -0.00450934 -0.0124017 0.0145649 -0.00431387 -0.0123843 0.0145649 -0.00441133 -0.0123978 0.0145649 -0.00433332 -0.0122817 0.0149549 -0.00452901 -0.0105068 0.014955 -0.00443708 -0.0105085 0.014955 -0.00449066 -0.0104019 0.014565 -0.00434536 -0.0105198 0.014955 -0.00439274 -0.0104076 0.014565 -0.00429569 -0.0104229 0.014565 -0.0042555 -0.0105404 0.014955 -0.00416832 -0.01057 0.014955 -0.00420097 -0.0104476 0.014565 -0.00408441 -0.0106086 0.014955 -0.00410866 -0.0104816 0.014565 -0.00402042 -0.0105243 0.014565 -0.00400523 -0.0106554 0.014955 -0.00393099 -0.0107103 0.014955 -0.00393672 -0.0105755 0.014565 -0.0038629 -0.0107725 0.014955 -0.00385837 -0.0106348 0.014565 -0.00378643 -0.0107012 0.014565 -0.00380165 -0.0108413 0.014955 -0.00366342 -0.010854 0.014565 -0.00372107 -0.0107747 0.014565 -0.00374763 -0.0109162 0.014955 -0.00361373 -0.0109386 0.014565 -0.00357258 -0.0110278 0.014565 -0.00370176 -0.010996 0.014955 -0.00366422 -0.0110803 0.014955 -0.00354043 -0.0111203 0.014565 -0.00363559 -0.011168 0.014955 -0.00351744 -0.011216 0.014565 -0.00350396 -0.011313 0.014565 -0.00361614 -0.0112579 0.014955 -0.00360603 -0.0113498 0.014955 -0.00350005 -0.0114111 0.014565 -0.00360541 -0.0114418 0.014955 -0.0035058 -0.0115092 0.014565 -0.00352106 -0.0116059 0.014565 -0.00361426 -0.0115336 0.014955 -0.00363255 -0.0116241 0.014955 -0.00354585 -0.0117011 0.014565 -0.0036599 -0.0117119 0.014955 -0.0035797 -0.011793 0.014565 -0.00362254 -0.0118814 0.014565 -0.00369635 -0.0117968 0.014955 -0.00374118 -0.0118773 0.014955 -0.0036738 -0.0119651 0.0145649 -0.00379408 -0.0119528 0.0149549 -0.00373289 -0.0120433 0.0145649 -0.0037996 -0.0121155 0.0145649 -0.00385456 -0.0120225 0.0149549 -0.00392159 -0.0120855 0.0149549 -0.00387273 -0.0121806 0.0145649 -0.00399515 -0.0121414 0.0149549 -0.00395225 -0.0122384 0.0145649 -0.00403689 -0.0122881 0.0145649 -0.00407382 -0.0121894 0.0149549 -0.00415701 -0.012229 0.0149549 -0.0041259 -0.0123292 0.0145649 -0.00424351 -0.0122598 0.0149549 -0.00421823 -0.0123613 0.0145649 -0.0040153 -0.0119785 0.0150357 -0.00385456 -0.0120225 0.0149549 -0.00379408 -0.0119528 0.0149549 -0.00434285 -0.0115092 0.0152041 -0.00439306 -0.0112441 0.0152041 -0.00465726 -0.0112942 0.0152041 -0.00383153 -0.0114123 0.0150755 -0.00408208 -0.0114598 0.0151609 -0.00379871 -0.0116771 0.0150356 -0.00369635 -0.0117968 0.014955 -0.0036599 -0.0117119 0.014955 -0.00449966 -0.0120702 0.0150755 -0.00433332 -0.0122817 0.0149549 -0.0042559 -0.012024 0.0150756 -0.00374118 -0.0118773 0.014955 -0.00460892 -0.0122907 0.0149549 -0.00474026 -0.0121158 0.0150356 -0.00404274 -0.0117233 0.0151188 -0.00392159 -0.0120855 0.0149549 -0.00388176 -0.0111472 0.0150755 -0.00413229 -0.0111947 0.0151609 -0.0047442 -0.0107793 0.0150755 -0.00498477 -0.0108249 0.0150356 -0.00470338 -0.0110319 0.0151608 -0.00370176 -0.010996 0.014955 -0.00374763 -0.0109162 0.014955 -0.00450045 -0.0107331 0.0150755 -0.00471154 -0.0105317 0.014955 -0.00495735 -0.01108 0.0151187 -0.00491803 -0.0113436 0.0151608 -0.00434536 -0.0105198 0.014955 -0.00443708 -0.0105085 0.014955 -0.00425988 -0.0106875 0.0150356 -0.00419208 -0.0109351 0.0151187 -0.0042555 -0.0105404 0.014955 -0.00416832 -0.01057 0.014955 -0.00444605 -0.0109832 0.0151608 -0.00511836 -0.0116561 0.0150755 -0.00486782 -0.0116086 0.0151608 -0.00516856 -0.011391 0.0150755 -0.00460706 -0.0115592 0.0152041 -0.00488524 -0.0105934 0.014955 -0.00394807 -0.0108888 0.0150356 -0.0051127 -0.0107488 0.014955 -0.00517656 -0.0108152 0.014955 -0.00537528 -0.011591 0.014955 -0.00539011 -0.0114999 0.014955 -0.00537775 -0.0112245 0.014955 -0.00520136 -0.0111262 0.0150356 -0.0053549 -0.0111353 0.014955 -0.00539546 -0.0114078 0.014955 -0.00539137 -0.0113159 0.014955 -0.00532296 -0.0110488 0.014955 -0.00399515 -0.0121414 0.0149549 -0.00531808 -0.011766 0.014955 -0.00535124 -0.0116798 0.014955 -0.00505207 -0.0119145 0.0150356 -0.00522635 -0.0119256 0.014955 -0.00516856 -0.0119976 0.0149549 -0.00527636 -0.0118481 0.014955 -0.00503258 -0.0121217 0.0149549 -0.00510389 -0.012063 0.0149549 -0.00478836 -0.0122496 0.0149549 -0.00469988 -0.0122747 0.0149549 -0.00495583 -0.0121726 0.0149549 -0.00451704 -0.0122971 0.0149549 -0.00415701 -0.012229 0.0149549 -0.00407382 -0.0121894 0.0149549 -0.00487416 -0.0122154 0.0149549 -0.00442492 -0.0122941 0.0149549 -0.00424351 -0.0122598 0.0149549 -0.00480805 -0.0118683 0.0151188 -0.00523343 -0.010888 0.014955 -0.00528224 -0.0109659 0.014955 -0.00361614 -0.0112579 0.014955 -0.00363559 -0.011168 0.014955 -0.00455406 -0.0118202 0.0151609 -0.00462102 -0.0105145 0.014955 -0.00496608 -0.0106372 0.014955 -0.00504234 -0.0106892 0.014955 -0.00361426 -0.0115336 0.014955 -0.00429673 -0.0117714 0.0151609 -0.00393099 -0.0107103 0.014955 -0.00400523 -0.0106554 0.014955 -0.00452901 -0.0105068 0.014955 -0.00479985 -0.010558 0.014955 -0.00360541 -0.0114418 0.014955 -0.00380165 -0.0108413 0.014955 -0.00408441 -0.0106086 0.014955 -0.00366422 -0.0110803 0.014955 -0.0038629 -0.0107725 0.014955 -0.00363255 -0.0116241 0.014955 -0.00360603 -0.0113498 0.014955</float_array>
          <technique_common>
            <accessor count="9323" source="#ID5" stride="3">
              <param name="X" type="float"/>
              <param name="Y" type="float"/>
              <param name="Z" type="float"/>
            </accessor>
          </technique_common>
        </source>
        <source id="ID6">
          <float_array count="27969" id="ID7">-1 -0 -6.12323e-17 -1 -0 -6.12323e-17 -1 -0 -6.12323e-17 -1 -0 -6.12323e-17 -1 -0 -6.12323e-17 -1 -0 -6.12323e-17 -1 -0 -6.12323e-17 -1 -0 -6.12323e-17 -1 -0 -6.12323e-17 -1 -0 -6.12323e-17 -1 -0 -6.12323e-17 -1 -0 -6.12323e-17 -1 -0 -6.12323e-17 -1 -0 -6.12323e-17 -1 -0 -6.12323e-17 -1 -0 -6.12323e-17 -1 -0 -6.12323e-17 -1 -0 -6.12323e-17 -1 -0 -6.12323e-17 -1 -0 -6.12323e-17 -1 -0 -6.12323e-17 -1 -0 -6.12323e-17 -1 -0 -6.12323e-17 -1 -0 -6.12323e-17 -1 -0 -6.12323e-17 -1 -0 -6.12323e-17 -1 -0 -6.12323e-17 -1 -0 -6.12323e-17 -1 -0 -6.12323e-17 -1 -0 -6.12323e-17 -1 -0 -6.12323e-17 -1 -0 -6.12323e-17 -1 -0 -6.12323e-17 -1 -0 -6.12323e-17 -1 -0 -6.12323e-17 -1 -0 -6.12323e-17 -1 -0 -6.12323e-17 -1 -0 -6.12323e-17 -1 -0 -6.12323e-17 -1 -0 -6.12323e-17 -1 -0 -6.12323e-17 -1 -0 -6.12323e-17 -1 -0 -6.12323e-17 -1 -0 -6.12323e-17 -1 -0 -6.12323e-17 -1 -0 -6.12323e-17 -1 -0 -6.12323e-17 -1 -0 -6.12323e-17 -1 -0 -6.12323e-17 -1 -0 -6.12323e-17 -1 -0 -6.12323e-17 -1 -0 -6.12323e-17 -1 -0 -6.12323e-17 -1 -0 -6.12323e-17 -1 -0 -6.12323e-17 -1 -0 -6.12323e-17 -1 -0 -6.12323e-17 -1 -0 -6.12323e-17 -1 -0 -6.12323e-17 -1 -0 -6.12323e-17 -1 -0 -6.12323e-17 -1 -0 -6.12323e-17 -1 -0 -6.12323e-17 -1 -0 -6.12323e-17 -1 -0 -6.12323e-17 -1 -0 -6.12323e-17 -1 -0 -6.12323e-17 -1 -0 -6.12323e-17 -1 -0 -6.12323e-17 -1 -0 -6.12323e-17 -1 -0 -6.12323e-17 -1 -0 -6.12323e-17 -1 -0 -6.12323e-17 -1 -0 -6.12323e-17 -1 -0 -6.12323e-17 -1 -0 -6.12323e-17 -1 -0 -6.12323e-17 -1 -0 -6.12323e-17 -1 -0 -6.12323e-17 -1 -0 -6.12323e-17 -1 -0 -6.12323e-17 -1 -0 -6.12323e-17 -1 -0 -6.12323e-17 -1 -0 -6.12323e-17 -1 -0 -6.12323e-17 -1 -0 -6.12323e-17 -1 -0 -6.12323e-17 -1 -0 -6.12323e-17 -1 -0 -6.12323e-17 -1 -0 -6.12323e-17 -1 -0 -6.12323e-17 -1 -0 -6.12323e-17 -1 -0 -6.12323e-17 -1 -0 -6.12323e-17 -1 -0 -6.12323e-17 -1 -0 -6.12323e-17 -1 -0 -6.12323e-17 -1 -0 -6.12323e-17 -1 0 1.41063e-18 -1 0 1.41063e-18 -1 0 1.41063e-18 -1 0 1.41063e-18 -1 0 1.41063e-18 -1 0 1.41063e-18 -1 0 1.41063e-18 -1 0 1.41063e-18 -1 0 1.41063e-18 -1 0 1.41063e-18 -1 0 1.41063e-18 -1 0 1.41063e-18 -1 0 1.41063e-18 -1 0 1.41063e-18 -1 0 1.41063e-18 -1 0 1.41063e-18 -1 0 1.41063e-18 -1 0 1.41063e-18 -1 0 1.41063e-18 -1 0 1.41063e-18 -1 0 1.41063e-18 -1 0 1.41063e-18 -1 0 1.41063e-18 -1 0 1.41063e-18 -1 0 1.41063e-18 -1 0 1.41063e-18 -1 0 1.41063e-18 -1 0 1.41063e-18 -1 0 1.41063e-18 -1 0 1.41063e-18 -1 0 1.41063e-18 -1 0 1.41063e-18 -1 0 1.41063e-18 -1 0 1.41063e-18 -1 0 1.41063e-18 -1 0 1.41063e-18 -1 0 1.41063e-18 -1 0 1.41063e-18 -1 0 1.41063e-18 -1 0 1.41063e-18 -1 0 1.41063e-18 -1 0 1.41063e-18 -1 0 1.41063e-18 -1 0 1.41063e-18 -1 0 1.41063e-18 -1 0 1.41063e-18 -1 0 1.41063e-18 -1 0 1.41063e-18 -1 0 1.41063e-18 -1 0 1.41063e-18 -1 0 1.41063e-18 -1 0 1.41063e-18 -1 0 1.41063e-18 -1 0 1.41063e-18 -1 0 1.41063e-18 -1 0 1.41063e-18 -1 0 1.41063e-18 -1 0 1.41063e-18 -1 0 1.41063e-18 -1 0 1.41063e-18 -1 0 1.41063e-18 -1 0 1.41063e-18 -1 0 1.41063e-18 -1 0 1.41063e-18 -1 0 1.41063e-18 -1 0 1.41063e-18 -1 0 1.41063e-18 -1 0 1.41063e-18 -1 0 1.41063e-18 -1 0 1.41063e-18 -1 0 1.41063e-18 -1 0 1.41063e-18 -1 0 1.41063e-18 -1 0 1.41063e-18 -1 0 1.41063e-18 -1 0 1.41063e-18 -1 0 1.41063e-18 -1 0 1.41063e-18 -1 0 1.41063e-18 -1 0 1.41063e-18 -1 0 1.41063e-18 -1 0 1.41063e-18 -1 0 1.41063e-18 -1 0 1.41063e-18 -1 0 1.41063e-18 -1 0 1.41063e-18 -1 0 1.41063e-18 -1 0 1.41063e-18 -1 0 1.41063e-18 -1 0 1.41063e-18 -1 0 1.41063e-18 -1 0 1.41063e-18 -1 0 1.41063e-18 -1 0 1.41063e-18 -1 0 1.41063e-18 -1 0 1.41063e-18 -1 0 1.41063e-18 -1 0 1.41063e-18 -1 0 1.41063e-18 -1 0 1.41063e-18 -1 0 1.41063e-18 -1 0 1.41063e-18 -1 0 1.41063e-18 -1 0 1.41063e-18 -1 0 1.41063e-18 -1 0 1.41063e-18 -1 0 1.41063e-18 -1 0 1.41063e-18 -1 0 1.41063e-18 -1 0 1.41063e-18 -1 0 1.41063e-18 -1 0 1.41063e-18 -1 0 1.41063e-18 -1 0 1.41063e-18 -1 0 1.41063e-18 -1 0 1.41063e-18 -1 0 1.41063e-18 -1 0 1.41063e-18 -1 0 1.41063e-18 -1 0 1.41063e-18 -1 0 1.41063e-18 -1 0 1.41063e-18 -1 0 1.41063e-18 -1 0 1.41063e-18 -1 0 1.41063e-18 -1 0 1.41063e-18 -1 0 1.41063e-18 -1 0 1.41063e-18 -1 0 1.41063e-18 -1 0 1.41063e-18 -1 0 1.41063e-18 -1 0 1.41063e-18 -1 0 1.41063e-18 -1 0 1.41063e-18 -1 0 1.41063e-18 -1 0 1.41063e-18 -1 0 1.41063e-18 -1 0 1.41063e-18 -1 0 1.41063e-18 -1 0 1.41063e-18 -1 0 1.41063e-18 -1 0 1.41063e-18 -1 0 1.41063e-18 -1 0 1.41063e-18 -1 0 1.41063e-18 -1 0 1.41063e-18 -1 0 1.41063e-18 -1 0 1.41063e-18 -1 0 1.41063e-18 -1 0 1.41063e-18 -1 0 1.41063e-18 -1 0 1.41063e-18 -1 0 1.41063e-18 -1 0 1.41063e-18 -1 0 1.41063e-18 -1 0 1.41063e-18 -1 0 1.41063e-18 -1 0 1.41063e-18 -1 0 1.41063e-18 -1 0 1.41063e-18 -1 0 1.41063e-18 -1 0 1.41063e-18 -1 0 1.41063e-18 -1 0 1.41063e-18 -1 0 1.41063e-18 -1 0 1.41063e-18 -1 0 1.41063e-18 -1 0 1.41063e-18 -1 0 1.41063e-18 -1 0 1.41063e-18 -1 0 1.41063e-18 -1 0 1.41063e-18 -1 0 1.41063e-18 -1 0 1.41063e-18 -1 0 1.41063e-18 -1 0 1.41063e-18 -1 0 1.41063e-18 -1 0 1.41063e-18 -1 0 1.41063e-18 -1 0 1.41063e-18 -1 0 1.41063e-18 -1 0 1.41063e-18 -1 0 1.41063e-18 -1 0 1.41063e-18 -1 0 1.41063e-18 -1 0 1.41063e-18 -1 0 1.41063e-18 -1 0 1.41063e-18 -1 0 1.41063e-18 -1 0 1.41063e-18 -1 0 1.41063e-18 -1 0 1.41063e-18 -1 0 1.41063e-18 -1 0 1.41063e-18 -1 0 1.41063e-18 -1 0 1.41063e-18 -1 0 1.41063e-18 -1 0 1.41063e-18 -1 0 1.41063e-18 -1 0 1.41063e-18 -1 0 1.41063e-18 -1 0 1.41063e-18 -1 0 1.41063e-18 -1 0 1.41063e-18 -1 0 1.41063e-18 -1 0 1.41063e-18 -1 0 1.41063e-18 -1 0 1.41063e-18 -1 0 1.41063e-18 -1 0 1.41063e-18 -1 0 1.41063e-18 -1 0 1.41063e-18 -1 0 1.41063e-18 -1 0 1.41063e-18 -1 0 1.41063e-18 -1 0 1.41063e-18 -1 0 1.41063e-18 -1 0 1.41063e-18 -1 0 1.41063e-18 -1 0 1.41063e-18 -1 0 1.41063e-18 -1 0 1.41063e-18 -1 0 1.41063e-18 -1 0 1.41063e-18 -1 0 1.41063e-18 -1 0 1.41063e-18 -1 0 1.41063e-18 -1 0 1.41063e-18 -1 0 1.41063e-18 -1 0 1.41063e-18 -1 0 1.41063e-18 -1 0 1.41063e-18 -1 0 1.41063e-18 -1 0 1.41063e-18 -1 0 1.41063e-18 -1 0 1.41063e-18 -1 0 1.41063e-18 -1 0 1.41063e-18 -1 0 1.41063e-18 -1 0 1.41063e-18 -1 0 1.41063e-18 -1 0 1.41063e-18 -1 0 1.41063e-18 -1 0 1.41063e-18 -1 0 1.41063e-18 -1 0 1.41063e-18 -1 0 1.41063e-18 -1 0 1.41063e-18 -1 0 1.41063e-18 -1 0 1.41063e-18 -1 0 1.41063e-18 -1 0 1.41063e-18 -1 0 1.41063e-18 -1 0 1.41063e-18 1 -4.17325e-22 -1.47281e-17 1 -4.17325e-22 -1.47281e-17 1 -4.17325e-22 -1.47281e-17 1 -4.17325e-22 -1.47281e-17 1 -4.17325e-22 -1.47281e-17 1 -4.17325e-22 -1.47281e-17 1 -4.17325e-22 -1.47281e-17 1 -4.17325e-22 -1.47281e-17 1 -4.17325e-22 -1.47281e-17 1 -4.17325e-22 -1.47281e-17 1 -4.17325e-22 -1.47281e-17 1 -4.17325e-22 -1.47281e-17 1 -4.17325e-22 -1.47281e-17 1 -4.17325e-22 -1.47281e-17 1 -4.17325e-22 -1.47281e-17 1 -4.17325e-22 -1.47281e-17 1 -4.17325e-22 -1.47281e-17 1 -4.17325e-22 -1.47281e-17 1 -4.17325e-22 -1.47281e-17 1 -4.17325e-22 -1.47281e-17 1 -4.17325e-22 -1.47281e-17 1 -4.17325e-22 -1.47281e-17 1 -4.17325e-22 -1.47281e-17 1 -4.17325e-22 -1.47281e-17 1 -4.17325e-22 -1.47281e-17 1 -4.17325e-22 -1.47281e-17 1 -4.17325e-22 -1.47281e-17 1 -4.17325e-22 -1.47281e-17 1 -4.17325e-22 -1.47281e-17 1 -4.17325e-22 -1.47281e-17 1 -4.17325e-22 -1.47281e-17 1 -4.17325e-22 -1.47281e-17 1 -4.17325e-22 -1.47281e-17 1 -4.17325e-22 -1.47281e-17 1 -4.17325e-22 -1.47281e-17 1 -4.17325e-22 -1.47281e-17 1 -4.17325e-22 -1.47281e-17 1 -4.17325e-22 -1.47281e-17 1 -4.17325e-22 -1.47281e-17 1 -4.17325e-22 -1.47281e-17 1 -4.17325e-22 -1.47281e-17 1 -4.17325e-22 -1.47281e-17 1 -4.17325e-22 -1.47281e-17 1 -4.17325e-22 -1.47281e-17 1 -4.17325e-22 -1.47281e-17 1 -4.17325e-22 -1.47281e-17 1 -4.17325e-22 -1.47281e-17 1 -4.17325e-22 -1.47281e-17 1 -4.17325e-22 -1.47281e-17 1 -4.17325e-22 -1.47281e-17 1 -4.17325e-22 -1.47281e-17 1 -4.17325e-22 -1.47281e-17 1 -4.17325e-22 -1.47281e-17 1 -4.17325e-22 -1.47281e-17 1 -4.17325e-22 -1.47281e-17 1 -4.17325e-22 -1.47281e-17 1 -4.17325e-22 -1.47281e-17 1 -4.17325e-22 -1.47281e-17 1 -4.17325e-22 -1.47281e-17 1 -4.17325e-22 -1.47281e-17 1 -4.17325e-22 -1.47281e-17 1 -4.17325e-22 -1.47281e-17 1 -4.17325e-22 -1.47281e-17 1 -4.17325e-22 -1.47281e-17 1 -4.17325e-22 -1.47281e-17 1 -4.17325e-22 -1.47281e-17 1 -4.17325e-22 -1.47281e-17 1 -4.17325e-22 -1.47281e-17 1 -4.17325e-22 -1.47281e-17 1 -4.17325e-22 -1.47281e-17 1 -4.17325e-22 -1.47281e-17 1 -4.17325e-22 -1.47281e-17 1 -4.17325e-22 -1.47281e-17 1 -4.17325e-22 -1.47281e-17 1 -4.17325e-22 -1.47281e-17 1 -4.17325e-22 -1.47281e-17 1 -4.17325e-22 -1.47281e-17 -1 4.17325e-22 1.47281e-17 -1 4.17325e-22 1.47281e-17 -1 4.17325e-22 1.47281e-17 -1 4.17325e-22 1.47281e-17 -1 4.17325e-22 1.47281e-17 -1 4.17325e-22 1.47281e-17 -1 4.17325e-22 1.47281e-17 -1 4.17325e-22 1.47281e-17 -1 4.17325e-22 1.47281e-17 -1 4.17325e-22 1.47281e-17 -1 4.17325e-22 1.47281e-17 -1 4.17325e-22 1.47281e-17 -1 4.17325e-22 1.47281e-17 -1 4.17325e-22 1.47281e-17 -1 4.17325e-22 1.47281e-17 -1 4.17325e-22 1.47281e-17 -1 4.17325e-22 1.47281e-17 -1 4.17325e-22 1.47281e-17 -1 4.17325e-22 1.47281e-17 -1 4.17325e-22 1.47281e-17 -1 4.17325e-22 1.47281e-17 -1 4.17325e-22 1.47281e-17 -1 4.17325e-22 1.47281e-17 -1 4.17325e-22 1.47281e-17 -1 4.17325e-22 1.47281e-17 -1 4.17325e-22 1.47281e-17 -1 4.17325e-22 1.47281e-17 -1 4.17325e-22 1.47281e-17 -1 4.17325e-22 1.47281e-17 -1 4.17325e-22 1.47281e-17 -1 4.17325e-22 1.47281e-17 -1 4.17325e-22 1.47281e-17 -1 4.17325e-22 1.47281e-17 -1 4.17325e-22 1.47281e-17 -1 4.17325e-22 1.47281e-17 -1 4.17325e-22 1.47281e-17 -1 4.17325e-22 1.47281e-17 -1 4.17325e-22 1.47281e-17 -1 4.17325e-22 1.47281e-17 -1 4.17325e-22 1.47281e-17 -1 4.17325e-22 1.47281e-17 -1 4.17325e-22 1.47281e-17 -1 4.17325e-22 1.47281e-17 -1 4.17325e-22 1.47281e-17 -1 4.17325e-22 1.47281e-17 -1 4.17325e-22 1.47281e-17 -1 4.17325e-22 1.47281e-17 -1 4.17325e-22 1.47281e-17 -1 4.17325e-22 1.47281e-17 -1 4.17325e-22 1.47281e-17 -1 4.17325e-22 1.47281e-17 -1 4.17325e-22 1.47281e-17 -1 4.17325e-22 1.47281e-17 -1 4.17325e-22 1.47281e-17 -1 4.17325e-22 1.47281e-17 -1 4.17325e-22 1.47281e-17 -1 4.17325e-22 1.47281e-17 -1 4.17325e-22 1.47281e-17 -1 4.17325e-22 1.47281e-17 -1 4.17325e-22 1.47281e-17 -1 4.17325e-22 1.47281e-17 -1 4.17325e-22 1.47281e-17 -1 4.17325e-22 1.47281e-17 -1 4.17325e-22 1.47281e-17 -1 4.17325e-22 1.47281e-17 -1 4.17325e-22 1.47281e-17 -1 4.17325e-22 1.47281e-17 -1 4.17325e-22 1.47281e-17 -1 4.17325e-22 1.47281e-17 -1 4.17325e-22 1.47281e-17 -1 4.17325e-22 1.47281e-17 -1 4.17325e-22 1.47281e-17 -1 4.17325e-22 1.47281e-17 -1 4.17325e-22 1.47281e-17 -1 4.17325e-22 1.47281e-17 -1 4.17325e-22 1.47281e-17 -1 4.17325e-22 1.47281e-17 1 2.2504e-17 -4.20621e-17 1 2.2504e-17 -4.20621e-17 1 2.2504e-17 -4.20621e-17 1 2.2504e-17 -4.20621e-17 1 2.2504e-17 -4.20621e-17 1 2.2504e-17 -4.20621e-17 1 2.2504e-17 -4.20621e-17 1 2.2504e-17 -4.20621e-17 1 2.2504e-17 -4.20621e-17 1 2.2504e-17 -4.20621e-17 1 2.2504e-17 -4.20621e-17 1 2.2504e-17 -4.20621e-17 1 2.2504e-17 -4.20621e-17 1 2.2504e-17 -4.20621e-17 1 2.2504e-17 -4.20621e-17 1 2.2504e-17 -4.20621e-17 1 2.2504e-17 -4.20621e-17 1 2.2504e-17 -4.20621e-17 1 2.2504e-17 -4.20621e-17 1 2.2504e-17 -4.20621e-17 1 2.2504e-17 -4.20621e-17 1 2.2504e-17 -4.20621e-17 1 2.2504e-17 -4.20621e-17 1 2.2504e-17 -4.20621e-17 1 2.2504e-17 -4.20621e-17 1 2.2504e-17 -4.20621e-17 1 2.2504e-17 -4.20621e-17 1 2.2504e-17 -4.20621e-17 1 2.2504e-17 -4.20621e-17 1 2.2504e-17 -4.20621e-17 1 2.2504e-17 -4.20621e-17 1 2.2504e-17 -4.20621e-17 1 2.2504e-17 -4.20621e-17 1 2.2504e-17 -4.20621e-17 1 2.2504e-17 -4.20621e-17 1 2.2504e-17 -4.20621e-17 1 2.2504e-17 -4.20621e-17 1 2.2504e-17 -4.20621e-17 1 2.2504e-17 -4.20621e-17 1 2.2504e-17 -4.20621e-17 1 2.2504e-17 -4.20621e-17 1 2.2504e-17 -4.20621e-17 1 2.2504e-17 -4.20621e-17 1 2.2504e-17 -4.20621e-17 1 2.2504e-17 -4.20621e-17 1 2.2504e-17 -4.20621e-17 1 2.2504e-17 -4.20621e-17 1 2.2504e-17 -4.20621e-17 1 2.2504e-17 -4.20621e-17 1 2.2504e-17 -4.20621e-17 1 2.2504e-17 -4.20621e-17 1 2.2504e-17 -4.20621e-17 1 2.2504e-17 -4.20621e-17 1 2.2504e-17 -4.20621e-17 1 2.2504e-17 -4.20621e-17 1 2.2504e-17 -4.20621e-17 1 2.2504e-17 -4.20621e-17 1 2.2504e-17 -4.20621e-17 1 2.2504e-17 -4.20621e-17 1 2.2504e-17 -4.20621e-17 1 2.2504e-17 -4.20621e-17 1 2.2504e-17 -4.20621e-17 1 2.2504e-17 -4.20621e-17 1 2.2504e-17 -4.20621e-17 1 2.2504e-17 -4.20621e-17 1 2.2504e-17 -4.20621e-17 1 2.2504e-17 -4.20621e-17 1 2.2504e-17 -4.20621e-17 1 2.2504e-17 -4.20621e-17 1 2.2504e-17 -4.20621e-17 1 2.2504e-17 -4.20621e-17 1 2.2504e-17 -4.20621e-17 1 2.2504e-17 -4.20621e-17 1 2.2504e-17 -4.20621e-17 1 2.2504e-17 -4.20621e-17 1 2.2504e-17 -4.20621e-17 1 2.2504e-17 -4.20621e-17 1 2.2504e-17 -4.20621e-17 1 2.2504e-17 -4.20621e-17 1 2.2504e-17 -4.20621e-17 1 2.2504e-17 -4.20621e-17 1 2.2504e-17 -4.20621e-17 1 2.2504e-17 -4.20621e-17 1 2.2504e-17 -4.20621e-17 1 2.2504e-17 -4.20621e-17 1 2.2504e-17 -4.20621e-17 1 2.2504e-17 -4.20621e-17 1 2.2504e-17 -4.20621e-17 1 2.2504e-17 -4.20621e-17 1 2.2504e-17 -4.20621e-17 1 2.2504e-17 -4.20621e-17 1 2.2504e-17 -4.20621e-17 1 2.2504e-17 -4.20621e-17 1 2.2504e-17 -4.20621e-17 1 2.2504e-17 -4.20621e-17 1 2.2504e-17 -4.20621e-17 1 2.2504e-17 -4.20621e-17 1 2.2504e-17 -4.20621e-17 1 2.2504e-17 -4.20621e-17 1 2.2504e-17 -4.20621e-17 1 2.2504e-17 -4.20621e-17 1 2.2504e-17 -4.20621e-17 1 2.2504e-17 -4.20621e-17 1 2.2504e-17 -4.20621e-17 1 2.2504e-17 -4.20621e-17 1 2.2504e-17 -4.20621e-17 1 2.2504e-17 -4.20621e-17 1 2.2504e-17 -4.20621e-17 1 2.2504e-17 -4.20621e-17 1 2.2504e-17 -4.20621e-17 1 2.2504e-17 -4.20621e-17 1 2.2504e-17 -4.20621e-17 1 2.2504e-17 -4.20621e-17 1 2.2504e-17 -4.20621e-17 1 2.2504e-17 -4.20621e-17 1 2.2504e-17 -4.20621e-17 1 2.2504e-17 -4.20621e-17 1 2.2504e-17 -4.20621e-17 1 2.2504e-17 -4.20621e-17 1 2.2504e-17 -4.20621e-17 1 2.2504e-17 -4.20621e-17 1 2.2504e-17 -4.20621e-17 1 2.2504e-17 -4.20621e-17 1 2.2504e-17 -4.20621e-17 1 2.2504e-17 -4.20621e-17 1 2.2504e-17 -4.20621e-17 1 2.2504e-17 -4.20621e-17 1 2.2504e-17 -4.20621e-17 1 2.2504e-17 -4.20621e-17 1 2.2504e-17 -4.20621e-17 1 2.2504e-17 -4.20621e-17 1 2.2504e-17 -4.20621e-17 1 2.2504e-17 -4.20621e-17 1 2.2504e-17 -4.20621e-17 1 2.2504e-17 -4.20621e-17 1 2.2504e-17 -4.20621e-17 1 2.2504e-17 -4.20621e-17 1 2.2504e-17 -4.20621e-17 1 2.2504e-17 -4.20621e-17 1 2.2504e-17 -4.20621e-17 1 2.2504e-17 -4.20621e-17 1 2.2504e-17 -4.20621e-17 1 2.2504e-17 -4.20621e-17 1 2.2504e-17 -4.20621e-17 1 2.2504e-17 -4.20621e-17 1 2.2504e-17 -4.20621e-17 1 2.2504e-17 -4.20621e-17 1 2.2504e-17 -4.20621e-17 1 2.2504e-17 -4.20621e-17 1 2.2504e-17 -4.20621e-17 1 2.2504e-17 -4.20621e-17 1 2.2504e-17 -4.20621e-17 1 2.2504e-17 -4.20621e-17 1 2.2504e-17 -4.20621e-17 1 2.2504e-17 -4.20621e-17 1 2.2504e-17 -4.20621e-17 1 2.2504e-17 -4.20621e-17 1 2.2504e-17 -4.20621e-17 1 2.2504e-17 -4.20621e-17 1 2.2504e-17 -4.20621e-17 1 2.2504e-17 -4.20621e-17 1 2.2504e-17 -4.20621e-17 1 2.2504e-17 -4.20621e-17 1 2.2504e-17 -4.20621e-17 1 2.2504e-17 -4.20621e-17 1 2.2504e-17 -4.20621e-17 1 2.2504e-17 -4.20621e-17 1 2.2504e-17 -4.20621e-17 1 2.2504e-17 -4.20621e-17 1 2.2504e-17 -4.20621e-17 1 2.2504e-17 -4.20621e-17 1 2.2504e-17 -4.20621e-17 1 2.2504e-17 -4.20621e-17 1 2.2504e-17 -4.20621e-17 1 2.2504e-17 -4.20621e-17 1 2.2504e-17 -4.20621e-17 1 2.2504e-17 -4.20621e-17 1 2.2504e-17 -4.20621e-17 1 2.2504e-17 -4.20621e-17 1 2.2504e-17 -4.20621e-17 1 2.2504e-17 -4.20621e-17 1 2.2504e-17 -4.20621e-17 1 2.2504e-17 -4.20621e-17 1 2.2504e-17 -4.20621e-17 1 2.2504e-17 -4.20621e-17 1 2.2504e-17 -4.20621e-17 1 2.2504e-17 -4.20621e-17 1 2.2504e-17 -4.20621e-17 1 2.2504e-17 -4.20621e-17 1 2.2504e-17 -4.20621e-17 1 2.2504e-17 -4.20621e-17 1 2.2504e-17 -4.20621e-17 1 2.2504e-17 -4.20621e-17 1 2.2504e-17 -4.20621e-17 1 2.2504e-17 -4.20621e-17 1 2.2504e-17 -4.20621e-17 1 2.2504e-17 -4.20621e-17 1 2.2504e-17 -4.20621e-17 1 2.2504e-17 -4.20621e-17 1 2.2504e-17 -4.20621e-17 1 2.2504e-17 -4.20621e-17 1 2.2504e-17 -4.20621e-17 1 2.2504e-17 -4.20621e-17 1 2.2504e-17 -4.20621e-17 1 2.2504e-17 -4.20621e-17 1 2.2504e-17 -4.20621e-17 1 2.2504e-17 -4.20621e-17 1 2.2504e-17 -4.20621e-17 1 2.2504e-17 -4.20621e-17 1 2.2504e-17 -4.20621e-17 1 2.2504e-17 -4.20621e-17 1 2.2504e-17 -4.20621e-17 1 2.2504e-17 -4.20621e-17 1 2.2504e-17 -4.20621e-17 1 2.2504e-17 -4.20621e-17 1 2.2504e-17 -4.20621e-17 1 2.2504e-17 -4.20621e-17 1 2.2504e-17 -4.20621e-17 1 2.2504e-17 -4.20621e-17 1 2.2504e-17 -4.20621e-17 1 2.2504e-17 -4.20621e-17 1 2.2504e-17 -4.20621e-17 1 2.2504e-17 -4.20621e-17 1 2.2504e-17 -4.20621e-17 1 2.2504e-17 -4.20621e-17 1 2.2504e-17 -4.20621e-17 1 2.2504e-17 -4.20621e-17 1 2.2504e-17 -4.20621e-17 1 2.2504e-17 -4.20621e-17 1 2.2504e-17 -4.20621e-17 1 2.2504e-17 -4.20621e-17 1 2.2504e-17 -4.20621e-17 1 2.2504e-17 -4.20621e-17 1 2.2504e-17 -4.20621e-17 1 2.2504e-17 -4.20621e-17 1 2.2504e-17 -4.20621e-17 1 2.2504e-17 -4.20621e-17 1 2.2504e-17 -4.20621e-17 1 2.2504e-17 -4.20621e-17 1 2.2504e-17 -4.20621e-17 1 2.2504e-17 -4.20621e-17 1 2.2504e-17 -4.20621e-17 1 2.2504e-17 -4.20621e-17 1 2.2504e-17 -4.20621e-17 1 2.2504e-17 -4.20621e-17 1 2.2504e-17 -4.20621e-17 1 2.2504e-17 -4.20621e-17 1 2.2504e-17 -4.20621e-17 1 2.2504e-17 -4.20621e-17 1 2.2504e-17 -4.20621e-17 1 2.2504e-17 -4.20621e-17 1 2.2504e-17 -4.20621e-17 1 2.2504e-17 -4.20621e-17 1 2.2504e-17 -4.20621e-17 1 0 -1.47288e-17 1 0 -1.47288e-17 1 0 -1.47288e-17 1 0 -1.47288e-17 1 0 -1.47288e-17 1 0 -1.47288e-17 1 0 -1.47288e-17 1 0 -1.47288e-17 1 0 -1.47288e-17 1 0 -1.47288e-17 1 0 -1.47288e-17 1 0 -1.47288e-17 1 0 -1.47288e-17 1 0 -1.47288e-17 1 0 -1.47288e-17 1 0 -1.47288e-17 1 0 -1.47288e-17 1 0 -1.47288e-17 1 0 -1.47288e-17 1 0 -1.47288e-17 1 0 -1.47288e-17 1 0 -1.47288e-17 1 0 -1.47288e-17 1 0 -1.47288e-17 1 0 -1.47288e-17 1 0 -1.47288e-17 1 0 -1.47288e-17 1 0 -1.47288e-17 1 0 -1.47288e-17 1 0 -1.47288e-17 1 0 -1.47288e-17 1 0 -1.47288e-17 1 0 -1.47288e-17 1 0 -1.47288e-17 1 0 -1.47288e-17 1 0 -1.47288e-17 1 0 -1.47288e-17 1 0 -1.47288e-17 1 0 -1.47288e-17 1 0 -1.47288e-17 1 0 -1.47288e-17 1 0 -1.47288e-17 1 0 -1.47288e-17 1 0 -1.47288e-17 1 0 -1.47288e-17 1 0 -1.47288e-17 1 0 -1.47288e-17 1 0 -1.47288e-17 1 0 -1.47288e-17 1 0 -1.47288e-17 1 0 -1.47288e-17 1 0 -1.47288e-17 1 0 -1.47288e-17 1 0 -1.47288e-17 1 0 -1.47288e-17 1 0 -1.47288e-17 1 0 -1.47288e-17 1 0 -1.47288e-17 1 0 -1.47288e-17 1 0 -1.47288e-17 1 0 -1.47288e-17 1 0 -1.47288e-17 1 0 -1.47288e-17 1 0 -1.47288e-17 1 0 -1.47288e-17 1 0 -1.47288e-17 1 0 -1.47288e-17 1 0 -1.47288e-17 1 0 -1.47288e-17 1 0 -1.47288e-17 1 0 -1.47288e-17 1 0 -1.47288e-17 1 0 -1.47288e-17 1 0 -1.47288e-17 1 0 -1.47288e-17 1 0 -1.47288e-17 1 0 -1.47288e-17 1 0 -1.47288e-17 1 0 -1.47288e-17 1 0 -1.47288e-17 1 0 -1.47288e-17 1 0 -1.47288e-17 1 0 -1.47288e-17 1 0 -1.47288e-17 1 0 -1.47288e-17 1 0 -1.47288e-17 1 0 -1.47288e-17 1 0 -1.47288e-17 1 0 -1.47288e-17 1 0 -1.47288e-17 1 0 -1.47288e-17 1 0 -1.47288e-17 1 0 -1.47288e-17 1 0 -1.47288e-17 1 0 -1.47288e-17 1 0 -1.47288e-17 1 0 -1.47288e-17 1 0 -1.47288e-17 1.85905e-17 -4.47637e-05 1 1.85905e-17 -4.47637e-05 1 1.85905e-17 -4.47637e-05 1 1.85905e-17 -4.47637e-05 1 1.85905e-17 -4.47637e-05 1 1.85905e-17 -4.47637e-05 1 1.85905e-17 -4.47637e-05 1 1.85905e-17 -4.47637e-05 1 1.85905e-17 -4.47637e-05 1 1.85905e-17 -4.47637e-05 1 1.85905e-17 -4.47637e-05 1 1.85905e-17 -4.47637e-05 1 1.85905e-17 -4.47637e-05 1 1.85905e-17 -4.47637e-05 1 1.85905e-17 -4.47637e-05 1 1.85905e-17 -4.47637e-05 1 1.85905e-17 -4.47637e-05 1 1.85905e-17 -4.47637e-05 1 1.85905e-17 -4.47637e-05 1 1.85905e-17 -4.47637e-05 1 1.85905e-17 -4.47637e-05 1 1.85905e-17 -4.47637e-05 1 1.85905e-17 -4.47637e-05 1 1.85905e-17 -4.47637e-05 1 1.85905e-17 -4.47637e-05 1 1.85905e-17 -4.47637e-05 1 1.85905e-17 -4.47637e-05 1 1.85905e-17 -4.47637e-05 1 1.85905e-17 -4.47637e-05 1 1.85905e-17 -4.47637e-05 1 1.85905e-17 -4.47637e-05 1 1.85905e-17 -4.47637e-05 1 1.85905e-17 -4.47637e-05 1 1.85905e-17 -4.47637e-05 1 1.85905e-17 -4.47637e-05 1 1.85905e-17 -4.47637e-05 1 1.85905e-17 -4.47637e-05 1 1.85905e-17 -4.47637e-05 1 1.85905e-17 -4.47637e-05 1 1.85905e-17 -4.47637e-05 1 1.85905e-17 -4.47637e-05 1 1.85905e-17 -4.47637e-05 1 1.85905e-17 -4.47637e-05 1 1.85905e-17 -4.47637e-05 1 1.85905e-17 -4.47637e-05 1 1.85905e-17 -4.47637e-05 1 1.85905e-17 -4.47637e-05 1 1.85905e-17 -4.47637e-05 1 1.85905e-17 -4.47637e-05 1 1.85905e-17 -4.47637e-05 1 1.85905e-17 -4.47637e-05 1 1.85905e-17 -4.47637e-05 1 1.85905e-17 -4.47637e-05 1 1.85905e-17 -4.47637e-05 1 1.85905e-17 -4.47637e-05 1 1.85905e-17 -4.47637e-05 1 1.85905e-17 -4.47637e-05 1 1.85905e-17 -4.47637e-05 1 1.85905e-17 -4.47637e-05 1 1.85905e-17 -4.47637e-05 1 1.85905e-17 -4.47637e-05 1 1.85905e-17 -4.47637e-05 1 1.85905e-17 -4.47637e-05 1 1.85905e-17 -4.47637e-05 1 1.85905e-17 -4.47637e-05 1 1.85905e-17 -4.47637e-05 1 1.85905e-17 -4.47637e-05 1 1.85905e-17 -4.47637e-05 1 1.85905e-17 -4.47637e-05 1 1.85905e-17 -4.47637e-05 1 1.85905e-17 -4.47637e-05 1 1.85905e-17 -4.47637e-05 1 1.85905e-17 -4.47637e-05 1 1.85905e-17 -4.47637e-05 1 1.85905e-17 -4.47637e-05 1 1.85905e-17 -4.47637e-05 1 1.85905e-17 -4.47637e-05 1 1.85905e-17 -4.47637e-05 1 1.85905e-17 -4.47637e-05 1 1.85905e-17 -4.47637e-05 1 1.85905e-17 -4.47637e-05 1 1.85905e-17 -4.47637e-05 1 1.85905e-17 -4.47637e-05 1 1.85905e-17 -4.47637e-05 1 1.85905e-17 -4.47637e-05 1 1.85905e-17 -4.47637e-05 1 1.85905e-17 -4.47637e-05 1 1.85905e-17 -4.47637e-05 1 1.85905e-17 -4.47637e-05 1 1.85905e-17 -4.47637e-05 1 1.85905e-17 -4.47637e-05 1 1.85905e-17 -4.47637e-05 1 1.85905e-17 -4.47637e-05 1 1.85905e-17 -4.47637e-05 1 1.85905e-17 -4.47637e-05 1 1.85905e-17 -4.47637e-05 1 1.85905e-17 -4.47637e-05 1 1.85905e-17 -4.47637e-05 1 1.85905e-17 -4.47637e-05 1 1.85905e-17 -4.47637e-05 1 1.85905e-17 -4.47637e-05 1 1.85905e-17 -4.47637e-05 1 -0.420743 0.90718 4.06087e-05 -0.420743 0.90718 4.06087e-05 -0.420743 0.90718 4.06087e-05 -0.420743 0.90718 4.06087e-05 -0.420743 0.90718 4.06087e-05 -0.996012 0.0892162 3.99365e-06 -0.996012 0.0892162 3.99365e-06 -0.996012 0.0892162 3.99365e-06 -0.996012 0.0892162 3.99365e-06 -0.996012 0.0892162 3.99365e-06 -0.57527 -0.817964 -3.66151e-05 -0.57527 -0.817964 -3.66151e-05 -0.57527 -0.817964 -3.66151e-05 -0.57527 -0.817964 -3.66151e-05 -0.57527 -0.817964 -3.66151e-05 0.420743 -0.90718 -4.06087e-05 0.420743 -0.90718 -4.06087e-05 0.420743 -0.90718 -4.06087e-05 0.420743 -0.90718 -4.06087e-05 0.420743 -0.90718 -4.06087e-05 0.996012 -0.0892162 -3.99365e-06 0.996012 -0.0892162 -3.99365e-06 0.996012 -0.0892162 -3.99365e-06 0.996012 -0.0892162 -3.99365e-06 0.996012 -0.0892162 -3.99365e-06 0.57527 0.817964 3.66151e-05 0.57527 0.817964 3.66151e-05 0.57527 0.817964 3.66151e-05 0.57527 0.817964 3.66151e-05 0.57527 0.817964 3.66151e-05 -1.85905e-17 4.47637e-05 -1 -1.85905e-17 4.47637e-05 -1 -1.85905e-17 4.47637e-05 -1 -1.85905e-17 4.47637e-05 -1 -1.85905e-17 4.47637e-05 -1 -1.85905e-17 4.47637e-05 -1 -1.85905e-17 4.47637e-05 -1 -1.85905e-17 4.47637e-05 -1 -1.85905e-17 4.47637e-05 -1 -1.85905e-17 4.47637e-05 -1 -1.85905e-17 4.47637e-05 -1 -1.85905e-17 4.47637e-05 -1 -1.85905e-17 4.47637e-05 -1 -1.85905e-17 4.47637e-05 -1 -1.85905e-17 4.47637e-05 -1 -1.85905e-17 4.47637e-05 -1 -1.85905e-17 4.47637e-05 -1 -1.85905e-17 4.47637e-05 -1 -1.85905e-17 4.47637e-05 -1 -1.85905e-17 4.47637e-05 -1 -1.85905e-17 4.47637e-05 -1 -1.85905e-17 4.47637e-05 -1 -1.85905e-17 4.47637e-05 -1 -1.85905e-17 4.47637e-05 -1 -1.85905e-17 4.47637e-05 -1 -1.85905e-17 4.47637e-05 -1 -1.85905e-17 4.47637e-05 -1 -1.85905e-17 4.47637e-05 -1 -1.85905e-17 4.47637e-05 -1 -1.85905e-17 4.47637e-05 -1 -1.85905e-17 4.47637e-05 -1 -1.85905e-17 4.47637e-05 -1 -1.85905e-17 4.47637e-05 -1 -1.85905e-17 4.47637e-05 -1 -1.85905e-17 4.47637e-05 -1 -1.85905e-17 4.47637e-05 -1 -1.85905e-17 4.47637e-05 -1 -1.85905e-17 4.47637e-05 -1 -1.85905e-17 4.47637e-05 -1 -1.85905e-17 4.47637e-05 -1 -1.85905e-17 4.47637e-05 -1 -1.85905e-17 4.47637e-05 -1 -1.85905e-17 4.47637e-05 -1 -1.85905e-17 4.47637e-05 -1 -1.85905e-17 4.47637e-05 -1 -1.85905e-17 4.47637e-05 -1 -1.85905e-17 4.47637e-05 -1 -1.85905e-17 4.47637e-05 -1 -1.85905e-17 4.47637e-05 -1 -1.85905e-17 4.47637e-05 -1 -1.85905e-17 4.47637e-05 -1 -1.85905e-17 4.47637e-05 -1 -1.85905e-17 4.47637e-05 -1 -1.85905e-17 4.47637e-05 -1 -1.85905e-17 4.47637e-05 -1 -1.85905e-17 4.47637e-05 -1 -1.85905e-17 4.47637e-05 -1 -1.85905e-17 4.47637e-05 -1 -1.85905e-17 4.47637e-05 -1 -1.85905e-17 4.47637e-05 -1 -1.85905e-17 4.47637e-05 -1 -1.85905e-17 4.47637e-05 -1 -1.85905e-17 4.47637e-05 -1 -1.85905e-17 4.47637e-05 -1 -1.85905e-17 4.47637e-05 -1 -1.85905e-17 4.47637e-05 -1 -1.85905e-17 4.47637e-05 -1 -1.85905e-17 4.47637e-05 -1 -1.85905e-17 4.47637e-05 -1 -1.85905e-17 4.47637e-05 -1 -1.85905e-17 4.47637e-05 -1 -1.85905e-17 4.47637e-05 -1 -1.85905e-17 4.47637e-05 -1 -1.85905e-17 4.47637e-05 -1 -1.85905e-17 4.47637e-05 -1 -1.85905e-17 4.47637e-05 -1 -1.85905e-17 4.47637e-05 -1 -1.85905e-17 4.47637e-05 -1 -1.85905e-17 4.47637e-05 -1 -1.85905e-17 4.47637e-05 -1 -1.85905e-17 4.47637e-05 -1 -1.85905e-17 4.47637e-05 -1 -1.85905e-17 4.47637e-05 -1 -1.85905e-17 4.47637e-05 -1 -1.85905e-17 4.47637e-05 -1 -1.85905e-17 4.47637e-05 -1 -1.85905e-17 4.47637e-05 -1 -1.85905e-17 4.47637e-05 -1 -1.85905e-17 4.47637e-05 -1 -1.85905e-17 4.47637e-05 -1 -1.85905e-17 4.47637e-05 -1 -1.85905e-17 4.47637e-05 -1 -1.85905e-17 4.47637e-05 -1 -1.85905e-17 4.47637e-05 -1 -1.85905e-17 4.47637e-05 -1 -1.85905e-17 4.47637e-05 -1 -1.85905e-17 4.47637e-05 -1 -1.85905e-17 4.47637e-05 -1 -1.85905e-17 4.47637e-05 -1 -1.85905e-17 4.47637e-05 -1 -1.85905e-17 4.47637e-05 -1 -1.85905e-17 4.47637e-05 -1 -1.85905e-17 4.47637e-05 -1 -1.85905e-17 4.47637e-05 -1 -1.85905e-17 4.47637e-05 -1 -1.85905e-17 4.47637e-05 -1 -1.85905e-17 4.47637e-05 -1 -1.85905e-17 4.47637e-05 -1 -1.85905e-17 4.47637e-05 -1 -1.85905e-17 4.47637e-05 -1 -1.85905e-17 4.47637e-05 -1 -1.85905e-17 4.47637e-05 -1 -1.85905e-17 4.47637e-05 -1 -1.85905e-17 4.47637e-05 -1 -1.85905e-17 4.47637e-05 -1 -1.85905e-17 4.47637e-05 -1 -1.85905e-17 4.47637e-05 -1 -1.85905e-17 4.47637e-05 -1 -1.85905e-17 4.47637e-05 -1 -1.85905e-17 4.47637e-05 -1 -1.85905e-17 4.47637e-05 -1 -1.85905e-17 4.47637e-05 -1 -1.85905e-17 4.47637e-05 -1 -1.85905e-17 4.47637e-05 -1 -1.85905e-17 4.47637e-05 -1 -1.85905e-17 4.47637e-05 -1 -1.85905e-17 4.47637e-05 -1 -1.85905e-17 4.47637e-05 -1 -1.85905e-17 4.47637e-05 -1 -1.85905e-17 4.47637e-05 -1 -1.85905e-17 4.47637e-05 -1 -1.85905e-17 4.47637e-05 -1 -1.85905e-17 4.47637e-05 -1 -1.85905e-17 4.47637e-05 -1 -1.85905e-17 4.47637e-05 -1 -1.85905e-17 4.47637e-05 -1 -1.85905e-17 4.47637e-05 -1 -1.85905e-17 4.47637e-05 -1 -1.85905e-17 4.47637e-05 -1 -1.85905e-17 4.47637e-05 -1 -1.85905e-17 4.47637e-05 -1 -1.85905e-17 4.47637e-05 -1 -1.85905e-17 4.47637e-05 -1 -1.85905e-17 4.47637e-05 -1 -1.85905e-17 4.47637e-05 -1 -1.85905e-17 4.47637e-05 -1 -1.85905e-17 4.47637e-05 -1 -1.85905e-17 4.47637e-05 -1 -1.85905e-17 4.47637e-05 -1 -1.85905e-17 4.47637e-05 -1 -1.85905e-17 4.47637e-05 -1 -1.85905e-17 4.47637e-05 -1 -1.85905e-17 4.47637e-05 -1 -1.85905e-17 4.47637e-05 -1 -1.85905e-17 4.47637e-05 -1 -1.85905e-17 4.47637e-05 -1 -1.85905e-17 4.47637e-05 -1 -1.85905e-17 4.47637e-05 -1 -1.85905e-17 4.47637e-05 -1 -1.85905e-17 4.47637e-05 -1 -1.85905e-17 4.47637e-05 -1 -1.85905e-17 4.47637e-05 -1 -1.85905e-17 4.47637e-05 -1 -1.85905e-17 4.47637e-05 -1 -1.85905e-17 4.47637e-05 -1 -1.85905e-17 4.47637e-05 -1 -1.85905e-17 4.47637e-05 -1 -1.85905e-17 4.47637e-05 -1 -1.85905e-17 4.47637e-05 -1 -1.85905e-17 4.47637e-05 -1 -1.85905e-17 4.47637e-05 -1 -1.85905e-17 4.47637e-05 -1 -1.85905e-17 4.47637e-05 -1 -1.85905e-17 4.47637e-05 -1 -1.85905e-17 4.47637e-05 -1 -1.85905e-17 4.47637e-05 -1 -1.85905e-17 4.47637e-05 -1 -1.85905e-17 4.47637e-05 -1 -1.85905e-17 4.47637e-05 -1 -1.85905e-17 4.47637e-05 -1 -1.85905e-17 4.47637e-05 -1 -1.85905e-17 4.47637e-05 -1 -1.85905e-17 4.47637e-05 -1 -1.85905e-17 4.47637e-05 -1 -1.85905e-17 4.47637e-05 -1 -1.85905e-17 4.47637e-05 -1 -1.85905e-17 4.47637e-05 -1 -1.85905e-17 4.47637e-05 -1 -1.85905e-17 4.47637e-05 -1 -1.85905e-17 4.47637e-05 -1 -1.85905e-17 4.47637e-05 -1 -1.85905e-17 4.47637e-05 -1 -1.85905e-17 4.47637e-05 -1 -1.85905e-17 4.47637e-05 -1 -1.85905e-17 4.47637e-05 -1 -1.85905e-17 4.47637e-05 -1 -1.85905e-17 4.47637e-05 -1 -1.85905e-17 4.47637e-05 -1 -1.85905e-17 4.47637e-05 -1 -1.85905e-17 4.47637e-05 -1 -1.85905e-17 4.47637e-05 -1 -1.85905e-17 4.47637e-05 -1 -1.85905e-17 4.47637e-05 -1 -1.85905e-17 4.47637e-05 -1 -1.85905e-17 4.47637e-05 -1 -1.85905e-17 4.47637e-05 -1 -1.85905e-17 4.47637e-05 -1 -1.85905e-17 4.47637e-05 -1 -1.85905e-17 4.47637e-05 -1 -1.85905e-17 4.47637e-05 -1 -1.85905e-17 4.47637e-05 -1 -1.85905e-17 4.47637e-05 -1 -1.85905e-17 4.47637e-05 -1 -1.85905e-17 4.47637e-05 -1 -1.85905e-17 4.47637e-05 -1 -1.85905e-17 4.47637e-05 -1 -1.85905e-17 4.47637e-05 -1 -1.85905e-17 4.47637e-05 -1 -1.85905e-17 4.47637e-05 -1 -1.85905e-17 4.47637e-05 -1 -1.85905e-17 4.47637e-05 -1 -1.85905e-17 4.47637e-05 -1 -1.85905e-17 4.47637e-05 -1 -1.85905e-17 4.47637e-05 -1 -1.85905e-17 4.47637e-05 -1 -1.85905e-17 4.47637e-05 -1 -1.85905e-17 4.47637e-05 -1 -1.85905e-17 4.47637e-05 -1 -1.85905e-17 4.47637e-05 -1 -1.85905e-17 4.47637e-05 -1 -1.85905e-17 4.47637e-05 -1 -1.85905e-17 4.47637e-05 -1 -1.85905e-17 4.47637e-05 -1 -1.85905e-17 4.47637e-05 -1 -1.85905e-17 4.47637e-05 -1 -1.85905e-17 4.47637e-05 -1 -1.85905e-17 4.47637e-05 -1 -1.85905e-17 4.47637e-05 -1 -1.85905e-17 4.47637e-05 -1 -1.85905e-17 4.47637e-05 -1 1.85905e-17 -4.47637e-05 1 1.85905e-17 -4.47637e-05 1 1.85905e-17 -4.47637e-05 1 1.85905e-17 -4.47637e-05 1 1.85905e-17 -4.47637e-05 1 1.85905e-17 -4.47637e-05 1 1.85905e-17 -4.47637e-05 1 1.85905e-17 -4.47637e-05 1 1.85905e-17 -4.47637e-05 1 1.85905e-17 -4.47637e-05 1 1.85905e-17 -4.47637e-05 1 1.85905e-17 -4.47637e-05 1 1.85905e-17 -4.47637e-05 1 1.85905e-17 -4.47637e-05 1 1.85905e-17 -4.47637e-05 1 1.85905e-17 -4.47637e-05 1 1.85905e-17 -4.47637e-05 1 1.85905e-17 -4.47637e-05 1 1.85905e-17 -4.47637e-05 1 1.85905e-17 -4.47637e-05 1 1.85905e-17 -4.47637e-05 1 1.85905e-17 -4.47637e-05 1 1.85905e-17 -4.47637e-05 1 1.85905e-17 -4.47637e-05 1 1.85905e-17 -4.47637e-05 1 1.85905e-17 -4.47637e-05 1 1.85905e-17 -4.47637e-05 1 1.85905e-17 -4.47637e-05 1 1.85905e-17 -4.47637e-05 1 1.85905e-17 -4.47637e-05 1 1.85905e-17 -4.47637e-05 1 1.85905e-17 -4.47637e-05 1 1.85905e-17 -4.47637e-05 1 1.85905e-17 -4.47637e-05 1 1.85905e-17 -4.47637e-05 1 1.85905e-17 -4.47637e-05 1 1.85905e-17 -4.47637e-05 1 1.85905e-17 -4.47637e-05 1 1.85905e-17 -4.47637e-05 1 1.85905e-17 -4.47637e-05 1 1.85905e-17 -4.47637e-05 1 1.85905e-17 -4.47637e-05 1 1.85905e-17 -4.47637e-05 1 1.85905e-17 -4.47637e-05 1 1.85905e-17 -4.47637e-05 1 1.85905e-17 -4.47637e-05 1 1.85905e-17 -4.47637e-05 1 1.85905e-17 -4.47637e-05 1 1.85905e-17 -4.47637e-05 1 1.85905e-17 -4.47637e-05 1 1.85905e-17 -4.47637e-05 1 1.85905e-17 -4.47637e-05 1 1.85905e-17 -4.47637e-05 1 1.85905e-17 -4.47637e-05 1 1.85905e-17 -4.47637e-05 1 1.85905e-17 -4.47637e-05 1 1.85905e-17 -4.47637e-05 1 1.85905e-17 -4.47637e-05 1 1.85905e-17 -4.47637e-05 1 1.85905e-17 -4.47637e-05 1 1.85905e-17 -4.47637e-05 1 1.85905e-17 -4.47637e-05 1 1.85905e-17 -4.47637e-05 1 1.85905e-17 -4.47637e-05 1 1.85905e-17 -4.47637e-05 1 1.85905e-17 -4.47637e-05 1 1.85905e-17 -4.47637e-05 1 1.85905e-17 -4.47637e-05 1 1.85905e-17 -4.47637e-05 1 1.85905e-17 -4.47637e-05 1 1.85905e-17 -4.47637e-05 1 1.85905e-17 -4.47637e-05 1 1.85905e-17 -4.47637e-05 1 1.85905e-17 -4.47637e-05 1 1.85905e-17 -4.47637e-05 1 1.85905e-17 -4.47637e-05 1 1.85905e-17 -4.47637e-05 1 1.85905e-17 -4.47637e-05 1 1.85905e-17 -4.47637e-05 1 1.85905e-17 -4.47637e-05 1 1.85905e-17 -4.47637e-05 1 1.85905e-17 -4.47637e-05 1 1.85905e-17 -4.47637e-05 1 1.85905e-17 -4.47637e-05 1 1.85905e-17 -4.47637e-05 1 1.85905e-17 -4.47637e-05 1 1.85905e-17 -4.47637e-05 1 1.85905e-17 -4.47637e-05 1 1.85905e-17 -4.47637e-05 1 1.85905e-17 -4.47637e-05 1 1.85905e-17 -4.47637e-05 1 1.85905e-17 -4.47637e-05 1 1.85905e-17 -4.47637e-05 1 1.85905e-17 -4.47637e-05 1 1.85905e-17 -4.47637e-05 1 1.85905e-17 -4.47637e-05 1 1.85905e-17 -4.47637e-05 1 1.85905e-17 -4.47637e-05 1 1.85905e-17 -4.47637e-05 1 1.85905e-17 -4.47637e-05 1 1.85905e-17 -4.47637e-05 1 1.85905e-17 -4.47637e-05 1 1.85905e-17 -4.47637e-05 1 1.85905e-17 -4.47637e-05 1 1.85905e-17 -4.47637e-05 1 1.85905e-17 -4.47637e-05 1 1.85905e-17 -4.47637e-05 1 1.85905e-17 -4.47637e-05 1 1.85905e-17 -4.47637e-05 1 1.85905e-17 -4.47637e-05 1 1.85905e-17 -4.47637e-05 1 1.85905e-17 -4.47637e-05 1 1.85905e-17 -4.47637e-05 1 1.85905e-17 -4.47637e-05 1 1.85905e-17 -4.47637e-05 1 1.85905e-17 -4.47637e-05 1 1.85905e-17 -4.47637e-05 1 1.85905e-17 -4.47637e-05 1 1.85905e-17 -4.47637e-05 1 1.85905e-17 -4.47637e-05 1 1.85905e-17 -4.47637e-05 1 1.85905e-17 -4.47637e-05 1 1.85905e-17 -4.47637e-05 1 1.85905e-17 -4.47637e-05 1 1.85905e-17 -4.47637e-05 1 1.85905e-17 -4.47637e-05 1 1.85905e-17 -4.47637e-05 1 1.85905e-17 -4.47637e-05 1 1.85905e-17 -4.47637e-05 1 1.85905e-17 -4.47637e-05 1 1.85905e-17 -4.47637e-05 1 1.85905e-17 -4.47637e-05 1 1.85905e-17 -4.47637e-05 1 1.85905e-17 -4.47637e-05 1 1.85905e-17 -4.47637e-05 1 1.85905e-17 -4.47637e-05 1 -1.06303e-18 -0.27568 0.961249 -4.96246e-18 -0.422659 0.906289 -4.96245e-18 -0.422659 0.906289 2.86256e-18 -0.121914 0.992541 -1.06303e-18 -0.27568 0.961249 2.86256e-18 -0.121914 0.992541 6.71768e-18 0.0348548 0.999392 1.04074e-17 0.190765 0.981636 6.71768e-18 0.0348548 0.999392 1.38408e-17 0.341978 0.939708 1.04074e-17 0.190765 0.981636 1.38408e-17 0.341978 0.939708 -8.73968e-18 -0.55923 0.829013 -8.73968e-18 -0.55923 0.829013 -1.23017e-17 -0.682031 0.731323 -1.55608e-17 -0.788038 0.615626 -1.23017e-17 -0.682031 0.731323 -1.84368e-17 -0.874641 0.484771 -1.55608e-17 -0.788038 0.615626 -1.84368e-17 -0.874641 0.484771 -2.08588e-17 -0.939708 0.341978 -2.08588e-17 -0.939708 0.341978 -2.50105e-17 -0.961249 -0.27568 -2.45363e-17 -0.906289 -0.422659 -2.45363e-17 -0.906289 -0.422659 -2.48689e-17 -0.992541 -0.121914 -2.50105e-17 -0.961249 -0.27568 -2.48689e-17 -0.992541 -0.121914 -2.41149e-17 -0.999392 0.0348548 -2.27671e-17 -0.981636 0.190765 -2.41149e-17 -0.999392 0.0348548 -2.08588e-17 -0.939708 0.341978 -2.27671e-17 -0.981636 0.190765 -2.08588e-17 -0.939708 0.341978 -2.34579e-17 -0.829013 -0.55923 -2.34579e-17 -0.829013 -0.55923 -2.18019e-17 -0.731323 -0.682031 -1.96091e-17 -0.615626 -0.788038 -2.18019e-17 -0.731323 -0.682031 -1.69334e-17 -0.484771 -0.874641 -1.96091e-17 -0.615626 -0.788038 -1.69334e-17 -0.484771 -0.874641 -1.38408e-17 -0.341978 -0.939708 -1.38408e-17 -0.341978 -0.939708 1 -4.17325e-22 -1.47281e-17 1 -4.17325e-22 -1.47281e-17 1 -4.17325e-22 -1.47281e-17 1 -4.17325e-22 -1.47281e-17 1 -4.17325e-22 -1.47281e-17 1 -4.17325e-22 -1.47281e-17 1 -4.17325e-22 -1.47281e-17 1 -4.17325e-22 -1.47281e-17 1 -4.17325e-22 -1.47281e-17 1 -4.17325e-22 -1.47281e-17 1 -4.17325e-22 -1.47281e-17 1 -4.17325e-22 -1.47281e-17 1 -4.17325e-22 -1.47281e-17 1 -4.17325e-22 -1.47281e-17 1 -4.17325e-22 -1.47281e-17 1 -4.17325e-22 -1.47281e-17 1 -4.17325e-22 -1.47281e-17 1 -4.17325e-22 -1.47281e-17 1 -4.17325e-22 -1.47281e-17 1 -4.17325e-22 -1.47281e-17 1 -4.17325e-22 -1.47281e-17 1 -4.17325e-22 -1.47281e-17 1 -4.17325e-22 -1.47281e-17 1 -4.17325e-22 -1.47281e-17 1 -4.17325e-22 -1.47281e-17 1 -4.17325e-22 -1.47281e-17 1 -4.17325e-22 -1.47281e-17 1 -4.17325e-22 -1.47281e-17 1 -4.17325e-22 -1.47281e-17 1 -4.17325e-22 -1.47281e-17 1 -4.17325e-22 -1.47281e-17 1 -4.17325e-22 -1.47281e-17 1 -4.17325e-22 -1.47281e-17 1 -4.17325e-22 -1.47281e-17 1 -4.17325e-22 -1.47281e-17 1 -4.17325e-22 -1.47281e-17 1 -4.17325e-22 -1.47281e-17 1 -4.17325e-22 -1.47281e-17 1 -4.17325e-22 -1.47281e-17 1 -4.17325e-22 -1.47281e-17 1 -4.17325e-22 -1.47281e-17 1 -4.17325e-22 -1.47281e-17 1 -4.17325e-22 -1.47281e-17 1 -4.17325e-22 -1.47281e-17 1 -4.17325e-22 -1.47281e-17 1 -4.17325e-22 -1.47281e-17 1 -4.17325e-22 -1.47281e-17 1 -4.17325e-22 -1.47281e-17 1 -4.17325e-22 -1.47281e-17 1 -4.17325e-22 -1.47281e-17 1 -4.17325e-22 -1.47281e-17 1 -4.17325e-22 -1.47281e-17 1 -4.17325e-22 -1.47281e-17 1 -4.17325e-22 -1.47281e-17 1 -4.17325e-22 -1.47281e-17 1 -4.17325e-22 -1.47281e-17 1 -4.17325e-22 -1.47281e-17 1 -4.17325e-22 -1.47281e-17 1 -4.17325e-22 -1.47281e-17 1 -4.17325e-22 -1.47281e-17 1 -4.17325e-22 -1.47281e-17 1 -4.17325e-22 -1.47281e-17 1 -4.17325e-22 -1.47281e-17 1 -4.17325e-22 -1.47281e-17 1 -4.17325e-22 -1.47281e-17 1 -4.17325e-22 -1.47281e-17 1 -4.17325e-22 -1.47281e-17 1 -4.17325e-22 -1.47281e-17 1 -4.17325e-22 -1.47281e-17 1 -4.17325e-22 -1.47281e-17 1 -4.17325e-22 -1.47281e-17 1 -4.17325e-22 -1.47281e-17 1 -4.17325e-22 -1.47281e-17 1 -4.17325e-22 -1.47281e-17 1 -4.17325e-22 -1.47281e-17 1 -4.17325e-22 -1.47281e-17 1 -4.17325e-22 -1.47281e-17 1 -4.17325e-22 -1.47281e-17 1 -4.17325e-22 -1.47281e-17 1 -4.17325e-22 -1.47281e-17 1 -4.17325e-22 -1.47281e-17 1 -4.17325e-22 -1.47281e-17 1 -4.17325e-22 -1.47281e-17 1 -4.17325e-22 -1.47281e-17 1 -4.17325e-22 -1.47281e-17 1 -4.17325e-22 -1.47281e-17 1 -4.17325e-22 -1.47281e-17 1 -4.17325e-22 -1.47281e-17 1 -4.17325e-22 -1.47281e-17 1 -4.17325e-22 -1.47281e-17 1 -4.17325e-22 -1.47281e-17 1 -4.17325e-22 -1.47281e-17 1 -4.17325e-22 -1.47281e-17 1 -4.17325e-22 -1.47281e-17 1 -4.17325e-22 -1.47281e-17 1 -4.17325e-22 -1.47281e-17 1 -4.17325e-22 -1.47281e-17 1 -4.17325e-22 -1.47281e-17 1 -4.17325e-22 -1.47281e-17 1 -4.17325e-22 -1.47281e-17 1 -4.17325e-22 -1.47281e-17 1 -4.17325e-22 -1.47281e-17 1 -4.17325e-22 -1.47281e-17 1 -4.17325e-22 -1.47281e-17 1 -4.17325e-22 -1.47281e-17 1 -4.17325e-22 -1.47281e-17 1 -4.17325e-22 -1.47281e-17 1 -4.17325e-22 -1.47281e-17 1 -4.17325e-22 -1.47281e-17 1 -4.17325e-22 -1.47281e-17 1 -4.17325e-22 -1.47281e-17 1 -4.17325e-22 -1.47281e-17 1 -4.17325e-22 -1.47281e-17 1 -4.17325e-22 -1.47281e-17 1 -4.17325e-22 -1.47281e-17 1 -4.17325e-22 -1.47281e-17 1 -4.17325e-22 -1.47281e-17 1 -4.17325e-22 -1.47281e-17 1 -4.17325e-22 -1.47281e-17 1 -4.17325e-22 -1.47281e-17 1 -4.17325e-22 -1.47281e-17 1 -4.17325e-22 -1.47281e-17 1 -4.17325e-22 -1.47281e-17 1 -4.17325e-22 -1.47281e-17 1 -4.17325e-22 -1.47281e-17 1 -4.17325e-22 -1.47281e-17 1 -4.17325e-22 -1.47281e-17 1 -4.17325e-22 -1.47281e-17 1 -4.17325e-22 -1.47281e-17 1 -4.17325e-22 -1.47281e-17 1 -4.17325e-22 -1.47281e-17 1 -4.17325e-22 -1.47281e-17 1 -4.17325e-22 -1.47281e-17 1 -4.17325e-22 -1.47281e-17 1 -4.17325e-22 -1.47281e-17 1 -4.17325e-22 -1.47281e-17 1 -4.17325e-22 -1.47281e-17 1 -4.17325e-22 -1.47281e-17 1 -4.17325e-22 -1.47281e-17 1 -4.17325e-22 -1.47281e-17 1 -4.17325e-22 -1.47281e-17 1 -4.17325e-22 -1.47281e-17 1 -4.17325e-22 -1.47281e-17 1 -4.17325e-22 -1.47281e-17 1 -4.17325e-22 -1.47281e-17 1 -4.17325e-22 -1.47281e-17 1 -4.17325e-22 -1.47281e-17 1 -4.17325e-22 -1.47281e-17 1 -4.17325e-22 -1.47281e-17 1 -4.17325e-22 -1.47281e-17 1 -4.17325e-22 -1.47281e-17 1 -4.17325e-22 -1.47281e-17 1 -4.17325e-22 -1.47281e-17 1 -4.17325e-22 -1.47281e-17 1 -4.17325e-22 -1.47281e-17 1 -4.17325e-22 -1.47281e-17 1 -4.17325e-22 -1.47281e-17 1 -4.17325e-22 -1.47281e-17 1 -4.17325e-22 -1.47281e-17 1 -4.17325e-22 -1.47281e-17 1 -4.17325e-22 -1.47281e-17 1 -4.17325e-22 -1.47281e-17 1 -4.17325e-22 -1.47281e-17 1 -4.17325e-22 -1.47281e-17 1 -4.17325e-22 -1.47281e-17 1 -4.17325e-22 -1.47281e-17 1 -4.17325e-22 -1.47281e-17 1 -4.17325e-22 -1.47281e-17 -1 0 1.41063e-18 -1 0 1.41063e-18 -1 0 1.41063e-18 -1 0 1.41063e-18 -1 0 1.41063e-18 -1 0 1.41063e-18 -1 0 1.41063e-18 -1 0 1.41063e-18 -1 0 1.41063e-18 -1 0 1.41063e-18 -1 0 1.41063e-18 -1 0 1.41063e-18 -1 0 1.41063e-18 -1 0 1.41063e-18 -1 0 1.41063e-18 -1 0 1.41063e-18 -1 0 1.41063e-18 -1 0 1.41063e-18 -1 0 1.41063e-18 -1 0 1.41063e-18 -1 0 1.41063e-18 -1 0 1.41063e-18 -1 0 1.41063e-18 -1 0 1.41063e-18 -1 0 1.41063e-18 -1 0 1.41063e-18 -1 0 1.41063e-18 -1 0 1.41063e-18 -1 0 1.41063e-18 -1 0 1.41063e-18 -1 0 1.41063e-18 -1 0 1.41063e-18 -1 0 1.41063e-18 -1 0 1.41063e-18 -1 0 1.41063e-18 -1 0 1.41063e-18 -1 0 1.41063e-18 -1 0 1.41063e-18 -1 0 1.41063e-18 -1 0 1.41063e-18 -1 0 1.41063e-18 -1 0 1.41063e-18 -1 0 1.41063e-18 -1 0 1.41063e-18 -1 0 1.41063e-18 -1 0 1.41063e-18 -1 0 1.41063e-18 -1 0 1.41063e-18 -1 0 1.41063e-18 -1 0 1.41063e-18 -1 0 1.41063e-18 -1 0 1.41063e-18 -1 0 1.41063e-18 -1 0 1.41063e-18 -1 0 1.41063e-18 -1 0 1.41063e-18 -1 0 1.41063e-18 -1 0 1.41063e-18 -1 0 1.41063e-18 -1 0 1.41063e-18 -1 0 1.41063e-18 -1 0 1.41063e-18 -1 0 1.41063e-18 -1 0 1.41063e-18 -1 0 1.41063e-18 -1 0 1.41063e-18 -1 0 1.41063e-18 -1 0 1.41063e-18 -1 0 1.41063e-18 -1 0 1.41063e-18 -1 0 1.41063e-18 -1 0 1.41063e-18 -1 0 1.41063e-18 -1 0 1.41063e-18 -1 0 1.41063e-18 -1 0 1.41063e-18 -1 0 1.41063e-18 -1 0 1.41063e-18 -1 0 1.41063e-18 -1 0 1.41063e-18 -1 0 1.41063e-18 -1 0 1.41063e-18 -1 0 1.41063e-18 -1 0 1.41063e-18 -1 0 1.41063e-18 -1 0 1.41063e-18 -1 0 1.41063e-18 -1 0 1.41063e-18 -1 0 1.41063e-18 -1 0 1.41063e-18 -1 0 1.41063e-18 -1 0 1.41063e-18 -1 0 1.41063e-18 -1 0 1.41063e-18 -1 0 1.41063e-18 -1 0 1.41063e-18 -1 0 1.41063e-18 -1 0 1.41063e-18 -1 0 1.41063e-18 -1 0 1.41063e-18 -1 0 1.41063e-18 -1 0 1.41063e-18 -1 0 1.41063e-18 -1 0 1.41063e-18 -1 0 1.41063e-18 -1 0 1.41063e-18 -1 0 1.41063e-18 -1 0 1.41063e-18 -1 0 1.41063e-18 -1 0 1.41063e-18 -1 0 1.41063e-18 -1 0 1.41063e-18 -1 0 1.41063e-18 -1 0 1.41063e-18 -1 0 1.41063e-18 -1 0 1.41063e-18 -1 0 1.41063e-18 -1 0 1.41063e-18 -1 0 1.41063e-18 -1 0 1.41063e-18 -1 0 1.41063e-18 -1 0 1.41063e-18 -1 0 1.41063e-18 -1 0 1.41063e-18 -1 0 1.41063e-18 -1 0 1.41063e-18 -1 0 1.41063e-18 -1 0 1.41063e-18 -1 0 1.41063e-18 -1 0 1.41063e-18 -1 0 1.41063e-18 -1 0 1.41063e-18 -1 0 1.41063e-18 -1 0 1.41063e-18 -1 0 1.41063e-18 -1 0 1.41063e-18 -1 0 1.41063e-18 -1 0 1.41063e-18 -1 0 1.41063e-18 -1 0 1.41063e-18 -1 0 1.41063e-18 -1 0 1.41063e-18 -1 0 1.41063e-18 -1 0 1.41063e-18 -1 0 1.41063e-18 -1 0 1.41063e-18 -1 0 1.41063e-18 -1 0 1.41063e-18 -1 0 1.41063e-18 -1 0 1.41063e-18 -1 0 1.41063e-18 -1 0 1.41063e-18 -1 0 1.41063e-18 -1 0 1.41063e-18 -1 0 1.41063e-18 -1 0 1.41063e-18 -1 0 1.41063e-18 -1 0 1.41063e-18 -1 0 1.41063e-18 -1 0 1.41063e-18 -1 0 1.41063e-18 -1 0 1.41063e-18 -1 0 1.41063e-18 -1 0 1.41063e-18 -1 0 1.41063e-18 -1 0 1.41063e-18 -1 0 1.41063e-18 -1 0 1.41063e-18 -1 0 1.41063e-18 -1 0 1.41063e-18 -1 0 1.41063e-18 -1 0 1.41063e-18 -1 0 1.41063e-18 -1 0 1.41063e-18 -1 0 1.41063e-18 -1 0 1.41063e-18 -1 0 1.41063e-18 -1 0 1.41063e-18 -1 0 1.41063e-18 -1 0 1.41063e-18 -1 0 1.41063e-18 -1 0 1.41063e-18 -1 0 1.41063e-18 -1 0 1.41063e-18 -1 0 1.41063e-18 -1 0 1.41063e-18 -1 0 1.41063e-18 -1 0 1.41063e-18 -1 0 1.41063e-18 -1 0 1.41063e-18 -1 0 1.41063e-18 -1 0 1.41063e-18 -1 0 1.41063e-18 -1 0 1.41063e-18 -1 0 1.41063e-18 -1 0 1.41063e-18 -1 0 1.41063e-18 -1 0 1.41063e-18 -1 0 1.41063e-18 -1 0 1.41063e-18 -1 0 1.41063e-18 -1 0 1.41063e-18 -1 0 1.41063e-18 -1 0 1.41063e-18 -1 0 1.41063e-18 -1 0 1.41063e-18 -1 0 1.41063e-18 -1 0 1.41063e-18 -1 0 1.41063e-18 -1 0 1.41063e-18 -1 0 1.41063e-18 -1 0 1.41063e-18 -1 0 1.41063e-18 -1 0 1.41063e-18 -1 0 1.41063e-18 -1 0 1.41063e-18 -1 0 1.41063e-18 -1 0 1.41063e-18 -1 0 1.41063e-18 -1 0 1.41063e-18 -1 0 1.41063e-18 -1 0 1.41063e-18 -1 0 1.41063e-18 -1 0 1.41063e-18 -1 0 1.41063e-18 -1 0 1.41063e-18 -1 0 1.41063e-18 -1 0 1.41063e-18 -1 0 1.41063e-18 -1 0 1.41063e-18 -1 0 1.41063e-18 -1 0 1.41063e-18 -1 0 1.41063e-18 -1 0 1.41063e-18 -1 0 1.41063e-18 -1 0 1.41063e-18 -1 0 1.41063e-18 -1 0 1.41063e-18 -1 0 1.41063e-18 -1 0 1.41063e-18 -1 0 1.41063e-18 -1 0 1.41063e-18 -1 0 1.41063e-18 -1 0 1.41063e-18 -1 0 1.41063e-18 -1 0 1.41063e-18 -1 0 1.41063e-18 -1 0 1.41063e-18 -1 0 1.41063e-18 -1 0 1.41063e-18 -1 0 1.41063e-18 -1 0 1.41063e-18 -1 0 1.41063e-18 -1 0 1.41063e-18 -1 0 1.41063e-18 -1 -0 -6.12323e-17 -1 -0 -6.12323e-17 -1 -0 -6.12323e-17 -1 -0 -6.12323e-17 -1 -0 -6.12323e-17 -1 -0 -6.12323e-17 -1 -0 -6.12323e-17 -1 -0 -6.12323e-17 -1 -0 -6.12323e-17 -1 -0 -6.12323e-17 -1 -0 -6.12323e-17 -1 -0 -6.12323e-17 -1 -0 -6.12323e-17 -1 -0 -6.12323e-17 -1 -0 -6.12323e-17 -1 -0 -6.12323e-17 -1 -0 -6.12323e-17 -1 -0 -6.12323e-17 -1 -0 -6.12323e-17 -1 -0 -6.12323e-17 -1 -0 -6.12323e-17 -1 -0 -6.12323e-17 -1 -0 -6.12323e-17 -1 -0 -6.12323e-17 -1 -0 -6.12323e-17 -1 -0 -6.12323e-17 -1 -0 -6.12323e-17 -1 -0 -6.12323e-17 -1 -0 -6.12323e-17 -1 -0 -6.12323e-17 -1 -0 -6.12323e-17 -1 -0 -6.12323e-17 -1 -0 -6.12323e-17 -1 -0 -6.12323e-17 -1 -0 -6.12323e-17 -1 -0 -6.12323e-17 -1 -0 -6.12323e-17 -1 -0 -6.12323e-17 -1 -0 -6.12323e-17 -1 -0 -6.12323e-17 -1 -0 -6.12323e-17 -1 -0 -6.12323e-17 -1 -0 -6.12323e-17 -1 -0 -6.12323e-17 -1 -0 -6.12323e-17 -1 -0 -6.12323e-17 -1 -0 -6.12323e-17 -1 -0 -6.12323e-17 -1 -0 -6.12323e-17 -1 -0 -6.12323e-17 -1 -0 -6.12323e-17 -1 -0 -6.12323e-17 -1 -0 -6.12323e-17 -1 -0 -6.12323e-17 -1 -0 -6.12323e-17 -1 -0 -6.12323e-17 -1 -0 -6.12323e-17 -1 -0 -6.12323e-17 -1 -0 -6.12323e-17 -1 -0 -6.12323e-17 -1 -0 -6.12323e-17 -1 -0 -6.12323e-17 -1 -0 -6.12323e-17 -1 -0 -6.12323e-17 -1 -0 -6.12323e-17 -1 -0 -6.12323e-17 -1 -0 -6.12323e-17 -1 -0 -6.12323e-17 -1 -0 -6.12323e-17 -1 -0 -6.12323e-17 -1 -0 -6.12323e-17 -1 -0 -6.12323e-17 -1 -0 -6.12323e-17 -1 -0 -6.12323e-17 -1 -0 -6.12323e-17 -1 -0 -6.12323e-17 -1 -0 -6.12323e-17 -1 -0 -6.12323e-17 -1 -0 -6.12323e-17 -1 -0 -6.12323e-17 -1 -0 -6.12323e-17 -1 -0 -6.12323e-17 -1 -0 -6.12323e-17 -1 -0 -6.12323e-17 -1 -0 -6.12323e-17 -1 -0 -6.12323e-17 -1 -0 -6.12323e-17 -1 -0 -6.12323e-17 -1 -0 -6.12323e-17 -1 -0 -6.12323e-17 -1 -0 -6.12323e-17 -1 -0 -6.12323e-17 -1 -0 -6.12323e-17 -1 -0 -6.12323e-17 -1 -0 -6.12323e-17 -1 -0 -6.12323e-17 -1 -0 -6.12323e-17 -1 -0 -6.12323e-17 -1 4.17325e-22 1.47281e-17 -1 4.17325e-22 1.47281e-17 -1 4.17325e-22 1.47281e-17 -1 4.17325e-22 1.47281e-17 -1 4.17325e-22 1.47281e-17 -1 4.17325e-22 1.47281e-17 -1 4.17325e-22 1.47281e-17 -1 4.17325e-22 1.47281e-17 -1 4.17325e-22 1.47281e-17 -1 4.17325e-22 1.47281e-17 -1 4.17325e-22 1.47281e-17 -1 4.17325e-22 1.47281e-17 -1 4.17325e-22 1.47281e-17 -1 4.17325e-22 1.47281e-17 -1 4.17325e-22 1.47281e-17 -1 4.17325e-22 1.47281e-17 -1 4.17325e-22 1.47281e-17 -1 4.17325e-22 1.47281e-17 -1 4.17325e-22 1.47281e-17 -1 4.17325e-22 1.47281e-17 -1 4.17325e-22 1.47281e-17 -1 4.17325e-22 1.47281e-17 -1 4.17325e-22 1.47281e-17 -1 4.17325e-22 1.47281e-17 -1 4.17325e-22 1.47281e-17 -1 4.17325e-22 1.47281e-17 -1 4.17325e-22 1.47281e-17 -1 4.17325e-22 1.47281e-17 -1 4.17325e-22 1.47281e-17 -1 4.17325e-22 1.47281e-17 -1 4.17325e-22 1.47281e-17 -1 4.17325e-22 1.47281e-17 -1 4.17325e-22 1.47281e-17 -1 4.17325e-22 1.47281e-17 -1 4.17325e-22 1.47281e-17 -1 4.17325e-22 1.47281e-17 -1 4.17325e-22 1.47281e-17 -1 4.17325e-22 1.47281e-17 -1 4.17325e-22 1.47281e-17 -1 4.17325e-22 1.47281e-17 -1 4.17325e-22 1.47281e-17 -1 4.17325e-22 1.47281e-17 -1 4.17325e-22 1.47281e-17 -1 4.17325e-22 1.47281e-17 -1 4.17325e-22 1.47281e-17 -1 4.17325e-22 1.47281e-17 -1 4.17325e-22 1.47281e-17 -1 4.17325e-22 1.47281e-17 -1 4.17325e-22 1.47281e-17 -1 4.17325e-22 1.47281e-17 -1 4.17325e-22 1.47281e-17 -1 4.17325e-22 1.47281e-17 -1 4.17325e-22 1.47281e-17 -1 4.17325e-22 1.47281e-17 -1 4.17325e-22 1.47281e-17 -1 4.17325e-22 1.47281e-17 -1 4.17325e-22 1.47281e-17 -1 4.17325e-22 1.47281e-17 -1 4.17325e-22 1.47281e-17 -1 4.17325e-22 1.47281e-17 -1 4.17325e-22 1.47281e-17 -1 4.17325e-22 1.47281e-17 -1 4.17325e-22 1.47281e-17 -1 4.17325e-22 1.47281e-17 -1 4.17325e-22 1.47281e-17 -1 4.17325e-22 1.47281e-17 -1 4.17325e-22 1.47281e-17 -1 4.17325e-22 1.47281e-17 -1 4.17325e-22 1.47281e-17 -1 4.17325e-22 1.47281e-17 -1 4.17325e-22 1.47281e-17 -1 4.17325e-22 1.47281e-17 -1 4.17325e-22 1.47281e-17 -1 4.17325e-22 1.47281e-17 -1 4.17325e-22 1.47281e-17 -1 4.17325e-22 1.47281e-17 -1 4.17325e-22 1.47281e-17 -1 4.17325e-22 1.47281e-17 -1 4.17325e-22 1.47281e-17 -1 4.17325e-22 1.47281e-17 -1 4.17325e-22 1.47281e-17 -1 4.17325e-22 1.47281e-17 -1 4.17325e-22 1.47281e-17 -1 4.17325e-22 1.47281e-17 -1 4.17325e-22 1.47281e-17 -1 4.17325e-22 1.47281e-17 -1 4.17325e-22 1.47281e-17 -1 4.17325e-22 1.47281e-17 -1 4.17325e-22 1.47281e-17 -1 4.17325e-22 1.47281e-17 -1 4.17325e-22 1.47281e-17 -1 4.17325e-22 1.47281e-17 -1 4.17325e-22 1.47281e-17 -1 4.17325e-22 1.47281e-17 -1 4.17325e-22 1.47281e-17 -1 4.17325e-22 1.47281e-17 -1 4.17325e-22 1.47281e-17 -1 4.17325e-22 1.47281e-17 -1 4.17325e-22 1.47281e-17 -1 4.17325e-22 1.47281e-17 -1 4.17325e-22 1.47281e-17 -1 4.17325e-22 1.47281e-17 -1 4.17325e-22 1.47281e-17 -1 4.17325e-22 1.47281e-17 -1 4.17325e-22 1.47281e-17 -1 4.17325e-22 1.47281e-17 -1 4.17325e-22 1.47281e-17 -1 4.17325e-22 1.47281e-17 -1 4.17325e-22 1.47281e-17 -1 4.17325e-22 1.47281e-17 -1 4.17325e-22 1.47281e-17 -1 4.17325e-22 1.47281e-17 -1 4.17325e-22 1.47281e-17 -1 4.17325e-22 1.47281e-17 -1 4.17325e-22 1.47281e-17 -1 4.17325e-22 1.47281e-17 -1 4.17325e-22 1.47281e-17 -1 4.17325e-22 1.47281e-17 -1 4.17325e-22 1.47281e-17 -1 4.17325e-22 1.47281e-17 -1 4.17325e-22 1.47281e-17 -1 4.17325e-22 1.47281e-17 -1 4.17325e-22 1.47281e-17 -1 4.17325e-22 1.47281e-17 -1 4.17325e-22 1.47281e-17 -1 4.17325e-22 1.47281e-17 -1 4.17325e-22 1.47281e-17 -1 4.17325e-22 1.47281e-17 -1 4.17325e-22 1.47281e-17 -1 4.17325e-22 1.47281e-17 -1 4.17325e-22 1.47281e-17 -1 4.17325e-22 1.47281e-17 -1 4.17325e-22 1.47281e-17 -1 4.17325e-22 1.47281e-17 -1 4.17325e-22 1.47281e-17 -1 4.17325e-22 1.47281e-17 -1 4.17325e-22 1.47281e-17 -1 4.17325e-22 1.47281e-17 -1 4.17325e-22 1.47281e-17 -1 4.17325e-22 1.47281e-17 -1 4.17325e-22 1.47281e-17 -1 4.17325e-22 1.47281e-17 -1 4.17325e-22 1.47281e-17 -1 4.17325e-22 1.47281e-17 -1 4.17325e-22 1.47281e-17 -1 4.17325e-22 1.47281e-17 -1 4.17325e-22 1.47281e-17 -1 4.17325e-22 1.47281e-17 -1 4.17325e-22 1.47281e-17 -1 4.17325e-22 1.47281e-17 -1 4.17325e-22 1.47281e-17 -1 4.17325e-22 1.47281e-17 -1 4.17325e-22 1.47281e-17 -1 4.17325e-22 1.47281e-17 -1 4.17325e-22 1.47281e-17 -1 4.17325e-22 1.47281e-17 -1 4.17325e-22 1.47281e-17 -1 4.17325e-22 1.47281e-17 -1 4.17325e-22 1.47281e-17 -1 4.17325e-22 1.47281e-17 -1 4.17325e-22 1.47281e-17 -1 4.17325e-22 1.47281e-17 -1 4.17325e-22 1.47281e-17 -1 4.17325e-22 1.47281e-17 -1 4.17325e-22 1.47281e-17 -1 4.17325e-22 1.47281e-17 -1 4.17325e-22 1.47281e-17 -1 4.17325e-22 1.47281e-17 1 2.2504e-17 -4.20621e-17 1 2.2504e-17 -4.20621e-17 1 2.2504e-17 -4.20621e-17 1 2.2504e-17 -4.20621e-17 1 2.2504e-17 -4.20621e-17 1 2.2504e-17 -4.20621e-17 1 2.2504e-17 -4.20621e-17 1 2.2504e-17 -4.20621e-17 1 2.2504e-17 -4.20621e-17 1 2.2504e-17 -4.20621e-17 1 2.2504e-17 -4.20621e-17 1 2.2504e-17 -4.20621e-17 1 2.2504e-17 -4.20621e-17 1 2.2504e-17 -4.20621e-17 1 2.2504e-17 -4.20621e-17 1 2.2504e-17 -4.20621e-17 1 2.2504e-17 -4.20621e-17 1 2.2504e-17 -4.20621e-17 1 2.2504e-17 -4.20621e-17 1 2.2504e-17 -4.20621e-17 1 2.2504e-17 -4.20621e-17 1 2.2504e-17 -4.20621e-17 1 2.2504e-17 -4.20621e-17 1 2.2504e-17 -4.20621e-17 1 2.2504e-17 -4.20621e-17 1 2.2504e-17 -4.20621e-17 1 2.2504e-17 -4.20621e-17 1 2.2504e-17 -4.20621e-17 1 2.2504e-17 -4.20621e-17 1 2.2504e-17 -4.20621e-17 1 2.2504e-17 -4.20621e-17 1 2.2504e-17 -4.20621e-17 1 2.2504e-17 -4.20621e-17 1 2.2504e-17 -4.20621e-17 1 2.2504e-17 -4.20621e-17 1 2.2504e-17 -4.20621e-17 1 2.2504e-17 -4.20621e-17 1 2.2504e-17 -4.20621e-17 1 2.2504e-17 -4.20621e-17 1 2.2504e-17 -4.20621e-17 1 2.2504e-17 -4.20621e-17 1 2.2504e-17 -4.20621e-17 1 2.2504e-17 -4.20621e-17 1 2.2504e-17 -4.20621e-17 1 2.2504e-17 -4.20621e-17 1 2.2504e-17 -4.20621e-17 1 2.2504e-17 -4.20621e-17 1 2.2504e-17 -4.20621e-17 1 2.2504e-17 -4.20621e-17 1 2.2504e-17 -4.20621e-17 1 2.2504e-17 -4.20621e-17 1 2.2504e-17 -4.20621e-17 1 2.2504e-17 -4.20621e-17 1 2.2504e-17 -4.20621e-17 1 2.2504e-17 -4.20621e-17 1 2.2504e-17 -4.20621e-17 1 2.2504e-17 -4.20621e-17 1 2.2504e-17 -4.20621e-17 1 2.2504e-17 -4.20621e-17 1 2.2504e-17 -4.20621e-17 1 2.2504e-17 -4.20621e-17 1 2.2504e-17 -4.20621e-17 1 2.2504e-17 -4.20621e-17 1 2.2504e-17 -4.20621e-17 1 2.2504e-17 -4.20621e-17 1 2.2504e-17 -4.20621e-17 1 2.2504e-17 -4.20621e-17 1 2.2504e-17 -4.20621e-17 1 2.2504e-17 -4.20621e-17 1 2.2504e-17 -4.20621e-17 1 2.2504e-17 -4.20621e-17 1 2.2504e-17 -4.20621e-17 1 2.2504e-17 -4.20621e-17 1 2.2504e-17 -4.20621e-17 1 2.2504e-17 -4.20621e-17 1 2.2504e-17 -4.20621e-17 1 2.2504e-17 -4.20621e-17 1 2.2504e-17 -4.20621e-17 1 2.2504e-17 -4.20621e-17 1 2.2504e-17 -4.20621e-17 1 2.2504e-17 -4.20621e-17 1 2.2504e-17 -4.20621e-17 1 2.2504e-17 -4.20621e-17 1 2.2504e-17 -4.20621e-17 1 2.2504e-17 -4.20621e-17 1 2.2504e-17 -4.20621e-17 1 2.2504e-17 -4.20621e-17 1 2.2504e-17 -4.20621e-17 1 2.2504e-17 -4.20621e-17 1 2.2504e-17 -4.20621e-17 1 2.2504e-17 -4.20621e-17 1 2.2504e-17 -4.20621e-17 1 2.2504e-17 -4.20621e-17 1 2.2504e-17 -4.20621e-17 1 2.2504e-17 -4.20621e-17 1 2.2504e-17 -4.20621e-17 1 2.2504e-17 -4.20621e-17 1 2.2504e-17 -4.20621e-17 1 2.2504e-17 -4.20621e-17 1 2.2504e-17 -4.20621e-17 1 2.2504e-17 -4.20621e-17 1 2.2504e-17 -4.20621e-17 1 2.2504e-17 -4.20621e-17 1 2.2504e-17 -4.20621e-17 1 2.2504e-17 -4.20621e-17 1 2.2504e-17 -4.20621e-17 1 2.2504e-17 -4.20621e-17 1 2.2504e-17 -4.20621e-17 1 2.2504e-17 -4.20621e-17 1 2.2504e-17 -4.20621e-17 1 2.2504e-17 -4.20621e-17 1 2.2504e-17 -4.20621e-17 1 2.2504e-17 -4.20621e-17 1 2.2504e-17 -4.20621e-17 1 2.2504e-17 -4.20621e-17 1 2.2504e-17 -4.20621e-17 1 2.2504e-17 -4.20621e-17 1 2.2504e-17 -4.20621e-17 1 2.2504e-17 -4.20621e-17 1 2.2504e-17 -4.20621e-17 1 2.2504e-17 -4.20621e-17 1 2.2504e-17 -4.20621e-17 1 2.2504e-17 -4.20621e-17 1 2.2504e-17 -4.20621e-17 1 2.2504e-17 -4.20621e-17 1 2.2504e-17 -4.20621e-17 1 2.2504e-17 -4.20621e-17 1 2.2504e-17 -4.20621e-17 1 2.2504e-17 -4.20621e-17 1 2.2504e-17 -4.20621e-17 1 2.2504e-17 -4.20621e-17 1 2.2504e-17 -4.20621e-17 1 2.2504e-17 -4.20621e-17 1 2.2504e-17 -4.20621e-17 1 2.2504e-17 -4.20621e-17 1 2.2504e-17 -4.20621e-17 1 2.2504e-17 -4.20621e-17 1 2.2504e-17 -4.20621e-17 1 2.2504e-17 -4.20621e-17 1 2.2504e-17 -4.20621e-17 1 2.2504e-17 -4.20621e-17 1 2.2504e-17 -4.20621e-17 1 2.2504e-17 -4.20621e-17 1 2.2504e-17 -4.20621e-17 1 2.2504e-17 -4.20621e-17 1 2.2504e-17 -4.20621e-17 1 2.2504e-17 -4.20621e-17 1 2.2504e-17 -4.20621e-17 1 2.2504e-17 -4.20621e-17 1 2.2504e-17 -4.20621e-17 1 2.2504e-17 -4.20621e-17 1 2.2504e-17 -4.20621e-17 1 2.2504e-17 -4.20621e-17 1 2.2504e-17 -4.20621e-17 1 2.2504e-17 -4.20621e-17 1 2.2504e-17 -4.20621e-17 1 2.2504e-17 -4.20621e-17 1 2.2504e-17 -4.20621e-17 1 2.2504e-17 -4.20621e-17 1 2.2504e-17 -4.20621e-17 1 2.2504e-17 -4.20621e-17 1 2.2504e-17 -4.20621e-17 1 2.2504e-17 -4.20621e-17 1 2.2504e-17 -4.20621e-17 1 2.2504e-17 -4.20621e-17 1 2.2504e-17 -4.20621e-17 1 2.2504e-17 -4.20621e-17 1 2.2504e-17 -4.20621e-17 1 2.2504e-17 -4.20621e-17 1 2.2504e-17 -4.20621e-17 1 2.2504e-17 -4.20621e-17 1 2.2504e-17 -4.20621e-17 1 2.2504e-17 -4.20621e-17 1 2.2504e-17 -4.20621e-17 1 2.2504e-17 -4.20621e-17 1 2.2504e-17 -4.20621e-17 1 2.2504e-17 -4.20621e-17 1 2.2504e-17 -4.20621e-17 1 2.2504e-17 -4.20621e-17 1 2.2504e-17 -4.20621e-17 1 2.2504e-17 -4.20621e-17 1 2.2504e-17 -4.20621e-17 1 2.2504e-17 -4.20621e-17 1 2.2504e-17 -4.20621e-17 1 2.2504e-17 -4.20621e-17 1 2.2504e-17 -4.20621e-17 1 2.2504e-17 -4.20621e-17 1 2.2504e-17 -4.20621e-17 1 2.2504e-17 -4.20621e-17 1 2.2504e-17 -4.20621e-17 1 2.2504e-17 -4.20621e-17 1 2.2504e-17 -4.20621e-17 1 2.2504e-17 -4.20621e-17 1 2.2504e-17 -4.20621e-17 1 2.2504e-17 -4.20621e-17 1 2.2504e-17 -4.20621e-17 1 2.2504e-17 -4.20621e-17 1 2.2504e-17 -4.20621e-17 1 2.2504e-17 -4.20621e-17 1 2.2504e-17 -4.20621e-17 1 2.2504e-17 -4.20621e-17 1 2.2504e-17 -4.20621e-17 1 2.2504e-17 -4.20621e-17 1 2.2504e-17 -4.20621e-17 1 2.2504e-17 -4.20621e-17 1 2.2504e-17 -4.20621e-17 1 2.2504e-17 -4.20621e-17 1 2.2504e-17 -4.20621e-17 1 2.2504e-17 -4.20621e-17 1 2.2504e-17 -4.20621e-17 1 2.2504e-17 -4.20621e-17 1 2.2504e-17 -4.20621e-17 1 2.2504e-17 -4.20621e-17 1 2.2504e-17 -4.20621e-17 1 2.2504e-17 -4.20621e-17 1 2.2504e-17 -4.20621e-17 1 2.2504e-17 -4.20621e-17 1 2.2504e-17 -4.20621e-17 1 2.2504e-17 -4.20621e-17 1 2.2504e-17 -4.20621e-17 1 2.2504e-17 -4.20621e-17 1 2.2504e-17 -4.20621e-17 1 2.2504e-17 -4.20621e-17 1 2.2504e-17 -4.20621e-17 1 2.2504e-17 -4.20621e-17 1 2.2504e-17 -4.20621e-17 1 2.2504e-17 -4.20621e-17 1 2.2504e-17 -4.20621e-17 1 2.2504e-17 -4.20621e-17 1 2.2504e-17 -4.20621e-17 1 2.2504e-17 -4.20621e-17 1 2.2504e-17 -4.20621e-17 1 2.2504e-17 -4.20621e-17 1 2.2504e-17 -4.20621e-17 1 2.2504e-17 -4.20621e-17 1 2.2504e-17 -4.20621e-17 1 2.2504e-17 -4.20621e-17 1 2.2504e-17 -4.20621e-17 1 2.2504e-17 -4.20621e-17 1 2.2504e-17 -4.20621e-17 1 2.2504e-17 -4.20621e-17 1 2.2504e-17 -4.20621e-17 1 2.2504e-17 -4.20621e-17 1 2.2504e-17 -4.20621e-17 1 2.2504e-17 -4.20621e-17 1 2.2504e-17 -4.20621e-17 1 2.2504e-17 -4.20621e-17 1 2.2504e-17 -4.20621e-17 1 2.2504e-17 -4.20621e-17 1 2.2504e-17 -4.20621e-17 1 2.2504e-17 -4.20621e-17 1 2.2504e-17 -4.20621e-17 1 2.2504e-17 -4.20621e-17 1 2.2504e-17 -4.20621e-17 1 2.2504e-17 -4.20621e-17 1 0 -1.47288e-17 1 0 -1.47288e-17 1 0 -1.47288e-17 1 0 -1.47288e-17 1 0 -1.47288e-17 1 0 -1.47288e-17 1 0 -1.47288e-17 1 0 -1.47288e-17 1 0 -1.47288e-17 1 0 -1.47288e-17 1 0 -1.47288e-17 1 0 -1.47288e-17 1 0 -1.47288e-17 1 0 -1.47288e-17 1 0 -1.47288e-17 1 0 -1.47288e-17 1 0 -1.47288e-17 1 0 -1.47288e-17 1 0 -1.47288e-17 1 0 -1.47288e-17 1 0 -1.47288e-17 1 0 -1.47288e-17 1 0 -1.47288e-17 1 0 -1.47288e-17 1 0 -1.47288e-17 1 0 -1.47288e-17 1 0 -1.47288e-17 1 0 -1.47288e-17 1 0 -1.47288e-17 1 0 -1.47288e-17 1 0 -1.47288e-17 1 0 -1.47288e-17 1 0 -1.47288e-17 1 0 -1.47288e-17 1 0 -1.47288e-17 1 0 -1.47288e-17 1 0 -1.47288e-17 1 0 -1.47288e-17 1 0 -1.47288e-17 1 0 -1.47288e-17 1 0 -1.47288e-17 1 0 -1.47288e-17 1 0 -1.47288e-17 1 0 -1.47288e-17 1 0 -1.47288e-17 1 0 -1.47288e-17 1 0 -1.47288e-17 1 0 -1.47288e-17 1 0 -1.47288e-17 1 0 -1.47288e-17 1 0 -1.47288e-17 1 0 -1.47288e-17 1 0 -1.47288e-17 1 0 -1.47288e-17 1 0 -1.47288e-17 1 0 -1.47288e-17 1 0 -1.47288e-17 1 0 -1.47288e-17 1 0 -1.47288e-17 1 0 -1.47288e-17 1 0 -1.47288e-17 1 0 -1.47288e-17 1 0 -1.47288e-17 1 0 -1.47288e-17 1 0 -1.47288e-17 1 0 -1.47288e-17 1 0 -1.47288e-17 1 0 -1.47288e-17 1 0 -1.47288e-17 1 0 -1.47288e-17 1 0 -1.47288e-17 1 0 -1.47288e-17 1 0 -1.47288e-17 1 0 -1.47288e-17 1 0 -1.47288e-17 1 0 -1.47288e-17 1 0 -1.47288e-17 1 0 -1.47288e-17 1 0 -1.47288e-17 1 0 -1.47288e-17 1 0 -1.47288e-17 1 0 -1.47288e-17 1 0 -1.47288e-17 1 0 -1.47288e-17 1 0 -1.47288e-17 1 0 -1.47288e-17 1 0 -1.47288e-17 1 0 -1.47288e-17 1 0 -1.47288e-17 1 0 -1.47288e-17 1 0 -1.47288e-17 1 0 -1.47288e-17 1 0 -1.47288e-17 1 0 -1.47288e-17 1 0 -1.47288e-17 1 0 -1.47288e-17 1 0 -1.47288e-17 1 0 -1.47288e-17 0.707107 -0.707107 -3.16527e-05 0.707107 -0.707107 -3.16527e-05 0.707107 -0.707107 -3.16527e-05 0.707107 -0.707107 -3.16527e-05 0.707107 -0.707107 -3.16527e-05 0.707107 -0.269585 -0.6537 0.707107 -0.241815 -0.664474 0.707107 -0.241815 -0.664474 0.707107 -0.349834 -0.614505 0.707107 -0.343133 -0.618272 0.707107 -0.323643 -0.628693 0.707107 -0.296878 -0.641766 0.707107 -0.293385 -0.64337 0.707107 -0.267808 -0.65443 0.707107 -0.413666 -0.573481 0.707107 -0.400308 -0.582884 0.707107 -0.424502 -0.565507 0.707107 -0.367226 -0.604272 0.707107 -0.375404 -0.599226 0.707107 -0.39075 -0.589334 0.707107 -0.470588 -0.527776 0.707107 -0.492398 -0.507488 0.707107 -0.478424 -0.520682 0.707107 -0.447942 -0.547127 0.707107 -0.457538 -0.539128 0.707107 -0.435941 -0.556737 0.707107 -0.552439 -0.441374 0.707107 -0.536502 -0.460614 0.707107 -0.53336 -0.464249 0.707107 -0.517937 -0.481395 0.707107 -0.498568 -0.501428 0.707107 -0.513335 -0.4863 0.707107 -0.587089 -0.394114 0.707107 -0.603668 -0.368219 0.707107 -0.602162 -0.370677 0.707107 -0.570538 -0.417716 0.707107 -0.587624 -0.393316 0.707107 -0.571105 -0.41694 0.707107 -0.632515 -0.316109 0.707107 -0.645267 -0.289189 0.707107 -0.641682 -0.29706 0.707107 -0.61864 -0.342468 0.707107 -0.629479 -0.322112 0.707107 -0.616299 -0.346663 0.707107 -0.676573 -0.205547 0.707107 -0.672242 -0.219295 0.707107 -0.667315 -0.233859 0.707107 -0.66308 -0.245612 0.707107 -0.652888 -0.271547 0.707107 -0.656874 -0.261757 0.707107 -0.684629 -0.17687 0.707107 -0.687422 -0.165682 0.707107 -0.680361 -0.192638 0.707107 -0.691471 -0.147879 0.707107 -0.693416 -0.138469 0.707107 -0.698334 -0.11104 0.707107 -0.697085 -0.118626 0.707107 -0.701463 -0.089162 0.707107 -0.702167 -0.0834395 0.707107 -0.704596 -0.0595399 0.707107 -0.704909 -0.055709 0.707107 -0.706556 -0.0278919 0.707107 -0.706478 -0.0298122 0.707107 -0.707107 -3.16787e-05 0.707107 -0.707107 -3.16787e-05 0.707107 -0.554234 -0.439118 0.707107 -0.318506 -0.631311 0.707107 -0.241815 -0.664474 0.707107 -0.241815 -0.664474 0.707107 -0.241815 -0.664474 0.707107 -0.241815 -0.664474 0.707107 -0.241815 -0.664474 0.707107 -0.241815 -0.664474 0.707107 0.241815 0.664474 0.707107 0.241815 0.664474 0.707107 0.241815 0.664474 0.707107 0.241815 0.664474 0.707107 0.241815 0.664474 0.707107 0.546581 0.448608 0.707107 0.563306 0.427418 0.707107 0.564264 0.426152 0.707107 0.54859 0.446149 0.707107 0.532208 0.465569 0.707107 0.515139 0.484388 0.707107 0.529059 0.469144 0.707107 0.510767 0.488996 0.707107 0.497404 0.502582 0.707107 0.479028 0.520127 0.707107 0.491729 0.508136 0.707107 0.460033 0.537001 0.707107 0.471976 0.526535 0.707107 0.451534 0.544166 0.707107 0.440444 0.553181 0.707107 0.420286 0.568647 0.707107 0.430434 0.561005 0.707107 0.399586 0.583379 0.707107 0.408707 0.577026 0.707107 0.386384 0.592205 0.707107 0.37837 0.597358 0.707107 0.356665 0.610565 0.707107 0.363498 0.606522 0.707107 0.3345 0.622985 0.707107 0.340083 0.619955 0.707107 0.316171 0.632484 0.707107 0.311903 0.6346 0.707107 0.288903 0.645395 0.707107 0.291799 0.644091 0.707107 0.265531 0.655358 0.707107 0.267002 0.65476 0.707107 0.241815 0.664474 0.707107 0.241815 0.664474 0.707107 0.57921 0.405606 0.707107 0.57921 0.405606 0.707107 0.59427 0.383202 0.707107 0.593407 0.384536 0.707107 0.606839 0.362969 0.707107 0.608463 0.360239 0.707107 0.62177 0.336752 0.707107 0.619487 0.340934 0.707107 0.634171 0.312774 0.707107 0.631335 0.318458 0.707107 0.642369 0.295571 0.707107 0.645647 0.28834 0.707107 0.656183 0.263485 0.707107 0.652573 0.272303 0.707107 0.665762 0.238247 0.707107 0.661934 0.248683 0.707107 0.670441 0.224743 0.707107 0.67437 0.212661 0.707107 0.681996 0.186766 0.707107 0.678082 0.200511 0.707107 0.688628 0.160598 0.707107 0.684848 0.176022 0.707107 0.690729 0.151304 0.707107 0.694256 0.134196 0.707107 0.698872 0.107599 0.707107 0.695719 0.126392 0.707107 0.70247 0.0808445 0.707107 0.699811 0.101316 0.707107 0.702999 0.0761098 0.707107 0.705044 0.0539724 0.707107 0.705279 0.0508051 0.707107 0.706649 0.0254348 0.707107 0.70659 0.0270218 0.707107 0.707107 3.16338e-05 0.707107 0.707107 3.16338e-05 -0.707107 -0.707107 -3.16527e-05 -0.707107 -0.707107 -3.16527e-05 -0.707107 -0.707107 -3.16527e-05 -0.707107 -0.707107 -3.16527e-05 -0.707107 -0.707107 -3.16527e-05 -0.707107 -0.343133 -0.618272 -0.707107 -0.323643 -0.628693 -0.707107 -0.318506 -0.631311 -0.707107 -0.241815 -0.664474 -0.707107 -0.241815 -0.664474 -0.707107 -0.267808 -0.65443 -0.707107 -0.367226 -0.604272 -0.707107 -0.375404 -0.599226 -0.707107 -0.349834 -0.614505 -0.707107 -0.296878 -0.641766 -0.707107 -0.269586 -0.6537 -0.707107 -0.293385 -0.64337 -0.707107 -0.435941 -0.556737 -0.707107 -0.447942 -0.547127 -0.707107 -0.424502 -0.565507 -0.707107 -0.413666 -0.573481 -0.707107 -0.400308 -0.582884 -0.707107 -0.39075 -0.589334 -0.707107 -0.498568 -0.501428 -0.707107 -0.492398 -0.507488 -0.707107 -0.478424 -0.520682 -0.707107 -0.470588 -0.527776 -0.707107 -0.457538 -0.539128 -0.707107 -0.552439 -0.441374 -0.707107 -0.536502 -0.460614 -0.707107 -0.554234 -0.439118 -0.707107 -0.513335 -0.4863 -0.707107 -0.517937 -0.481395 -0.707107 -0.53336 -0.464249 -0.707107 -0.602162 -0.370677 -0.707107 -0.603668 -0.368218 -0.707107 -0.587625 -0.393316 -0.707107 -0.587089 -0.394114 -0.707107 -0.570538 -0.417716 -0.707107 -0.571105 -0.41694 -0.707107 -0.645267 -0.289189 -0.707107 -0.632515 -0.316109 -0.707107 -0.641682 -0.29706 -0.707107 -0.61864 -0.342468 -0.707107 -0.616299 -0.346663 -0.707107 -0.629479 -0.322112 -0.707107 -0.667315 -0.233859 -0.707107 -0.66308 -0.245612 -0.707107 -0.672242 -0.219295 -0.707107 -0.652888 -0.271547 -0.707107 -0.656874 -0.261757 -0.707107 -0.684629 -0.17687 -0.707107 -0.676573 -0.205547 -0.707107 -0.680361 -0.192638 -0.707107 -0.687422 -0.165682 -0.707107 -0.691471 -0.147879 -0.707107 -0.693416 -0.138469 -0.707107 -0.697085 -0.118626 -0.707107 -0.701463 -0.089162 -0.707107 -0.698334 -0.11104 -0.707107 -0.702167 -0.0834394 -0.707107 -0.704596 -0.05954 -0.707107 -0.704909 -0.055709 -0.707107 -0.706556 -0.0278919 -0.707107 -0.706478 -0.0298122 -0.707107 -0.707107 -3.16338e-05 -0.707107 -0.707107 -3.16338e-05 -0.707107 -0.241815 -0.664474 -0.707107 -0.241815 -0.664474 -0.707107 -0.241815 -0.664474 -0.707107 -0.241815 -0.664474 -0.707107 -0.241815 -0.664474 -0.707107 -0.241815 -0.664474 -0.707107 0.344014 0.617782 -0.707107 0.324256 0.628377 -0.707107 0.319181 0.63097 -0.707107 0.241815 0.664474 -0.707107 0.241815 0.664474 -0.707107 0.268041 0.654335 -0.707107 0.368302 0.603617 -0.707107 0.376378 0.598614 -0.707107 0.350633 0.614049 -0.707107 0.297295 0.641573 -0.707107 0.269798 0.653612 -0.707107 0.293843 0.643161 -0.707107 0.437526 0.555492 -0.707107 0.449365 0.545959 -0.707107 0.425789 0.564539 -0.707107 0.415096 0.572447 -0.707107 0.401445 0.582101 -0.707107 0.392009 0.588497 -0.707107 0.50053 0.49947 -0.707107 0.494046 0.505884 -0.707107 0.480277 0.518974 -0.707107 0.472131 0.526396 -0.707107 0.459264 0.537658 -0.707107 0.554301 0.439034 -0.707107 0.53863 0.458124 -0.707107 0.556418 0.436347 -0.707107 0.515071 0.48446 -0.707107 0.519991 0.479176 -0.707107 0.535169 0.462163 -0.707107 0.604396 0.367022 -0.707107 0.605576 0.365071 -0.707107 0.589537 0.390444 -0.707107 0.589327 0.390761 -0.707107 0.572435 0.415113 -0.707107 0.573326 0.413881 -0.707107 0.647042 0.285195 -0.707107 0.634355 0.3124 -0.707107 0.643783 0.292479 -0.707107 0.620525 0.339041 -0.707107 0.61851 0.342703 -0.707107 0.631646 0.317842 -0.707107 0.668897 0.229295 -0.707107 0.664985 0.240406 -0.707107 0.674017 0.213778 -0.707107 0.654902 0.266653 -0.707107 0.658563 0.257477 -0.707107 0.688871 0.159552 -0.707107 0.69467 0.132039 -0.707107 0.692604 0.142476 -0.707107 0.681983 0.186813 -0.707107 0.685933 0.171743 -0.707107 0.678026 0.2007 -0.707107 0.705447 0.0484218 -0.707107 0.705091 0.0533488 -0.707107 0.702964 0.0764297 -0.707107 0.702192 0.0832257 -0.707107 0.698027 0.112953 -0.707107 0.69937 0.104317 -0.707107 0.707076 -0.00663924 -0.707107 0.706196 -0.0358833 -0.707107 0.706157 -0.0366424 -0.707107 0.706814 0.0203374 -0.707107 0.707064 -0.00777917 -0.707107 0.70672 0.0233759 -0.707107 0.701112 -0.0918773 -0.707107 0.696905 -0.119678 -0.707107 0.700505 -0.0963966 -0.707107 0.704211 -0.0639308 -0.707107 0.703965 -0.0665794 -0.707107 0.677708 -0.201772 -0.707107 0.682587 -0.184593 -0.707107 0.685194 -0.174669 -0.707107 0.689807 -0.155456 -0.707107 0.695783 -0.12604 -0.707107 0.691596 -0.14729 -0.707107 0.653612 -0.269798 -0.707107 0.659535 -0.254978 -0.707107 0.648876 -0.280998 -0.707107 0.674138 -0.213396 -0.707107 0.66915 -0.228556 -0.707107 0.664474 -0.241815 -0.707107 0.6245 -0.331663 -0.707107 0.61082 -0.356228 -0.707107 0.614049 -0.350633 -0.707107 0.637192 -0.306572 -0.707107 0.628377 -0.324256 -0.707107 0.641573 -0.297295 -0.707107 0.564081 -0.426395 -0.707107 0.582101 -0.401445 -0.707107 0.580587 -0.403632 -0.707107 0.596175 -0.380231 -0.707107 0.598615 -0.376378 -0.707107 0.526396 -0.472131 -0.707107 0.528421 -0.469864 -0.707107 0.509323 -0.4905 -0.707107 0.564539 -0.425789 -0.707107 0.546683 -0.448484 -0.707107 0.545959 -0.449365 -0.707107 0.468742 -0.529415 -0.707107 0.447324 -0.547632 -0.707107 0.462163 -0.535168 -0.707107 0.489419 -0.510361 -0.707107 0.48446 -0.515072 -0.707107 0.505884 -0.494046 -0.707107 0.378966 -0.59698 -0.707107 0.390444 -0.589537 -0.707107 0.4024 -0.581441 -0.707107 0.415113 -0.572435 -0.707107 0.439034 -0.554301 -0.707107 0.425198 -0.564983 -0.707107 0.3124 -0.634355 -0.707107 0.339041 -0.620525 -0.707107 0.330338 -0.625201 -0.707107 0.365071 -0.605577 -0.707107 0.354933 -0.611574 -0.707107 0.279622 -0.64947 -0.707107 0.285196 -0.647042 -0.707107 0.305221 -0.63784 -0.707107 0.25358 -0.660074 -0.707107 0.257477 -0.658563 -0.707107 0.227137 -0.669633 -0.707107 0.229295 -0.668897 -0.707107 0.2007 -0.678026 -0.707107 0.200335 -0.678134 -0.707107 0.173217 -0.685563 -0.707107 0.171742 -0.685933 -0.707107 0.145824 -0.691907 -0.707107 0.142476 -0.692604 -0.707107 0.112953 -0.698027 -0.707107 0.118201 -0.697157 -0.707107 0.090391 -0.701306 -0.707107 0.0832257 -0.702192 -0.707107 0.0624381 -0.704345 -0.707107 0.0533488 -0.705091 -0.707107 0.0233759 -0.70672 -0.707107 0.0343864 -0.70627 -0.707107 0.00628033 -0.707079 -0.707107 -0.00663927 -0.707076 -0.707107 -0.0218357 -0.70677 -0.707107 -0.0366424 -0.706157 -0.707107 -0.0665795 -0.703965 -0.707107 -0.049917 -0.705343 -0.707107 -0.0779195 -0.702801 -0.707107 -0.0963966 -0.700505 -0.707107 -0.105799 -0.699147 -0.707107 -0.12604 -0.695783 -0.707107 -0.155456 -0.689807 -0.707107 -0.133511 -0.694388 -0.707107 -0.161012 -0.688531 -0.707107 -0.184593 -0.682587 -0.707107 -0.188258 -0.681586 -0.707107 -0.215207 -0.673562 -0.707107 -0.213396 -0.674138 -0.707107 -0.241815 -0.664474 -0.707107 -0.241815 -0.664474 -0.707107 0.241815 0.664474 -0.707107 0.241815 0.664474 -0.707107 0.241815 0.664474 -0.707107 0.241815 0.664474 -0.707107 0.241815 0.664474 -0.707107 0.57921 0.405606 -0.707107 0.57921 0.405606 -0.707107 0.59427 0.383202 -0.707107 0.564264 0.426152 -0.707107 0.563306 0.427418 -0.707107 0.546581 0.448608 -0.707107 0.54859 0.446149 -0.707107 0.529059 0.469144 -0.707107 0.532208 0.465569 -0.707107 0.515139 0.484388 -0.707107 0.510767 0.488996 -0.707107 0.491729 0.508136 -0.707107 0.497404 0.502582 -0.707107 0.471976 0.526535 -0.707107 0.479028 0.520127 -0.707107 0.460033 0.537001 -0.707107 0.451534 0.544166 -0.707107 0.430434 0.561005 -0.707107 0.440444 0.553181 -0.707107 0.408707 0.577026 -0.707107 0.420286 0.568647 -0.707107 0.399586 0.583379 -0.707107 0.386384 0.592205 -0.707107 0.363498 0.606522 -0.707107 0.37837 0.597358 -0.707107 0.340083 0.619955 -0.707107 0.356665 0.610565 -0.707107 0.3345 0.622985 -0.707107 0.316171 0.632484 -0.707107 0.291799 0.644091 -0.707107 0.311903 0.6346 -0.707107 0.26553 0.655358 -0.707107 0.288903 0.645395 -0.707107 0.241815 0.664474 -0.707107 0.267002 0.65476 -0.707107 0.241815 0.664474 -0.707107 0.593408 0.384535 -0.707107 0.606839 0.362969 -0.707107 0.608463 0.360239 -0.707107 0.619487 0.340933 -0.707107 0.62177 0.336752 -0.707107 0.631336 0.318458 -0.707107 0.634171 0.312774 -0.707107 0.645647 0.28834 -0.707107 0.642369 0.295571 -0.707107 0.652573 0.272303 -0.707107 0.656183 0.263485 -0.707107 0.661934 0.248683 -0.707107 0.665762 0.238247 -0.707107 0.67437 0.212661 -0.707107 0.670441 0.224743 -0.707107 0.678082 0.200512 -0.707107 0.681996 0.186766 -0.707107 0.684848 0.176022 -0.707107 0.688628 0.160598 -0.707107 0.694256 0.134196 -0.707107 0.690729 0.151305 -0.707107 0.695719 0.126392 -0.707107 0.698872 0.107599 -0.707107 0.699811 0.101316 -0.707107 0.70247 0.0808446 -0.707107 0.705044 0.0539724 -0.707107 0.702999 0.0761099 -0.707107 0.705279 0.0508052 -0.707107 0.70659 0.0270218 -0.707107 0.706649 0.0254348 -0.707107 0.707107 3.16787e-05 -0.707107 0.707107 3.16787e-05 -5.03631e-18 0.939708 -0.341978 -5.03631e-18 0.939708 -0.341978 -5.03631e-18 0.939708 -0.341978 -5.03631e-18 0.939708 -0.341978 1 0 3.47083e-17 1 0 3.47083e-17 1 0 3.47083e-17 1 0 3.47083e-17 1 0 3.47083e-17 1 0 3.47083e-17 1 0 3.47083e-17 1 0 3.47083e-17 1 0 3.47083e-17 1 0 3.47083e-17 1 0 3.47083e-17 1 0 3.47083e-17 1 0 3.47083e-17 1 0 3.47083e-17 1 0 3.47083e-17 1 0 3.47083e-17 1 0 3.47083e-17 1 0 3.47083e-17 1 0 3.47083e-17 -1 0 1.47288e-17 -1 0 1.47288e-17 -1 0 1.47288e-17 -1 0 1.47288e-17 -1 0 1.47288e-17 -1 0 1.47288e-17 -1 0 1.47288e-17 -1 0 1.47288e-17 -1 0 1.47288e-17 -1 0 1.47288e-17 -1 0 1.47288e-17 -1 0 1.47288e-17 -1 0 1.47288e-17 -1 0 1.47288e-17 -1 0 1.47288e-17 -1 0 1.47288e-17 -1 0 1.47288e-17 -1 0 1.47288e-17 -1 0 1.47288e-17 -1 4.17325e-22 1.47281e-17 -1 4.17325e-22 1.47281e-17 -1 4.17325e-22 1.47281e-17 -1 4.17325e-22 1.47281e-17 -1 4.17325e-22 1.47281e-17 -1 4.17325e-22 1.47281e-17 -1 4.17325e-22 1.47281e-17 -1 4.17325e-22 1.47281e-17 -1 4.17325e-22 1.47281e-17 -1 4.17325e-22 1.47281e-17 -1 4.17325e-22 1.47281e-17 -1 4.17325e-22 1.47281e-17 -1 4.17325e-22 1.47281e-17 -1 4.17325e-22 1.47281e-17 -1 4.17325e-22 1.47281e-17 -1 4.17325e-22 1.47281e-17 -1 4.17325e-22 1.47281e-17 -1 4.17325e-22 1.47281e-17 -1 4.17325e-22 1.47281e-17 -1 4.17325e-22 1.47281e-17 -1 4.17325e-22 1.47281e-17 -1 4.17325e-22 1.47281e-17 -1 4.17325e-22 1.47281e-17 -1 4.17325e-22 1.47281e-17 -1 4.17325e-22 1.47281e-17 -1 4.17325e-22 1.47281e-17 -1 4.17325e-22 1.47281e-17 -1 4.17325e-22 1.47281e-17 -1 4.17325e-22 1.47281e-17 -1 4.17325e-22 1.47281e-17 -1 4.17325e-22 1.47281e-17 -1 4.17325e-22 1.47281e-17 -1 4.17325e-22 1.47281e-17 -1 4.17325e-22 1.47281e-17 -1 4.17325e-22 1.47281e-17 -1 4.17325e-22 1.47281e-17 -1 4.17325e-22 1.47281e-17 -1 4.17325e-22 1.47281e-17 -1 4.17325e-22 1.47281e-17 -1 4.17325e-22 1.47281e-17 -1 4.17325e-22 1.47281e-17 -1 4.17325e-22 1.47281e-17 -1 4.17325e-22 1.47281e-17 -1 4.17325e-22 1.47281e-17 -1 4.17325e-22 1.47281e-17 -1 4.17325e-22 1.47281e-17 -1 4.17325e-22 1.47281e-17 -1 4.17325e-22 1.47281e-17 -1 4.17325e-22 1.47281e-17 -1 4.17325e-22 1.47281e-17 -1 4.17325e-22 1.47281e-17 -1 4.17325e-22 1.47281e-17 -1 4.17325e-22 1.47281e-17 -1 4.17325e-22 1.47281e-17 -1 4.17325e-22 1.47281e-17 -1 4.17325e-22 1.47281e-17 -1 4.17325e-22 1.47281e-17 -1 4.17325e-22 1.47281e-17 -1 4.17325e-22 1.47281e-17 -1 4.17325e-22 1.47281e-17 -1 4.17325e-22 1.47281e-17 -1 4.17325e-22 1.47281e-17 -1 4.17325e-22 1.47281e-17 -1 4.17325e-22 1.47281e-17 -1 4.17325e-22 1.47281e-17 -1 4.17325e-22 1.47281e-17 -1 4.17325e-22 1.47281e-17 -1 4.17325e-22 1.47281e-17 -1 4.17325e-22 1.47281e-17 -1 4.17325e-22 1.47281e-17 -1 4.17325e-22 1.47281e-17 -1 4.17325e-22 1.47281e-17 -1 4.17325e-22 1.47281e-17 -1 4.17325e-22 1.47281e-17 -1 4.17325e-22 1.47281e-17 -1 4.17325e-22 1.47281e-17 -1 4.17325e-22 1.47281e-17 -1 4.17325e-22 1.47281e-17 -1 4.17325e-22 1.47281e-17 -1 4.17325e-22 1.47281e-17 -1 4.17325e-22 1.47281e-17 -1 4.17325e-22 1.47281e-17 -1 4.17325e-22 1.47281e-17 -1 4.17325e-22 1.47281e-17 -1 4.17325e-22 1.47281e-17 -1 4.17325e-22 1.47281e-17 -1 4.17325e-22 1.47281e-17 -1 4.17325e-22 1.47281e-17 -1 4.17325e-22 1.47281e-17 -1 4.17325e-22 1.47281e-17 -1 4.17325e-22 1.47281e-17 -1 4.17325e-22 1.47281e-17 -1 4.17325e-22 1.47281e-17 -1 4.17325e-22 1.47281e-17 -1 4.17325e-22 1.47281e-17 -1 4.17325e-22 1.47281e-17 -1 4.17325e-22 1.47281e-17 -1 4.17325e-22 1.47281e-17 -1 4.17325e-22 1.47281e-17 -1 4.17325e-22 1.47281e-17 -1 4.17325e-22 1.47281e-17 -1 4.17325e-22 1.47281e-17 -1 4.17325e-22 1.47281e-17 -1 4.17325e-22 1.47281e-17 -1 4.17325e-22 1.47281e-17 -1 4.17325e-22 1.47281e-17 -1 4.17325e-22 1.47281e-17 -1 4.17325e-22 1.47281e-17 -1 4.17325e-22 1.47281e-17 -1 4.17325e-22 1.47281e-17 -1 4.17325e-22 1.47281e-17 -1 4.17325e-22 1.47281e-17 -1 4.17325e-22 1.47281e-17 -1 4.17325e-22 1.47281e-17 -1 4.17325e-22 1.47281e-17 -1 4.17325e-22 1.47281e-17 -1 4.17325e-22 1.47281e-17 -1 4.17325e-22 1.47281e-17 -1 4.17325e-22 1.47281e-17 -1 4.17325e-22 1.47281e-17 -1 4.17325e-22 1.47281e-17 -1 4.17325e-22 1.47281e-17 -1 4.17325e-22 1.47281e-17 -1 4.17325e-22 1.47281e-17 -1 4.17325e-22 1.47281e-17 -1 4.17325e-22 1.47281e-17 -1 4.17325e-22 1.47281e-17 -1 4.17325e-22 1.47281e-17 -1 4.17325e-22 1.47281e-17 -1 4.17325e-22 1.47281e-17 -1 4.17325e-22 1.47281e-17 -1 4.17325e-22 1.47281e-17 -1 4.17325e-22 1.47281e-17 -1 4.17325e-22 1.47281e-17 -1 4.17325e-22 1.47281e-17 -1 4.17325e-22 1.47281e-17 -1 4.17325e-22 1.47281e-17 -1 4.17325e-22 1.47281e-17 -1 4.17325e-22 1.47281e-17 -1 4.17325e-22 1.47281e-17 -1 4.17325e-22 1.47281e-17 -1 4.17325e-22 1.47281e-17 -1 4.17325e-22 1.47281e-17 -1 4.17325e-22 1.47281e-17 -1 4.17325e-22 1.47281e-17 -1 4.17325e-22 1.47281e-17 -1 4.17325e-22 1.47281e-17 -1 4.17325e-22 1.47281e-17 -1 4.17325e-22 1.47281e-17 -1 4.17325e-22 1.47281e-17 -1 4.17325e-22 1.47281e-17 -1 4.17325e-22 1.47281e-17 -1 4.17325e-22 1.47281e-17 -1 4.17325e-22 1.47281e-17 -1 4.17325e-22 1.47281e-17 -1 4.17325e-22 1.47281e-17 -1 4.17325e-22 1.47281e-17 -1 4.17325e-22 1.47281e-17 -1 4.17325e-22 1.47281e-17 -1 4.17325e-22 1.47281e-17 -1 4.17325e-22 1.47281e-17 -1 4.17325e-22 1.47281e-17 -1 4.17325e-22 1.47281e-17 -1 4.17325e-22 1.47281e-17 -1 4.17325e-22 1.47281e-17 -1 4.17325e-22 1.47281e-17 -1 4.17325e-22 1.47281e-17 -1 4.17325e-22 1.47281e-17 -1 4.17325e-22 1.47281e-17 -1 4.17325e-22 1.47281e-17 -1 4.17325e-22 1.47281e-17 -1 4.17325e-22 1.47281e-17 -1 4.17325e-22 1.47281e-17 -1 4.17325e-22 1.47281e-17 -1 4.17325e-22 1.47281e-17 -1 4.17325e-22 1.47281e-17 -1 4.17325e-22 1.47281e-17 -1 4.17325e-22 1.47281e-17 -1 4.17325e-22 1.47281e-17 -1 4.17325e-22 1.47281e-17 -1 4.17325e-22 1.47281e-17 -1 4.17325e-22 1.47281e-17 -1 4.17325e-22 1.47281e-17 -1 4.17325e-22 1.47281e-17 -1 4.17325e-22 1.47281e-17 -1 4.17325e-22 1.47281e-17 -1 4.17325e-22 1.47281e-17 -1 4.17325e-22 1.47281e-17 -1 4.17325e-22 1.47281e-17 -1 4.17325e-22 1.47281e-17 -1 4.17325e-22 1.47281e-17 -1 4.17325e-22 1.47281e-17 -1 4.17325e-22 1.47281e-17 -1 4.17325e-22 1.47281e-17 -1 4.17325e-22 1.47281e-17 -1 4.17325e-22 1.47281e-17 -1 4.17325e-22 1.47281e-17 -1 4.17325e-22 1.47281e-17 -1 4.17325e-22 1.47281e-17 -1 4.17325e-22 1.47281e-17 -1 4.17325e-22 1.47281e-17 -1 4.17325e-22 1.47281e-17 -1 4.17325e-22 1.47281e-17 -1 4.17325e-22 1.47281e-17 -1.38403e-17 -0.341978 -0.939708 -1.38403e-17 -0.341978 -0.939708 -1.38403e-17 -0.341978 -0.939708 -1.38403e-17 -0.341978 -0.939708 -1.38403e-17 -0.341978 -0.939708 -1.38403e-17 -0.341978 -0.939708 -1.38403e-17 -0.341978 -0.939708 -1.38403e-17 -0.341978 -0.939708 -1.16082e-18 -0.996892 -0.0787842 -1.73844e-18 -0.993013 -0.118001 -1.16082e-18 -0.996892 -0.0787842 -1.07715e-21 -1 -4.48005e-05 -5.81398e-19 -0.999222 -0.0394452 -5.81398e-19 -0.999222 -0.0394452 -2.88467e-18 -0.980639 -0.195824 -2.88467e-18 -0.980639 -0.195824 -3.45152e-18 -0.972162 -0.23431 -2.31335e-18 -0.987593 -0.157035 -2.31335e-18 -0.987593 -0.157035 -1.73844e-18 -0.993013 -0.118001 -4.56826e-18 -0.950694 -0.31013 -5.11641e-18 -0.937737 -0.347347 -4.56826e-18 -0.950694 -0.31013 -4.013e-18 -0.962175 -0.272432 -4.013e-18 -0.962175 -0.272432 -3.45152e-18 -0.972162 -0.23431 -6.70987e-18 -0.890218 -0.455535 -6.18805e-18 -0.907475 -0.420106 -6.18805e-18 -0.907475 -0.420106 -5.65663e-18 -0.923323 -0.384025 -5.11641e-18 -0.937737 -0.347347 -5.65663e-18 -0.923323 -0.384025 -7.72145e-18 -0.851585 -0.524216 -7.72145e-18 -0.851585 -0.524216 -8.20964e-18 -0.83027 -0.557362 -6.70987e-18 -0.890218 -0.455535 -7.22127e-18 -0.871579 -0.490256 -7.22127e-18 -0.871579 -0.490256 -9.14703e-18 -0.783805 -0.621006 -9.59478e-18 -0.758729 -0.651406 -9.14703e-18 -0.783805 -0.621006 -8.68508e-18 -0.807665 -0.589642 -8.68508e-18 -0.807665 -0.589642 -8.20964e-18 -0.83027 -0.557362 -1.0846e-17 -0.676594 -0.736356 -1.04449e-17 -0.705082 -0.709126 -1.04449e-17 -0.705082 -0.709126 -1.00276e-17 -0.732474 -0.680795 -9.59478e-18 -0.758729 -0.651406 -1.00276e-17 -0.732474 -0.680795 -1.15969e-17 -0.616513 -0.787345 -1.15969e-17 -0.616513 -0.787345 -1.19457e-17 -0.585013 -0.811024 -1.0846e-17 -0.676594 -0.736356 -1.12302e-17 -0.647056 -0.762442 -1.12302e-17 -0.647056 -0.762442 -1.22759e-17 -0.552604 -0.833444 -1.19457e-17 -0.585013 -0.811024 -1.22759e-17 -0.552604 -0.833444 -1.2587e-17 -0.519337 -0.85457 -1.2587e-17 -0.519337 -0.85457 -1.28786e-17 -0.485263 -0.874368 -1.31502e-17 -0.450435 -0.892809 -1.28786e-17 -0.485263 -0.874368 -1.31502e-17 -0.450435 -0.892809 -1.34014e-17 -0.414909 -0.909863 -1.34014e-17 -0.414909 -0.909863 -1.36318e-17 -0.378737 -0.925504 -1.3841e-17 -0.341978 -0.939708 -1.36318e-17 -0.378737 -0.925504 -1.3841e-17 -0.341978 -0.939708 -1.07715e-21 -1 -4.48005e-05 -1.07661e-21 -1 -4.47637e-05 -1.07661e-21 -1 -4.47637e-05 -1.07661e-21 -1 -4.47637e-05 -1.07661e-21 -1 -4.47637e-05 1.47281e-17 -4.47637e-05 1 1.47281e-17 -4.47637e-05 1 1.47281e-17 -4.47637e-05 1 1.47281e-17 -4.47637e-05 1 1.47281e-17 -4.47637e-05 1 1.47281e-17 -4.47637e-05 1 1.47281e-17 -4.47637e-05 1 1.47281e-17 -4.47637e-05 1 1.47281e-17 -4.47637e-05 1 1.47281e-17 -4.47637e-05 1 1.47281e-17 -4.47637e-05 1 1.47281e-17 -4.47637e-05 1 1.47281e-17 -4.47637e-05 1 1.47281e-17 -4.47637e-05 1 1.47281e-17 -4.47637e-05 1 1.47281e-17 -4.47637e-05 1 1.47281e-17 -4.47637e-05 1 1.47281e-17 -4.47637e-05 1 1.47281e-17 -4.47637e-05 1 1.47281e-17 -4.47637e-05 1 1.47281e-17 -4.47637e-05 1 1.47281e-17 -4.47637e-05 1 1.47281e-17 -4.47637e-05 1 1.47281e-17 -4.47637e-05 1 1.47281e-17 -4.47637e-05 1 1.47281e-17 -4.47637e-05 1 1.47281e-17 -4.47637e-05 1 1.47281e-17 -4.47637e-05 1 1.47281e-17 -4.47637e-05 1 1.47281e-17 -4.47637e-05 1 1.47281e-17 -4.47637e-05 1 1.47281e-17 -4.47637e-05 1 1.47281e-17 -4.47637e-05 1 1.47281e-17 -4.47637e-05 1 1.47281e-17 -4.47637e-05 1 1.47281e-17 -4.47637e-05 1 1.47281e-17 -4.47637e-05 1 1.47281e-17 -4.47637e-05 1 1.47281e-17 -4.47637e-05 1 1.47281e-17 -4.47637e-05 1 1.47281e-17 -4.47637e-05 1 1.47281e-17 -4.47637e-05 1 1.47281e-17 -4.47637e-05 1 1.47281e-17 -4.47637e-05 1 1.47281e-17 -4.47637e-05 1 1.47281e-17 -4.47637e-05 1 1.47281e-17 -4.47637e-05 1 1.47281e-17 -4.47637e-05 1 1.47281e-17 -4.47637e-05 1 1.47281e-17 -4.47637e-05 1 1.47281e-17 -4.47637e-05 1 1.47281e-17 -4.47637e-05 1 1.47281e-17 -4.47637e-05 1 1.47281e-17 -4.47637e-05 1 1.47281e-17 -4.47637e-05 1 1.47281e-17 -4.47637e-05 1 1.47281e-17 -4.47637e-05 1 1.47281e-17 -4.47637e-05 1 1.47281e-17 -4.47637e-05 1 1.47281e-17 -4.47637e-05 1 1.47281e-17 -4.47637e-05 1 1.47281e-17 -4.47637e-05 1 1.47281e-17 -4.47637e-05 1 1.47281e-17 -4.47637e-05 1 1.47281e-17 -4.47637e-05 1 1.47281e-17 -4.47637e-05 1 1.47281e-17 -4.47637e-05 1 1.47281e-17 -4.47637e-05 1 1.47281e-17 -4.47637e-05 1 1.47281e-17 -4.47637e-05 1 1.47281e-17 -4.47637e-05 1 1.47281e-17 -4.47637e-05 1 1.47281e-17 -4.47637e-05 1 1.47281e-17 -4.47637e-05 1 1.47281e-17 -4.47637e-05 1 1.47281e-17 -4.47637e-05 1 1.47281e-17 -4.47637e-05 1 1.47281e-17 -4.47637e-05 1 1.47281e-17 -4.47637e-05 1 1.47281e-17 -4.47637e-05 1 1.47281e-17 -4.47637e-05 1 1.47281e-17 -4.47637e-05 1 1.47281e-17 -4.47637e-05 1 1.47281e-17 -4.47637e-05 1 1.47281e-17 -4.47637e-05 1 1.47281e-17 -4.47637e-05 1 1.47281e-17 -4.47637e-05 1 1.47281e-17 -4.47637e-05 1 1.47281e-17 -4.47637e-05 1 1.47281e-17 -4.47637e-05 1 1.47281e-17 -4.47637e-05 1 1.47281e-17 -4.47637e-05 1 1.47281e-17 -4.47637e-05 1 1.47281e-17 -4.47637e-05 1 1.47281e-17 -4.47637e-05 1 1.47281e-17 -4.47637e-05 1 1.47281e-17 -4.47637e-05 1 1.47281e-17 -4.47637e-05 1 1.47281e-17 -4.47637e-05 1 1.47281e-17 -4.47637e-05 1 1.47281e-17 -4.47637e-05 1 1.47281e-17 -4.47637e-05 1 1.47281e-17 -4.47637e-05 1 1.47281e-17 -4.47637e-05 1 1.47281e-17 -4.47637e-05 1 1.47281e-17 -4.47637e-05 1 1.47281e-17 -4.47637e-05 1 1.47281e-17 -4.47637e-05 1 1.47281e-17 -4.47637e-05 1 1.47281e-17 -4.47637e-05 1 1.47281e-17 -4.47637e-05 1 1.47281e-17 -4.47637e-05 1 1.47281e-17 -4.47637e-05 1 1.47281e-17 -4.47637e-05 1 1.47281e-17 -4.47637e-05 1 1.47281e-17 -4.47637e-05 1 1.47281e-17 -4.47637e-05 1 1.47281e-17 -4.47637e-05 1 1.47281e-17 -4.47637e-05 1 1.47281e-17 -4.47637e-05 1 1.47281e-17 -4.47637e-05 1 1.47281e-17 -4.47637e-05 1 1.47281e-17 -4.47637e-05 1 1.47281e-17 -4.47637e-05 1 1.47281e-17 -4.47637e-05 1 1.47281e-17 -4.47637e-05 1 1.47281e-17 -4.47637e-05 1 1.47281e-17 -4.47637e-05 1 1.47281e-17 -4.47637e-05 1 1.47281e-17 -4.47637e-05 1 1.47281e-17 -4.47637e-05 1 1.47281e-17 -4.47637e-05 1 1.47281e-17 -4.47637e-05 1 1.47281e-17 -4.47637e-05 1 1.47281e-17 -4.47637e-05 1 1.47281e-17 -4.47637e-05 1 1.47281e-17 -4.47637e-05 1 1.47281e-17 -4.47637e-05 1 1.47281e-17 -4.47637e-05 1 1.47281e-17 -4.47637e-05 1 1.47281e-17 -4.47637e-05 1 1.47281e-17 -4.47637e-05 1 1.47281e-17 -4.47637e-05 1 1.47281e-17 -4.47637e-05 1 1.47281e-17 -4.47637e-05 1 1.47281e-17 -4.47637e-05 1 1.47281e-17 -4.47637e-05 1 1.47281e-17 -4.47637e-05 1 1.47281e-17 -4.47637e-05 1 1.47281e-17 -4.47637e-05 1 1.47281e-17 -4.47637e-05 1 1.47281e-17 -4.47637e-05 1 1.47281e-17 -4.47637e-05 1 1.47281e-17 -4.47637e-05 1 1.47281e-17 -4.47637e-05 1 1.47281e-17 -4.47637e-05 1 1.47281e-17 -4.47637e-05 1 1.47281e-17 -4.47637e-05 1 1.47281e-17 -4.47637e-05 1 1.47281e-17 -4.47637e-05 1 1.47281e-17 -4.47637e-05 1 1.47281e-17 -4.47637e-05 1 1.47281e-17 -4.47637e-05 1 1.47281e-17 -4.47637e-05 1 1.47281e-17 -4.47637e-05 1 1.47281e-17 -4.47637e-05 1 1.47281e-17 -4.47637e-05 1 1.47281e-17 -4.47637e-05 1 1.47281e-17 -4.47637e-05 1 1.47281e-17 -4.47637e-05 1 1.47281e-17 -4.47637e-05 1 1.47281e-17 -4.47637e-05 1 1.47281e-17 -4.47637e-05 1 1.47281e-17 -4.47637e-05 1 1.47281e-17 -4.47637e-05 1 1.47281e-17 -4.47637e-05 1 1.47281e-17 -4.47637e-05 1 1.47281e-17 -4.47637e-05 1 1.47281e-17 -4.47637e-05 1 1.47281e-17 -4.47637e-05 1 1.47281e-17 -4.47637e-05 1 1.47281e-17 -4.47637e-05 1 1.47281e-17 -4.47637e-05 1 1.47281e-17 -4.47637e-05 1 1.47281e-17 -4.47637e-05 1 1.47281e-17 -4.47637e-05 1 1.47281e-17 -4.47637e-05 1 1.47281e-17 -4.47637e-05 1 1.47281e-17 -4.47637e-05 1 1.47281e-17 -4.47637e-05 1 1.47281e-17 -4.47637e-05 1 1.47281e-17 -4.47637e-05 1 1.47281e-17 -4.47637e-05 1 1.47281e-17 -4.47637e-05 1 1.47281e-17 -4.47637e-05 1 1.47281e-17 -4.47637e-05 1 1.47281e-17 -4.47637e-05 1 1.47281e-17 -4.47637e-05 1 1.47281e-17 -4.47637e-05 1 1.47281e-17 -4.47637e-05 1 1.47281e-17 -4.47637e-05 1 1.47281e-17 -4.47637e-05 1 1.47281e-17 -4.47637e-05 1 1.47281e-17 -4.47637e-05 1 1.47281e-17 -4.47637e-05 1 1.47281e-17 -4.47637e-05 1 1.47281e-17 -4.47637e-05 1 1.47281e-17 -4.47637e-05 1 1.47281e-17 -4.47637e-05 1 1.47281e-17 -4.47637e-05 1 1.47281e-17 -4.47637e-05 1 1.47281e-17 -4.47637e-05 1 1.47281e-17 -4.47637e-05 1 1.47281e-17 -4.47637e-05 1 1.47281e-17 -4.47637e-05 1 1.47281e-17 -4.47637e-05 1 1.47281e-17 -4.47637e-05 1 1.47281e-17 -4.47637e-05 1 1.47281e-17 -4.47637e-05 1 1.47281e-17 -4.47637e-05 1 1.47281e-17 -4.47637e-05 1 1.47281e-17 -4.47637e-05 1 1.47281e-17 -4.47637e-05 1 1.47281e-17 -4.47637e-05 1 1.47281e-17 -4.47637e-05 1 1.47281e-17 -4.47637e-05 1 1.47281e-17 -4.47637e-05 1 1.47281e-17 -4.47637e-05 1 1.47281e-17 -4.47637e-05 1 1.47281e-17 -4.47637e-05 1 1.47281e-17 -4.47637e-05 1 1.47281e-17 -4.47637e-05 1 1.47281e-17 -4.47637e-05 1 1.47281e-17 -4.47637e-05 1 1.47281e-17 -4.47637e-05 1 1.47281e-17 -4.47637e-05 1 1.47281e-17 -4.47637e-05 1 1.47281e-17 -4.47637e-05 1 1.31746e-17 0.447134 0.894467 1.31419e-17 0.45156 0.892241 1.29137e-17 0.48095 0.876748 6.51537e-18 0.896853 0.442329 6.00642e-18 0.913083 0.407774 6.51537e-18 0.896853 0.442329 6.00642e-18 0.913083 0.407774 5.48871e-18 0.927982 0.372624 4.96301e-18 0.941529 0.336932 5.48872e-18 0.927982 0.372625 4.96301e-18 0.941529 0.336932 4.43007e-18 0.953704 0.300748 4.43007e-18 0.953704 0.300748 1.13351e-17 0.638565 0.769567 1.16858e-17 0.608726 0.793381 1.13351e-17 0.638565 0.769567 3.89068e-18 0.964488 0.264127 1.16858e-17 0.608726 0.793381 1.20195e-17 0.577999 0.816037 1.19203e-17 0.587394 0.809301 1.34164e-17 0.412666 0.910882 1.33963e-17 0.415673 0.909514 1.36386e-17 0.377597 0.92597 1.36294e-17 0.379126 0.925345 1.3841e-17 0.341978 0.939708 1.3841e-17 0.341978 0.939708 1.28666e-17 0.486731 0.873552 1.26339e-17 0.514064 0.857752 1.2571e-17 0.521129 0.853478 1.22554e-17 0.554702 0.832049 1.23357e-17 0.54643 0.837505 1.09679e-17 0.667474 0.744633 1.05846e-17 0.69541 0.718613 1.09679e-17 0.667474 0.744633 1.19203e-17 0.587394 0.809301 9.77246e-18 0.748203 0.66347 9.34471e-18 0.772982 0.634428 9.34471e-18 0.772982 0.634428 1.0186e-17 0.722333 0.691545 1.0186e-17 0.722333 0.691545 9.77246e-18 0.748203 0.66347 7.98234e-18 0.840424 0.541929 8.449e-18 0.819126 0.573613 7.98234e-18 0.840424 0.541929 8.449e-18 0.819126 0.573613 8.90334e-18 0.796635 0.604461 8.90334e-18 0.796635 0.604461 7.01482e-18 0.879316 0.476239 7.50405e-18 0.860497 0.509455 7.01482e-18 0.879316 0.476239 7.50405e-18 0.860497 0.509455 3.34562e-18 0.973867 0.22712 3.89068e-18 0.964488 0.264127 3.34562e-18 0.973867 0.22712 2.79568e-18 0.981826 0.189782 2.79568e-18 0.981826 0.189782 2.24167e-18 0.988355 0.152168 2.24166e-18 0.988355 0.152168 1.68438e-18 0.993443 0.114331 1.68438e-18 0.993443 0.114331 1.12465e-18 0.997083 0.0763286 1.12465e-18 0.997083 0.0763286 5.63274e-19 0.99927 0.0382147 5.63274e-19 0.99927 0.0382147 1.07715e-21 1 4.48005e-05 1.07715e-21 1 4.48005e-05 1.05846e-17 0.69541 0.718613 1.22554e-17 0.554702 0.832049 1.20195e-17 0.577999 0.816037 1.23357e-17 0.54643 0.837505 1.2571e-17 0.521129 0.853478 1.28666e-17 0.486731 0.873552 1.26339e-17 0.514064 0.857752 1.31419e-17 0.45156 0.892241 1.29137e-17 0.48095 0.876748 1.31746e-17 0.447134 0.894467 1.33963e-17 0.415673 0.909514 1.36294e-17 0.379126 0.925345 1.34164e-17 0.412666 0.910882 1.3841e-17 0.341978 0.939708 1.36386e-17 0.377597 0.92597 1.3841e-17 0.341978 0.939708 1.38403e-17 0.341978 0.939708 1.38403e-17 0.341978 0.939708 1.38403e-17 0.341978 0.939708 1.38403e-17 0.341978 0.939708 1.38403e-17 0.341978 0.939708 1.38403e-17 0.341978 0.939708 1.38403e-17 0.341978 0.939708 1.38403e-17 0.341978 0.939708 -5.03631e-18 0.939708 -0.341978 -5.03631e-18 0.939708 -0.341978 -5.03631e-18 0.939708 -0.341978 -5.03631e-18 0.939708 -0.341978 1 0 3.47083e-17 1 0 3.47083e-17 1 0 3.47083e-17 1 0 3.47083e-17 1 0 3.47083e-17 1 0 3.47083e-17 1 0 3.47083e-17 1 0 3.47083e-17 1 0 3.47083e-17 1 0 3.47083e-17 1 0 3.47083e-17 1 0 3.47083e-17 -1 0 1.47288e-17 -1 0 1.47288e-17 -1 0 1.47288e-17 -1 0 1.47288e-17 -1 0 1.47288e-17 -1 0 1.47288e-17 -1 0 1.47288e-17 -1 0 1.47288e-17 -1 0 1.47288e-17 -1 0 1.47288e-17 -1 0 1.47288e-17 -1 0 1.47288e-17 1 -4.17325e-22 -1.47281e-17 1 -4.17325e-22 -1.47281e-17 1 -4.17325e-22 -1.47281e-17 1 -4.17325e-22 -1.47281e-17 1 -4.17325e-22 -1.47281e-17 1 -4.17325e-22 -1.47281e-17 1 -4.17325e-22 -1.47281e-17 1 -4.17325e-22 -1.47281e-17 1 -4.17325e-22 -1.47281e-17 1 -4.17325e-22 -1.47281e-17 1 -4.17325e-22 -1.47281e-17 1 -4.17325e-22 -1.47281e-17 1 -4.17325e-22 -1.47281e-17 1 -4.17325e-22 -1.47281e-17 1 -4.17325e-22 -1.47281e-17 1 -4.17325e-22 -1.47281e-17 1 -4.17325e-22 -1.47281e-17 1 -4.17325e-22 -1.47281e-17 1 -4.17325e-22 -1.47281e-17 1 -4.17325e-22 -1.47281e-17 1 -4.17325e-22 -1.47281e-17 1 -4.17325e-22 -1.47281e-17 1 -4.17325e-22 -1.47281e-17 1 -4.17325e-22 -1.47281e-17 1 -4.17325e-22 -1.47281e-17 1 -4.17325e-22 -1.47281e-17 1 -4.17325e-22 -1.47281e-17 1 -4.17325e-22 -1.47281e-17 1 -4.17325e-22 -1.47281e-17 1 -4.17325e-22 -1.47281e-17 1 -4.17325e-22 -1.47281e-17 1 -4.17325e-22 -1.47281e-17 1 -4.17325e-22 -1.47281e-17 1 -4.17325e-22 -1.47281e-17 1 -4.17325e-22 -1.47281e-17 1 -4.17325e-22 -1.47281e-17 1 -4.17325e-22 -1.47281e-17 1 -4.17325e-22 -1.47281e-17 1 -4.17325e-22 -1.47281e-17 1 -4.17325e-22 -1.47281e-17 1 -4.17325e-22 -1.47281e-17 1 -4.17325e-22 -1.47281e-17 1 -4.17325e-22 -1.47281e-17 1 -4.17325e-22 -1.47281e-17 1 -4.17325e-22 -1.47281e-17 1 -4.17325e-22 -1.47281e-17 1 -4.17325e-22 -1.47281e-17 1 -4.17325e-22 -1.47281e-17 1 -4.17325e-22 -1.47281e-17 1 -4.17325e-22 -1.47281e-17 1 -4.17325e-22 -1.47281e-17 1 -4.17325e-22 -1.47281e-17 1 -4.17325e-22 -1.47281e-17 1 -4.17325e-22 -1.47281e-17 1 -4.17325e-22 -1.47281e-17 1 -4.17325e-22 -1.47281e-17 1 -4.17325e-22 -1.47281e-17 1 -4.17325e-22 -1.47281e-17 1 -4.17325e-22 -1.47281e-17 1 -4.17325e-22 -1.47281e-17 1 -4.17325e-22 -1.47281e-17 1 -4.17325e-22 -1.47281e-17 1 -4.17325e-22 -1.47281e-17 1 -4.17325e-22 -1.47281e-17 1 -4.17325e-22 -1.47281e-17 1 -4.17325e-22 -1.47281e-17 1 -4.17325e-22 -1.47281e-17 1 -4.17325e-22 -1.47281e-17 1 -4.17325e-22 -1.47281e-17 1 -4.17325e-22 -1.47281e-17 1 -4.17325e-22 -1.47281e-17 1 -4.17325e-22 -1.47281e-17 1 -4.17325e-22 -1.47281e-17 1 -4.17325e-22 -1.47281e-17 1 -4.17325e-22 -1.47281e-17 1 -4.17325e-22 -1.47281e-17 1 -4.17325e-22 -1.47281e-17 1 -4.17325e-22 -1.47281e-17 1 -4.17325e-22 -1.47281e-17 1 -4.17325e-22 -1.47281e-17 1 -4.17325e-22 -1.47281e-17 1 -4.17325e-22 -1.47281e-17 1 -4.17325e-22 -1.47281e-17 1 -4.17325e-22 -1.47281e-17 1 -4.17325e-22 -1.47281e-17 1 -4.17325e-22 -1.47281e-17 1 -4.17325e-22 -1.47281e-17 1 -4.17325e-22 -1.47281e-17 1 -4.17325e-22 -1.47281e-17 1 -4.17325e-22 -1.47281e-17 1 -4.17325e-22 -1.47281e-17 1 -4.17325e-22 -1.47281e-17 1 -4.17325e-22 -1.47281e-17 1 -4.17325e-22 -1.47281e-17 1 -4.17325e-22 -1.47281e-17 1 -4.17325e-22 -1.47281e-17 1 -4.17325e-22 -1.47281e-17 1 -4.17325e-22 -1.47281e-17 1 -4.17325e-22 -1.47281e-17 1 -4.17325e-22 -1.47281e-17 1 -4.17325e-22 -1.47281e-17 1 -4.17325e-22 -1.47281e-17 1 -4.17325e-22 -1.47281e-17 1 -4.17325e-22 -1.47281e-17 1 -4.17325e-22 -1.47281e-17 1 -4.17325e-22 -1.47281e-17 1 -4.17325e-22 -1.47281e-17 1 -4.17325e-22 -1.47281e-17 1 -4.17325e-22 -1.47281e-17 1 -4.17325e-22 -1.47281e-17 1 -4.17325e-22 -1.47281e-17 1 -4.17325e-22 -1.47281e-17 1 -4.17325e-22 -1.47281e-17 1 -4.17325e-22 -1.47281e-17 1 -4.17325e-22 -1.47281e-17 1 -4.17325e-22 -1.47281e-17 1 -4.17325e-22 -1.47281e-17 1 -4.17325e-22 -1.47281e-17 1 -4.17325e-22 -1.47281e-17 1 -4.17325e-22 -1.47281e-17 1 -4.17325e-22 -1.47281e-17 1 -4.17325e-22 -1.47281e-17 1 -4.17325e-22 -1.47281e-17 1 -4.17325e-22 -1.47281e-17 1 -4.17325e-22 -1.47281e-17 1 -4.17325e-22 -1.47281e-17 1 -4.17325e-22 -1.47281e-17 1 -4.17325e-22 -1.47281e-17 1 -4.17325e-22 -1.47281e-17 1 -4.17325e-22 -1.47281e-17 1 -4.17325e-22 -1.47281e-17 1 -4.17325e-22 -1.47281e-17 1 -4.17325e-22 -1.47281e-17 1 -4.17325e-22 -1.47281e-17 1 -4.17325e-22 -1.47281e-17 1 -4.17325e-22 -1.47281e-17 1 -4.17325e-22 -1.47281e-17 1 -4.17325e-22 -1.47281e-17 1 -4.17325e-22 -1.47281e-17 1 -4.17325e-22 -1.47281e-17 1 -4.17325e-22 -1.47281e-17 1 -4.17325e-22 -1.47281e-17 1 -4.17325e-22 -1.47281e-17 1 -4.17325e-22 -1.47281e-17 1 -4.17325e-22 -1.47281e-17 1 -4.17325e-22 -1.47281e-17 1 -4.17325e-22 -1.47281e-17 1 -4.17325e-22 -1.47281e-17 1 -4.17325e-22 -1.47281e-17 1 -4.17325e-22 -1.47281e-17 1 -4.17325e-22 -1.47281e-17 1 -4.17325e-22 -1.47281e-17 1 -4.17325e-22 -1.47281e-17 1 -4.17325e-22 -1.47281e-17 1 -4.17325e-22 -1.47281e-17 1 -4.17325e-22 -1.47281e-17 1 -4.17325e-22 -1.47281e-17 1 -4.17325e-22 -1.47281e-17 1 -4.17325e-22 -1.47281e-17 1 -4.17325e-22 -1.47281e-17 1 -4.17325e-22 -1.47281e-17 1 -4.17325e-22 -1.47281e-17 1 -4.17325e-22 -1.47281e-17 1 -4.17325e-22 -1.47281e-17 1 -4.17325e-22 -1.47281e-17 1 -4.17325e-22 -1.47281e-17 1 -4.17325e-22 -1.47281e-17 1 -4.17325e-22 -1.47281e-17 1 -4.17325e-22 -1.47281e-17 1 -4.17325e-22 -1.47281e-17 1 -4.17325e-22 -1.47281e-17 1 -4.17325e-22 -1.47281e-17 1 -4.17325e-22 -1.47281e-17 1 -4.17325e-22 -1.47281e-17 1 -4.17325e-22 -1.47281e-17 1 -4.17325e-22 -1.47281e-17 1 -4.17325e-22 -1.47281e-17 1 -4.17325e-22 -1.47281e-17 1 -4.17325e-22 -1.47281e-17 1 -4.17325e-22 -1.47281e-17 1 -4.17325e-22 -1.47281e-17 1 -4.17325e-22 -1.47281e-17 1 -4.17325e-22 -1.47281e-17 1 -4.17325e-22 -1.47281e-17 1 -4.17325e-22 -1.47281e-17 1 -4.17325e-22 -1.47281e-17 1 -4.17325e-22 -1.47281e-17 1 -4.17325e-22 -1.47281e-17 1 -4.17325e-22 -1.47281e-17 1 -4.17325e-22 -1.47281e-17 1 -4.17325e-22 -1.47281e-17 1 -4.17325e-22 -1.47281e-17 1 -4.17325e-22 -1.47281e-17 1 -4.17325e-22 -1.47281e-17 1 -4.17325e-22 -1.47281e-17 1 -4.17325e-22 -1.47281e-17 1 -4.17325e-22 -1.47281e-17 1 -4.17325e-22 -1.47281e-17 1 -4.17325e-22 -1.47281e-17 1 -4.17325e-22 -1.47281e-17 1 -4.17325e-22 -1.47281e-17 1 -4.17325e-22 -1.47281e-17 1 -4.17325e-22 -1.47281e-17 1 -4.17325e-22 -1.47281e-17 -1.4464e-17 -0.188813 -0.982013 -1.4342e-17 -0.227705 -0.97373 -1.4342e-17 -0.227705 -0.97373 -1.3841e-17 -0.341978 -0.939708 -1.3841e-17 -0.341978 -0.939708 -1.40302e-17 -0.304348 -0.952561 -1.45631e-17 -0.149622 -0.988743 -1.45631e-17 -0.149622 -0.988743 -1.4464e-17 -0.188813 -0.982013 -1.41974e-17 -0.266237 -0.963908 -1.40302e-17 -0.304348 -0.952561 -1.41974e-17 -0.266237 -0.963908 -1.47218e-17 -0.03088 -0.999523 -1.47218e-17 -0.03088 -0.999523 -1.46921e-17 -0.0705934 -0.997505 -1.46921e-17 -0.0705934 -0.997505 -1.46392e-17 -0.110195 -0.99391 -1.46392e-17 -0.110195 -0.99391 -1.46713e-17 0.0883008 -0.996094 -1.47114e-17 0.0486295 -0.998817 -1.46713e-17 0.0883008 -0.996094 -1.47283e-17 0.00888179 -0.999961 -1.47283e-17 0.00888179 -0.999961 -1.47114e-17 0.0486295 -0.998817 -1.45215e-17 0.167162 -0.985929 -1.44121e-17 0.206226 -0.978504 -1.44121e-17 0.206226 -0.978504 -1.46079e-17 0.127832 -0.991796 -1.45215e-17 0.167162 -0.985929 -1.46079e-17 0.127832 -0.991796 -1.39481e-17 0.32122 -0.947005 -1.39481e-17 0.32122 -0.947005 -1.41252e-17 0.283317 -0.959026 -1.41252e-17 0.283317 -0.959026 -1.428e-17 0.244965 -0.969532 -1.428e-17 0.244965 -0.969532 -1.32859e-17 0.431648 -0.902042 -1.35281e-17 0.395445 -0.91849 -1.32859e-17 0.431648 -0.902042 -1.3749e-17 0.358616 -0.933485 -1.3749e-17 0.358616 -0.933485 -1.35281e-17 0.395445 -0.91849 -1.27387e-17 0.501951 -0.864896 -1.24347e-17 0.535939 -0.844257 -1.24347e-17 0.535939 -0.844257 -1.30226e-17 0.467169 -0.884168 -1.27387e-17 0.501951 -0.864896 -1.30226e-17 0.467169 -0.884168 -1.14068e-17 0.632612 -0.774469 -1.14068e-17 0.632612 -0.774469 -1.17682e-17 0.601321 -0.799007 -1.17682e-17 0.601321 -0.799007 -1.2111e-17 0.56908 -0.822282 -1.2111e-17 0.56908 -0.822282 -1.02167e-17 0.720291 -0.693672 -1.06304e-17 0.692143 -0.72176 -1.02167e-17 0.720291 -0.693672 -1.10273e-17 0.662902 -0.748707 -1.10273e-17 0.662902 -0.748707 -1.06304e-17 0.692143 -0.72176 -9.34147e-18 0.773126 -0.634252 -8.88136e-18 0.797731 -0.603014 -8.88136e-18 0.797731 -0.603014 -9.78682e-18 0.7473 -0.664487 -9.34147e-18 0.773126 -0.634252 -9.78682e-18 0.7473 -0.664487 -7.41978e-18 0.86383 -0.503783 -7.41978e-18 0.86383 -0.503783 -7.91975e-18 0.843119 -0.537728 -7.91975e-18 0.843119 -0.537728 -8.4072e-18 0.821074 -0.570822 -8.4072e-18 0.821074 -0.570822 -5.85272e-18 0.91765 -0.397391 -6.38545e-18 0.901125 -0.433559 -5.85272e-18 0.91765 -0.397391 -6.90807e-18 0.883176 -0.469042 -6.90807e-18 0.883176 -0.469042 -6.38545e-18 0.901125 -0.433559 -4.76036e-18 0.946321 -0.323227 -4.20246e-18 0.958424 -0.285349 -4.20246e-18 0.958424 -0.285349 -5.31074e-18 0.932723 -0.360594 -4.76036e-18 0.946321 -0.323227 -5.31074e-18 0.932723 -0.360594 -2.49246e-18 0.985573 -0.169251 -2.49246e-18 0.985573 -0.169251 -3.06761e-18 0.978065 -0.2083 -3.06761e-18 0.978065 -0.2083 -3.63791e-18 0.96901 -0.24702 -3.63791e-18 0.96901 -0.24702 -7.47024e-19 0.998712 -0.0507468 -1.33125e-18 0.995904 -0.090412 -7.47024e-19 0.998712 -0.0507468 -1.91337e-18 0.991523 -0.129934 -1.91337e-18 0.991523 -0.129934 -1.33125e-18 0.995904 -0.090412 4.24041e-19 0.999586 0.0287615 1.00903e-18 0.997653 0.0684786 1.00903e-18 0.997653 0.0684786 -1.6162e-19 0.99994 -0.0110013 4.24041e-19 0.999586 0.0287615 -1.6162e-19 0.99994 -0.0110013 2.75074e-18 0.982411 0.186731 2.75074e-18 0.982411 0.186731 2.1733e-18 0.989058 0.147526 2.1733e-18 0.989058 0.147526 1.59242e-18 0.994141 0.108088 1.59242e-18 0.994141 0.108088 4.45334e-18 0.953204 0.302328 3.89166e-18 0.96447 0.264193 4.45334e-18 0.953204 0.302328 3.32383e-18 0.974211 0.22564 3.32383e-18 0.974211 0.22564 3.89166e-18 0.96447 0.264193 5.5547e-18 0.926171 0.377105 6.09264e-18 0.910446 0.413628 6.09264e-18 0.910446 0.413628 5.00798e-18 0.940431 0.339985 5.5547e-18 0.926171 0.377105 5.00798e-18 0.940431 0.339985 6.62094e-18 0.893282 0.449497 6.62094e-18 0.893282 0.449497 7.13878e-18 0.874705 0.484656 7.64533e-18 0.854745 0.519048 7.13878e-18 0.874705 0.484656 8.13978e-18 0.833434 0.552619 7.64533e-18 0.854745 0.519048 8.13978e-18 0.833434 0.552619 8.62137e-18 0.810805 0.585317 9.08933e-18 0.786894 0.617089 8.62137e-18 0.810805 0.585317 9.54291e-18 0.761738 0.647885 9.08933e-18 0.786894 0.617089 9.54291e-18 0.761738 0.647885 9.9814e-18 0.735379 0.677657 1.04041e-17 0.707856 0.706357 9.9814e-18 0.735379 0.677657 1.08104e-17 0.679214 0.73394 1.04041e-17 0.707856 0.706357 1.08104e-17 0.679214 0.73394 1.11995e-17 0.649498 0.760363 1.1571e-17 0.618755 0.785584 1.11995e-17 0.649498 0.760363 1.19242e-17 0.587034 0.809562 1.1571e-17 0.618755 0.785584 1.19242e-17 0.587034 0.809562 1.22585e-17 0.554384 0.832261 1.25734e-17 0.520858 0.853643 1.22585e-17 0.554384 0.832261 1.28684e-17 0.486509 0.873676 1.25734e-17 0.520858 0.853643 1.28684e-17 0.486509 0.873676 1.31431e-17 0.45139 0.892327 1.3397e-17 0.415557 0.909567 1.31431e-17 0.45139 0.892327 1.36298e-17 0.379067 0.925369 1.3397e-17 0.415557 0.909567 1.36298e-17 0.379067 0.925369 1.3841e-17 0.341978 0.939708 1.3841e-17 0.341978 0.939708 0.707107 0.637192 -0.306573 0.707107 0.648876 -0.280998 0.707107 0.641573 -0.297295 0.707107 0.614049 -0.350633 0.707107 0.6245 -0.331663 0.707107 0.628377 -0.324256 0.707107 0.61082 -0.356228 0.707107 0.596175 -0.380231 0.707107 0.598614 -0.376378 0.707107 0.582101 -0.401445 0.707107 0.545959 -0.449365 0.707107 0.564081 -0.426395 0.707107 0.564539 -0.425789 0.707107 0.580587 -0.403632 0.707107 0.546683 -0.448484 0.707107 0.528421 -0.469864 0.707107 0.526396 -0.472131 0.707107 0.509323 -0.4905 0.707107 0.489419 -0.510361 0.707107 0.505884 -0.494046 0.707107 0.48446 -0.515071 0.707107 0.468742 -0.529415 0.707107 0.462163 -0.535168 0.707107 0.447324 -0.547632 0.707107 0.425198 -0.564983 0.707107 0.439033 -0.554301 0.707107 0.4024 -0.581441 0.707107 0.415113 -0.572435 0.707107 0.390444 -0.589537 0.707107 0.365071 -0.605576 0.707107 0.378966 -0.59698 0.707107 0.339041 -0.620525 0.707107 0.354933 -0.611574 0.707107 0.3124 -0.634355 0.707107 0.330338 -0.625201 0.707107 0.305221 -0.63784 0.707107 0.279622 -0.64947 0.707107 0.285195 -0.647042 0.707107 0.257477 -0.658563 0.707107 0.2007 -0.678026 0.707107 0.227137 -0.669633 0.707107 0.229295 -0.668898 0.707107 0.25358 -0.660074 0.707107 0.0903909 -0.701306 0.707107 0.118201 -0.697157 0.707107 0.112953 -0.698027 0.707107 0.173217 -0.685562 0.707107 0.200335 -0.678134 0.707107 0.171743 -0.685933 0.707107 0.142476 -0.692604 0.707107 0.145824 -0.691907 0.707107 0.0832259 -0.702192 0.707107 0.0624381 -0.704345 0.707107 0.0533489 -0.705091 0.707107 0.00628037 -0.707079 0.707107 0.0343863 -0.70627 0.707107 0.023376 -0.70672 0.707107 -0.00663931 -0.707076 0.707107 -0.0366423 -0.706157 0.707107 -0.0218354 -0.70677 0.707107 -0.0499171 -0.705343 0.707107 -0.0963967 -0.700505 0.707107 -0.0779194 -0.702801 0.707107 -0.0665797 -0.703965 0.707107 -0.105799 -0.699147 0.707107 -0.12604 -0.695783 0.707107 -0.133511 -0.694388 0.707107 -0.155456 -0.689807 0.707107 -0.184593 -0.682587 0.707107 -0.188258 -0.681586 0.707107 -0.161012 -0.688531 0.707107 -0.213396 -0.674138 0.707107 -0.215207 -0.673562 0.707107 -0.241815 -0.664474 0.707107 -0.241815 -0.664474 0.707107 0.653612 -0.269798 0.707107 0.659535 -0.254978 0.707107 0.664474 -0.241815 0.707107 0.66915 -0.228556 0.707107 0.677708 -0.201772 0.707107 0.674138 -0.213396 0.707107 0.685194 -0.17467 0.707107 0.682587 -0.184593 0.707107 0.689807 -0.155456 0.707107 0.691596 -0.14729 0.707107 0.696905 -0.119679 0.707107 0.695783 -0.12604 0.707107 0.701112 -0.0918774 0.707107 0.700505 -0.0963967 0.707107 0.703965 -0.0665796 0.707107 0.704211 -0.0639309 0.707107 0.706157 -0.0366424 0.707107 0.706196 -0.0358834 0.707107 0.707064 -0.00777912 0.707107 0.707076 -0.00663919 0.707107 0.706814 0.0203374 0.707107 0.70672 0.0233758 0.707107 0.705091 0.0533488 0.707107 0.705447 0.0484219 0.707107 0.702964 0.0764295 0.707107 0.702192 0.0832257 0.707107 0.69937 0.104317 0.707107 0.698027 0.112953 0.707107 0.692604 0.142476 0.707107 0.69467 0.132039 0.707107 0.688871 0.159552 0.707107 0.685933 0.171743 0.707107 0.681983 0.186813 0.707107 0.678026 0.2007 0.707107 0.668897 0.229295 0.707107 0.674017 0.213778 0.707107 0.664985 0.240406 0.707107 0.658563 0.257477 0.707107 0.654901 0.266653 0.707107 0.647042 0.285196 0.707107 0.634355 0.3124 0.707107 0.643783 0.292479 0.707107 0.631646 0.317842 0.707107 0.620525 0.339041 0.707107 0.61851 0.342703 0.707107 0.604396 0.367022 0.707107 0.605577 0.365071 0.707107 0.589327 0.390761 0.707107 0.573326 0.413881 0.707107 0.589537 0.390444 0.707107 0.556418 0.436348 0.707107 0.572435 0.415113 0.707107 0.554301 0.439033 0.707107 0.53863 0.458124 0.707107 0.519991 0.479176 0.707107 0.535168 0.462163 0.707107 0.50053 0.49947 0.707107 0.515072 0.48446 0.707107 0.494046 0.505884 0.707107 0.480277 0.518974 0.707107 0.459264 0.537658 0.707107 0.472131 0.526396 0.707107 0.437526 0.555492 0.707107 0.449365 0.545959 0.707107 0.425789 0.564539 0.707107 0.415096 0.572447 0.707107 0.392009 0.588497 0.707107 0.401445 0.582101 0.707107 0.368302 0.603617 0.707107 0.376378 0.598615 0.707107 0.350633 0.614049 0.707107 0.344014 0.617782 0.707107 0.319181 0.63097 0.707107 0.324256 0.628377 0.707107 0.293843 0.643161 0.707107 0.297295 0.641573 0.707107 0.268041 0.654335 0.707107 0.269798 0.653612 0.707107 0.241815 0.664474 0.707107 0.241815 0.664474 -9.00479e-18 0.791344 -0.611371 -1.16247e-17 0.752206 -0.658928 -1.02571e-17 0.773076 -0.634314 -1.28332e-17 0.732952 -0.680281 -1.42006e-17 0.710216 -0.703984 -1.67226e-17 0.665531 -0.746371 -1.53615e-17 0.690099 -0.723715 -1.91811e-17 0.618321 -0.785926 -1.78327e-17 0.644677 -0.764455 -2.02375e-17 0.596856 -0.802349 -2.15669e-17 0.568766 -0.822499 -2.38709e-17 0.517053 -0.855953 -2.25669e-17 0.546812 -0.837255 -2.60844e-17 0.463379 -0.88616 -2.48123e-17 0.494732 -0.869045 -2.69654e-17 0.440811 -0.8976 -2.81988e-17 0.407948 -0.913005 -3.02064e-17 0.350969 -0.936387 -2.9018e-17 0.385249 -0.922813 -3.20993e-17 0.292658 -0.956217 -3.09626e-17 0.328252 -0.94459 -3.2792e-17 0.270033 -0.962851 -3.38705e-17 0.233237 -0.97242 -3.55132e-17 0.172932 -0.984934 -3.44993e-17 0.210809 -0.977527 -3.70211e-17 0.111971 -0.993712 -3.60781e-17 0.150801 -0.988564 -3.75226e-17 0.0902303 -0.995921 -3.83887e-17 0.0505846 -0.99872 -3.96106e-17 -0.0109938 -0.99994 -3.88275e-17 0.0293243 -0.99957 -4.06823e-17 -0.07253 -0.997366 -3.99878e-17 -0.0316911 -0.999498 -4.09992e-17 -0.0925883 -0.995704 -4.15996e-17 -0.133791 -0.99101 -4.23592e-17 -0.194545 -0.980894 -4.18579e-17 -0.153141 -0.988204 -4.2958e-17 -0.254561 -0.967057 -4.25609e-17 -0.213123 -0.977025 -4.31054e-17 -0.272313 -0.962209 -4.33939e-17 -0.313611 -0.949552 -4.36652e-17 -0.371471 -0.928445 -4.34894e-17 -0.330488 -0.94381 -4.37709e-17 -0.427922 -0.903815 -4.37115e-17 -0.387433 -0.921898 -4.37709e-17 -0.442935 -0.896554 -4.37105e-17 -0.482751 -0.875758 -4.34843e-17 -0.535747 -0.844378 -4.36674e-17 -0.496789 -0.867872 -4.30932e-17 -0.586712 -0.809796 -4.34012e-17 -0.548793 -0.835958 -4.29735e-17 -0.598754 -0.800933 -4.25386e-17 -0.635451 -0.772141 -4.23858e-17 -0.646486 -0.762926 -4.18226e-17 -0.681779 -0.731558 -4.16403e-17 -0.691811 -0.722079 -4.0948e-17 -0.725522 -0.688199 -4.07398e-17 -0.73456 -0.678543 -3.96876e-17 -0.774575 -0.632482 -3.9918e-17 -0.766512 -0.64223 -3.87367e-17 -0.804594 -0.593825 -3.84877e-17 -0.811707 -0.584065 -3.74083e-17 -0.839625 -0.543167 -3.71445e-17 -0.845816 -0.533475 -3.56629e-17 -0.876777 -0.480898 -3.59381e-17 -0.87147 -0.490449 -3.43316e-17 -0.900009 -0.43587 -3.40487e-17 -0.904473 -0.426531 -3.25948e-17 -0.925135 -0.379638 -3.23076e-17 -0.928802 -0.370576 -3.04463e-17 -0.949674 -0.313241 -3.07344e-17 -0.946751 -0.321966 -2.87574e-17 -0.964776 -0.263072 -2.84717e-17 -0.967009 -0.254741 -2.66713e-17 -0.979141 -0.203181 -2.6391e-17 -0.980745 -0.195292 -2.42121e-17 -0.99083 -0.135115 -2.44841e-17 -0.989792 -0.142519 -2.22039e-17 -0.996688 -0.081316 -2.19431e-17 -0.997226 -0.0744362 -1.98396e-17 -0.999804 -0.0198048 -1.95924e-17 -0.999909 -0.0134799 -1.71687e-17 -0.99887 0.0475266 -1.73999e-17 -0.999127 0.0417816 -1.48943e-17 -0.99466 0.10321 -1.46811e-17 -0.994112 0.108356 -1.23322e-17 -0.986419 0.164246 -1.21388e-17 -0.985653 0.168782 -9.5514e-18 -0.973525 0.22858 -9.72329e-18 -0.974437 0.224659 -7.0775e-18 -0.958759 0.28422 -6.92841e-18 -0.957773 0.287527 -4.40486e-18 -0.939444 0.342703 -4.27962e-18 -0.938454 0.345403 -1.6149e-18 -0.915642 0.401994 -1.71551e-18 -0.916565 0.399886 9.8034e-19 -0.890209 0.455553 1.05584e-18 -0.889422 0.457088 3.67247e-18 -0.860476 0.509491 3.72264e-18 -0.85989 0.51048 6.37558e-18 -0.827156 0.561972 6.35068e-18 -0.827479 0.561496 9.00479e-18 -0.791344 0.611371 9.00479e-18 -0.791344 0.611371 -7.64274e-18 0.810321 -0.585986 -4.99997e-18 0.844551 -0.535476 -6.35068e-18 0.827479 -0.561496 -3.67247e-18 0.860476 -0.50949 -2.3386e-18 0.875635 -0.482973 3.31492e-19 0.903461 -0.428671 -9.80342e-19 0.890209 -0.455553 3.00034e-18 0.927922 -0.372774 1.71552e-18 0.916565 -0.399886 4.40486e-18 0.939444 -0.342703 5.65802e-18 0.948929 -0.315489 8.29464e-18 0.966404 -0.25703 7.0775e-18 0.958759 -0.28422 1.09004e-17 0.98028 -0.197613 9.72328e-18 0.974437 -0.224659 1.23322e-17 0.986419 -0.164246 1.34655e-17 0.990507 -0.137461 1.59806e-17 0.997047 -0.0767971 1.48943e-17 0.99466 -0.10321 1.84361e-17 0.999874 -0.0158474 1.73999e-17 0.999127 -0.0417816 1.98396e-17 0.999804 0.0198049 2.0823e-17 0.99898 0.045161 2.31324e-17 0.994366 0.106002 2.22039e-17 0.996688 0.0813161 2.53556e-17 0.98605 0.166448 2.44841e-17 0.989792 0.142519 2.66713e-17 0.979141 0.203181 2.74845e-17 0.974064 0.226274 2.9511e-17 0.958451 0.285258 2.87574e-17 0.964776 0.263073 3.14277e-17 0.93927 0.34318 3.07344e-17 0.946751 0.321966 3.25948e-17 0.925135 0.379638 3.32274e-17 0.916592 0.399824 3.49033e-17 0.890501 0.45498 3.43316e-17 0.90001 0.43587 3.64494e-17 0.861096 0.508442 3.59381e-17 0.87147 0.490449 3.74083e-17 0.839625 0.543167 3.78597e-17 0.828485 0.560011 3.91291e-17 0.792789 0.609496 3.87367e-17 0.804594 0.593825 4.02528e-17 0.754142 0.656711 3.9918e-17 0.766512 0.64223 4.0948e-17 0.725521 0.6882 4.12267e-17 0.712688 0.701481 4.20471e-17 0.66858 0.74364 4.18226e-17 0.68178 0.731558 4.27109e-17 0.621983 0.783031 4.25386e-17 0.635451 0.772141 4.30932e-17 0.586712 0.809796 4.32157e-17 0.573071 0.819506 4.35597e-17 0.522025 0.85293 4.34843e-17 0.535747 0.844379 4.37415e-17 0.469036 0.883179 4.37105e-17 0.48275 0.875758 4.37709e-17 0.427922 0.903816 4.37604e-17 0.4143 0.91014 4.36164e-17 0.358022 0.933713 4.36652e-17 0.371471 0.928445 4.33101e-17 0.300411 0.95381 4.33939e-17 0.31361 0.949552 4.2958e-17 0.25456 0.967057 4.28425e-17 0.241682 0.970355 4.22154e-17 0.182053 0.983289 4.23592e-17 0.194545 0.980894 4.14312e-17 0.121747 0.992561 4.15996e-17 0.133791 0.99101 4.06823e-17 0.0725297 0.997366 4.04927e-17 0.060987 0.998139 3.94034e-17 -2.32657e-07 1 3.96106e-17 0.0109935 0.99994 3.81709e-17 -0.060829 0.998148 3.83887e-17 -0.0505844 0.99872 3.70211e-17 -0.11197 0.993712 3.67969e-17 -0.121433 0.9926 3.52867e-17 -0.181588 0.983375 3.55132e-17 -0.172932 0.984934 3.36458e-17 -0.24107 0.970508 3.38705e-17 -0.233237 0.97242 3.20993e-17 -0.292658 0.956217 3.18803e-17 -0.299658 0.954047 2.99967e-17 -0.357138 0.934052 3.02064e-17 -0.350968 0.936387 2.80021e-17 -0.413294 0.910598 2.81988e-17 -0.407948 0.913005 2.60844e-17 -0.46338 0.88616 2.59037e-17 -0.46792 0.883771 2.37094e-17 -0.520812 0.853671 2.38709e-17 -0.517053 0.855953 2.14272e-17 -0.571776 0.820409 2.1567e-17 -0.568766 0.8225 1.91811e-17 -0.618321 0.785926 1.90657e-17 -0.620623 0.78411 1.66336e-17 -0.66717 0.744905 1.67226e-17 -0.665531 0.746371 1.41399e-17 -0.711247 0.702943 1.42006e-17 -0.710215 0.703984 1.16248e-17 -0.752206 0.658928 1.15938e-17 -0.752689 0.658376 0.707107 -0.414868 -0.572612 0.707107 -0.450018 -0.545421 0.707107 -0.449332 -0.545986 0.707107 -0.530717 0.467268 0.707107 -0.559565 0.432305 0.707107 -0.559565 0.432305 0.707107 -0.378831 -0.597066 0.707107 -0.414148 -0.573133 0.707107 -0.376576 -0.59849 0.707107 -0.341356 -0.619254 0.707107 -0.302587 -0.639094 0.707107 -0.337457 -0.621388 0.707107 -0.26267 -0.656509 0.707107 -0.296951 -0.641732 0.707107 -0.255225 -0.659439 0.707107 -0.221756 -0.671434 0.707107 -0.180002 -0.683812 0.707107 -0.21245 -0.674437 0.707107 -0.137564 -0.693597 0.707107 -0.168803 -0.686663 0.707107 -0.124461 -0.696067 0.707107 -0.0946046 -0.70075 0.707107 -0.0512864 -0.705244 0.707107 -0.0796081 -0.702611 0.707107 -0.00777366 -0.707064 0.707107 -0.0344282 -0.706268 0.707107 0.0108933 -0.707023 0.707107 0.0357686 -0.706202 0.707107 0.0791751 -0.70266 0.707107 0.05617 -0.704872 0.707107 0.122281 -0.696453 0.707107 0.101216 -0.699825 0.707107 0.145846 -0.691902 0.707107 0.164924 -0.687605 0.707107 0.20694 -0.676148 0.707107 0.189877 -0.681136 0.707107 0.248172 -0.662126 0.707107 0.233127 -0.667572 0.707107 0.27542 -0.651263 0.707107 0.288463 -0.645592 0.707107 0.327659 -0.62661 0.707107 0.31658 -0.632279 0.707107 0.365612 -0.60525 0.707107 0.35644 -0.610697 0.707107 0.394835 -0.586605 0.707107 0.402178 -0.581595 0.707107 0.437219 -0.555733 0.707107 0.431608 -0.560102 0.707107 0.470601 -0.527764 0.707107 0.466607 -0.531298 0.707107 0.499689 -0.500311 0.707107 0.502198 -0.497792 0.707107 0.53189 -0.465932 0.707107 0.530717 -0.467268 0.707107 0.559565 -0.432305 0.707107 0.559565 -0.432305 0.707107 -0.484038 -0.515468 0.707107 -0.513021 -0.48663 0.707107 -0.482091 -0.51729 0.707107 -0.51607 -0.483396 0.707107 -0.542006 -0.454125 0.707107 -0.568934 -0.419898 0.707107 -0.545981 -0.449338 0.707107 -0.573648 -0.413434 0.707107 -0.593704 -0.384077 0.707107 -0.598958 -0.375831 0.707107 -0.616222 -0.3468 0.707107 -0.636403 -0.308207 0.707107 -0.621807 -0.336683 0.707107 -0.642101 -0.296152 0.707107 -0.654169 -0.268445 0.707107 -0.659756 -0.254404 0.707107 -0.669454 -0.227664 0.707107 -0.6822 -0.18602 0.707107 -0.674701 -0.211611 0.707107 -0.686872 -0.167948 0.707107 -0.692357 -0.143671 0.707107 -0.696222 -0.123595 0.707107 -0.699889 -0.100776 0.707107 -0.704765 -0.0574992 0.707107 -0.70271 -0.0787335 0.707107 -0.70631 -0.0335489 0.707107 -0.706968 -0.0140041 0.707107 -0.707009 0.0117735 0.707107 -0.706489 0.029544 0.707107 -0.703331 0.0729802 0.707107 -0.704802 0.0570475 0.707107 -0.699699 0.102087 0.707107 -0.697504 0.116139 0.707107 -0.69172 0.146707 0.707107 -0.689031 0.158858 0.707107 -0.677945 0.200974 0.707107 -0.6809 0.190725 0.707107 -0.667281 0.233958 0.707107 -0.664287 0.242328 0.707107 -0.65092 0.27623 0.707107 -0.648109 0.282762 0.707107 -0.629473 0.322124 0.707107 -0.631885 0.317367 0.707107 -0.610252 0.3572 0.707107 -0.608449 0.360264 0.707107 -0.586113 0.395565 0.707107 -0.585116 0.397038 0.707107 -0.431608 0.560102 0.707107 -0.437219 0.555733 0.707107 -0.466607 0.531298 0.707107 -0.499689 0.500311 0.707107 -0.470601 0.527764 0.707107 -0.502198 0.497792 0.707107 -0.327659 0.62661 0.707107 -0.35644 0.610697 0.707107 -0.31658 0.632279 0.707107 -0.402178 0.581595 0.707107 -0.394835 0.586605 0.707107 -0.365612 0.60525 0.707107 -0.233127 0.667572 0.707107 -0.189877 0.681136 0.707107 -0.206941 0.676148 0.707107 -0.275419 0.651264 0.707107 -0.248172 0.662126 0.707107 -0.288463 0.645592 0.707107 -0.05617 0.704872 0.707107 -0.079175 0.70266 0.707107 -0.101216 0.699825 0.707107 -0.122282 0.696453 0.707107 -0.164924 0.687605 0.707107 -0.145846 0.691902 0.707107 0.0512863 0.705244 0.707107 0.034428 0.706268 0.707107 0.079608 0.702611 0.707107 -0.0357686 0.706202 0.707107 -0.0108935 0.707023 0.707107 0.0077736 0.707064 0.707107 0.168803 0.686663 0.707107 0.21245 0.674437 0.707107 0.180001 0.683812 0.707107 0.124461 0.696067 0.707107 0.137564 0.693597 0.707107 0.0946047 0.70075 0.707107 0.341356 0.619254 0.707107 0.302587 0.639094 0.707107 0.337457 0.621388 0.707107 0.26267 0.656509 0.707107 0.255225 0.659439 0.707107 0.296951 0.641732 0.707107 0.414868 0.572612 0.707107 0.450017 0.545421 0.707107 0.449332 0.545986 0.707107 0.376576 0.59849 0.707107 0.414148 0.573133 0.707107 0.37883 0.597066 0.707107 0.51607 0.483396 0.707107 0.545981 0.449338 0.707107 0.542006 0.454125 0.707107 0.484038 0.515468 0.707107 0.513021 0.486631 0.707107 0.482091 0.51729 0.707107 0.621807 0.336683 0.707107 0.616222 0.3468 0.707107 0.598958 0.375831 0.707107 0.593704 0.384077 0.707107 0.568934 0.419898 0.707107 0.573648 0.413434 0.707107 0.669454 0.227665 0.707107 0.659756 0.254404 0.707107 0.674701 0.211611 0.707107 0.636403 0.308207 0.707107 0.642101 0.296152 0.707107 0.654169 0.268445 0.707107 0.696222 0.123594 0.707107 0.70271 0.0787333 0.707107 0.699889 0.100776 0.707107 0.686872 0.167947 0.707107 0.692357 0.143671 0.707107 0.6822 0.18602 0.707107 0.704765 0.0574993 0.707107 0.70631 0.0335488 0.707107 0.706968 0.014004 0.707107 0.706489 -0.0295441 0.707107 0.707009 -0.0117736 0.707107 0.704802 -0.0570476 0.707107 0.703331 -0.0729804 0.707107 0.699699 -0.102087 0.707107 0.697504 -0.116139 0.707107 0.689031 -0.158858 0.707107 0.69172 -0.146707 0.707107 0.6809 -0.190724 0.707107 0.677945 -0.200974 0.707107 0.667281 -0.233958 0.707107 0.664287 -0.242328 0.707107 0.648109 -0.282762 0.707107 0.65092 -0.27623 0.707107 0.631884 -0.317367 0.707107 0.629473 -0.322124 0.707107 0.610252 -0.3572 0.707107 0.608449 -0.360264 0.707107 0.585116 -0.397038 0.707107 0.586113 -0.395565 0.707107 0.221756 0.671434 0.707107 -0.53189 0.465932 -3.28534e-17 0.336562 -0.941661 -3.23081e-17 0.366528 -0.930407 -3.30059e-17 0.327766 -0.944759 -3.08146e-17 -0.64382 -0.765177 -2.99594e-17 -0.674891 -0.737917 -3.03524e-17 -0.660984 -0.7504 -3.21497e-17 0.374842 -0.927088 -3.15551e-17 0.404664 -0.914465 -3.07482e-17 0.442109 -0.896961 -3.1392e-17 0.412494 -0.91096 -3.05817e-17 0.449454 -0.893303 -2.98888e-17 0.478798 -0.877925 -2.97201e-17 0.48566 -0.874148 -2.89783e-17 0.514669 -0.857389 -2.80183e-17 0.549661 -0.835388 -2.88086e-17 0.521051 -0.853526 -2.78488e-17 0.555568 -0.831471 -2.70104e-17 0.583714 -0.811959 -2.68423e-17 0.589152 -0.808022 -2.59564e-17 0.61677 -0.787144 -2.4858e-17 0.648771 -0.760983 -2.57907e-17 0.621748 -0.783217 -2.46959e-17 0.653301 -0.757098 -2.37172e-17 0.679665 -0.733523 -2.35596e-17 0.683758 -0.729709 -2.25358e-17 0.709397 -0.704809 -2.13159e-17 0.737917 -0.674891 -2.23838e-17 0.713068 -0.701095 -2.11704e-17 0.741181 -0.671305 -2.00597e-17 0.765177 -0.64382 -1.99215e-17 0.768051 -0.640389 -1.87691e-17 0.791129 -0.611649 -1.74465e-17 0.815729 -0.578434 -1.86392e-17 0.793632 -0.608398 -1.73257e-17 0.817881 -0.575387 -1.60941e-17 0.838936 -0.544229 -1.5983e-17 0.840759 -0.54141 -1.47142e-17 0.86071 -0.509095 -1.33091e-17 0.881013 -0.473092 -1.46135e-17 0.862225 -0.506525 -1.32196e-17 0.882245 -0.47079 -1.18813e-17 0.899811 -0.43628 -1.18034e-17 0.900785 -0.434265 -1.04332e-17 0.917072 -0.398722 -8.96728e-18 0.932765 -0.360484 -1.03674e-17 0.917814 -0.397011 -8.91407e-18 0.933302 -0.359092 -7.48604e-18 0.946866 -0.321629 -7.44575e-18 0.947225 -0.32057 -5.99201e-18 0.959348 -0.282225 -4.48774e-18 0.970192 -0.242339 -5.96494e-18 0.959558 -0.28151 -2.9758e-18 0.979377 -0.202039 -4.47413e-18 0.970282 -0.241977 -2.9758e-18 0.979377 -0.202039 -3.35019e-17 0.297716 -0.954654 -3.36473e-17 0.288444 -0.957497 -3.40943e-17 0.258371 -0.966046 -3.42312e-17 0.248629 -0.968599 -3.46295e-17 0.218593 -0.975816 -3.51065e-17 0.178447 -0.983949 -3.47566e-17 0.208389 -0.978046 -3.52227e-17 0.167794 -0.985822 -3.55247e-17 0.138003 -0.990432 -3.56286e-17 0.126911 -0.991914 -3.58832e-17 0.0973264 -0.995252 -3.61816e-17 0.056487 -0.998403 -3.59736e-17 0.085812 -0.996311 -3.62571e-17 0.0445661 -0.999006 -3.64192e-17 0.0155526 -0.999879 -3.64787e-17 0.00324407 -0.999995 -3.65958e-17 -0.0254078 -0.999677 -3.67109e-17 -0.0663255 -0.997798 -3.6638e-17 -0.0380834 -0.999275 -3.67347e-17 -0.0793459 -0.996847 -3.67644e-17 -0.107132 -0.994245 -3.67686e-17 -0.120473 -0.992717 -3.67563e-17 -0.147759 -0.989023 -3.66865e-17 -0.188138 -0.982143 -3.67397e-17 -0.161394 -0.98689 -3.6648e-17 -0.202039 -0.979377 -3.65552e-17 -0.228201 -0.973614 -3.64937e-17 -0.242339 -0.970192 -3.63625e-17 -0.267881 -0.963452 -3.61088e-17 -0.307112 -0.951673 -3.62771e-17 -0.282226 -0.959348 -3.59985e-17 -0.32163 -0.946866 -3.57945e-17 -0.345827 -0.938298 -3.56584e-17 -0.360484 -0.932765 -3.54201e-17 -0.383963 -0.923349 -3.49864e-17 -0.421454 -0.90685 -3.52573e-17 -0.398722 -0.917072 -3.47961e-17 -0.43628 -0.899811 -3.44939e-17 -0.458238 -0.88883 -3.42754e-17 -0.473092 -0.881013 -3.39436e-17 -0.494253 -0.869318 -3.33363e-17 -0.529439 -0.848348 -3.36961e-17 -0.509096 -0.86071 -3.30592e-17 -0.54423 -0.838936 -3.26731e-17 -0.563737 -0.825955 -3.23659e-17 -0.578434 -0.815729 -3.1955e-17 -0.597089 -0.802175 -3.11834e-17 -0.629438 -0.77705 -3.16173e-17 -0.611649 -0.791129 -2.85368e-17 -0.720643 -0.693307 -2.94697e-17 -0.691403 -0.722469 -2.90529e-17 -0.704809 -0.709397 -2.54527e-17 -0.800799 -0.598933 -2.65265e-17 -0.775387 -0.631486 -2.60423e-17 -0.787144 -0.61677 -2.75551e-17 -0.748653 -0.662962 -2.80968e-17 -0.733523 -0.679665 -2.70927e-17 -0.760983 -0.648771 -2.31766e-17 -0.847484 -0.530822 -2.26317e-17 -0.857389 -0.514669 -2.19783e-17 -0.868678 -0.495378 -2.49474e-17 -0.811959 -0.583714 -2.38098e-17 -0.835388 -0.549661 -2.43354e-17 -0.824845 -0.565359 -1.88735e-17 -0.914465 -0.404664 -1.81671e-17 -0.923238 -0.384228 -1.94714e-17 -0.906587 -0.422019 -2.01613e-17 -0.896962 -0.442109 -2.07426e-17 -0.88839 -0.45909 -2.14148e-17 -0.877925 -0.478798 -1.40772e-17 -0.963645 -0.267187 -1.54677e-17 -0.951791 -0.306746 -1.48254e-17 -0.957497 -0.288444 -1.68317e-17 -0.938315 -0.345782 -1.75533e-17 -0.930407 -0.366528 -1.62032e-17 -0.944759 -0.327766 -1.12268e-17 -0.982404 -0.18677 -1.05496e-17 -0.985822 -0.167794 -9.77161e-18 -0.989277 -0.146049 -1.34222e-17 -0.968599 -0.248629 -1.19962e-17 -0.978046 -0.208389 -1.26628e-17 -0.973855 -0.227172 -6.11181e-18 -0.999006 -0.0445662 -5.31617e-18 -0.999743 -0.0226731 -6.81378e-18 -0.997954 -0.063931 -7.60492e-18 -0.996311 -0.085812 -8.29977e-18 -0.994464 -0.10508 -9.08503e-18 -0.991914 -0.126911 -7.79219e-19 -0.994881 0.101051 -2.29631e-18 -0.998205 0.0598883 -1.58014e-18 -0.996847 0.0793459 -3.80949e-18 -0.999827 0.0186235 -4.60827e-18 -0.999995 -0.00324415 -3.09685e-18 -0.999275 0.0380834 2.25636e-18 -0.983152 0.182789 2.97581e-18 -0.979377 0.202039 3.76967e-18 -0.974767 0.223226 -6.07283e-20 -0.992717 0.120473 1.45879e-18 -0.98689 0.161394 7.39202e-19 -0.989861 0.142041 7.48604e-18 -0.946866 0.321629 8.26076e-18 -0.939708 0.341978 6.77444e-18 -0.953026 0.302888 5.99201e-18 -0.959348 0.282226 5.27656e-18 -0.964719 0.263281 4.48773e-18 -0.970192 0.242339 1.26252e-17 -0.890242 0.455488 1.11887e-17 -0.908289 0.418343 1.18813e-17 -0.899811 0.43628 9.73301e-18 -0.924787 0.380485 8.96729e-18 -0.932765 0.360484 1.04332e-17 -0.917072 0.398722 1.54313e-17 -0.849627 0.527384 1.60941e-17 -0.838936 0.54423 1.67961e-17 -0.827128 0.562014 1.33091e-17 -0.881013 0.473092 1.47142e-17 -0.86071 0.509095 1.40403e-17 -0.870677 0.491855 2.00597e-17 -0.765177 0.64382 2.07095e-17 -0.751332 0.659924 1.94374e-17 -0.777939 0.62834 1.87691e-17 -0.791129 0.61165 1.81322e-17 -0.803218 0.595685 1.74465e-17 -0.81573 0.578434 2.43054e-17 -0.664019 0.747716 2.31455e-17 -0.694324 0.719663 2.37172e-17 -0.679665 0.733523 2.19462e-17 -0.723445 0.690382 2.13159e-17 -0.737917 0.674891 2.25358e-17 -0.709397 0.704809 2.64988e-17 -0.600064 0.799952 2.70104e-17 -0.583714 0.811959 2.75286e-17 -0.566524 0.824045 2.4858e-17 -0.648771 0.760983 2.59564e-17 -0.61677 0.787144 2.54238e-17 -0.632581 0.774494 2.98888e-17 -0.478798 0.877925 3.03298e-17 -0.460344 0.88774 2.94458e-17 -0.496605 0.867977 2.89783e-17 -0.514669 0.857389 2.85115e-17 -0.532018 0.846733 2.80183e-17 -0.549661 0.835388 3.2666e-17 -0.347107 0.937826 3.19413e-17 -0.385532 0.922695 3.23081e-17 -0.366528 0.930407 3.11622e-17 -0.423299 0.90599 3.07482e-17 -0.442109 0.896961 3.15551e-17 -0.404664 0.914465 3.39472e-17 -0.268548 0.963266 3.42312e-17 -0.248629 0.968599 3.45014e-17 -0.228548 0.973533 3.30059e-17 -0.327766 0.944759 3.36473e-17 -0.288444 0.957497 3.3335e-17 -0.30809 0.951357 3.56286e-17 -0.126911 0.991914 3.58079e-17 -0.106485 0.994314 3.54326e-17 -0.147447 0.98907 3.52227e-17 -0.167794 0.985822 3.49968e-17 -0.188158 0.982139 3.47566e-17 -0.208389 0.978046 3.65653e-17 0.017211 0.999852 3.63747e-17 -0.0240852 0.99971 3.64787e-17 -0.00324398 0.999995 3.61221e-17 -0.0653407 0.997863 3.59736e-17 -0.0858119 0.996311 3.62571e-17 -0.0445662 0.999006 3.67601e-17 0.100709 0.994916 3.67686e-17 0.120473 0.992717 3.67611e-17 0.14223 0.989834 3.6638e-17 0.0380833 0.999275 3.67347e-17 0.0793461 0.996847 3.66948e-17 0.0590114 0.998257 3.64937e-17 0.242339 0.970192 3.63785e-17 0.265011 0.964245 3.65701e-17 0.224453 0.974485 3.6648e-17 0.202039 0.979377 3.66977e-17 0.183502 0.983019 3.67397e-17 0.161394 0.98689 3.54238e-17 0.383623 0.92349 3.58049e-17 0.344666 0.938725 3.56584e-17 0.360484 0.932765 3.61233e-17 0.305105 0.952319 3.62771e-17 0.282226 0.959348 3.59985e-17 0.321629 0.946866 3.44764e-17 0.459458 0.888199 3.42754e-17 0.473092 0.881013 3.39118e-17 0.496202 0.868207 3.52573e-17 0.398722 0.917072 3.47961e-17 0.43628 0.899811 3.49807e-17 0.42191 0.906638 3.23659e-17 0.578433 0.81573 3.18664e-17 0.600975 0.799268 3.26056e-17 0.567023 0.823702 3.30592e-17 0.544229 0.838936 3.32878e-17 0.532078 0.846695 3.36961e-17 0.509095 0.86071 2.99594e-17 0.674891 0.737917 3.0222e-17 0.665668 0.746248 3.08146e-17 0.64382 0.765177 3.10714e-17 0.633876 0.773435 3.16173e-17 0.61165 0.791129 2.90529e-17 0.704809 0.709397 2.93197e-17 0.696295 0.717756 2.83661e-17 0.725704 0.688007 2.80968e-17 0.733523 0.679665 2.70927e-17 0.760983 0.648771 2.73629e-17 0.753842 0.657056 2.60423e-17 0.787144 0.61677 2.63118e-17 0.780662 0.624954 2.52147e-17 0.806115 0.591759 2.49474e-17 0.811959 0.583714 2.38099e-17 0.835388 0.549661 2.40734e-17 0.830158 0.557528 2.26317e-17 0.857389 0.514669 2.28901e-17 0.852749 0.522321 2.16666e-17 0.873847 0.486201 2.14148e-17 0.877925 0.478798 2.01614e-17 0.896961 0.442109 2.04053e-17 0.893416 0.449229 1.88735e-17 0.914465 0.404664 1.91082e-17 0.911422 0.411472 1.77778e-17 0.927833 0.372995 1.75533e-17 0.930407 0.366528 1.62032e-17 0.944759 0.327766 1.64162e-17 0.942621 0.333865 1.48254e-17 0.957497 0.288444 1.50259e-17 0.955759 0.294151 1.36092e-17 0.967225 0.253922 1.34222e-17 0.968599 0.248629 1.19962e-17 0.978046 0.208389 1.21688e-17 0.976998 0.213249 1.05496e-17 0.985822 0.167793 1.07071e-17 0.985062 0.172203 9.22666e-18 0.991401 0.130855 9.08503e-18 0.991914 0.126911 7.60491e-18 0.996311 0.0858117 7.73006e-18 0.996007 0.0892788 6.11181e-18 0.999006 0.0445661 6.21994e-18 0.998869 0.047546 4.69894e-18 0.999984 0.00573002 4.60826e-18 0.999995 0.00324382 3.09685e-18 0.999275 -0.0380835 3.16971e-18 0.999348 -0.036096 1.58013e-18 0.996847 -0.0793462 1.63493e-18 0.996964 -0.0778588 9.72981e-20 0.992836 -0.119485 6.07251e-20 0.992717 -0.120473 -1.4588e-18 0.98689 -0.161394 -1.44052e-18 0.98697 -0.160903 -0.707107 -0.449332 -0.545986 -0.707107 -0.414148 -0.573133 -0.707107 -0.414868 -0.572612 -0.707107 0.586113 -0.395565 -0.707107 0.559565 -0.432305 -0.707107 0.559565 -0.432305 -0.707107 -0.482091 -0.51729 -0.707107 -0.450018 -0.545421 -0.707107 -0.484038 -0.515468 -0.707107 -0.513021 -0.48663 -0.707107 -0.542006 -0.454125 -0.707107 -0.51607 -0.483396 -0.707107 -0.568934 -0.419898 -0.707107 -0.545981 -0.449338 -0.707107 -0.573648 -0.413434 -0.707107 -0.593704 -0.384077 -0.707107 -0.616222 -0.3468 -0.707107 -0.598958 -0.375831 -0.707107 -0.636403 -0.308207 -0.707107 -0.621807 -0.336683 -0.707107 -0.642101 -0.296152 -0.707107 -0.654169 -0.268445 -0.707107 -0.669454 -0.227664 -0.707107 -0.659756 -0.254404 -0.707107 -0.6822 -0.18602 -0.707107 -0.674701 -0.211611 -0.707107 -0.686872 -0.167948 -0.707107 -0.692357 -0.143671 -0.707107 -0.699889 -0.100776 -0.707107 -0.696222 -0.123594 -0.707107 -0.704765 -0.0574991 -0.707107 -0.70271 -0.0787335 -0.707107 -0.70631 -0.0335489 -0.707107 -0.706968 -0.0140041 -0.707107 -0.706489 0.0295441 -0.707107 -0.707009 0.0117735 -0.707107 -0.703331 0.0729801 -0.707107 -0.704802 0.0570475 -0.707107 -0.699699 0.102087 -0.707107 -0.697504 0.116139 -0.707107 -0.689031 0.158858 -0.707107 -0.69172 0.146707 -0.707107 -0.677945 0.200974 -0.707107 -0.6809 0.190724 -0.707107 -0.667281 0.233958 -0.707107 -0.664287 0.242328 -0.707107 -0.648109 0.282762 -0.707107 -0.65092 0.27623 -0.707107 -0.629473 0.322124 -0.707107 -0.631885 0.317367 -0.707107 -0.610252 0.3572 -0.707107 -0.608449 0.360264 -0.707107 -0.585116 0.397038 -0.707107 -0.586113 0.395565 -0.707107 -0.559565 0.432305 -0.707107 -0.559565 0.432305 -0.707107 -0.376576 -0.59849 -0.707107 -0.341356 -0.619254 -0.707107 -0.378831 -0.597066 -0.707107 -0.337457 -0.621388 -0.707107 -0.302587 -0.639094 -0.707107 -0.26267 -0.656509 -0.707107 -0.296951 -0.641732 -0.707107 -0.255225 -0.659439 -0.707107 -0.221756 -0.671434 -0.707107 -0.21245 -0.674437 -0.707107 -0.180002 -0.683812 -0.707107 -0.137564 -0.693597 -0.707107 -0.168803 -0.686663 -0.707107 -0.124461 -0.696067 -0.707107 -0.0946046 -0.70075 -0.707107 -0.0796082 -0.702611 -0.707107 -0.0512865 -0.705244 -0.707107 -0.00777364 -0.707064 -0.707107 -0.0344282 -0.706268 -0.707107 0.0108933 -0.707023 -0.707107 0.0357685 -0.706202 -0.707107 0.05617 -0.704872 -0.707107 0.0791752 -0.70266 -0.707107 0.122281 -0.696453 -0.707107 0.101216 -0.699825 -0.707107 0.145846 -0.691902 -0.707107 0.164924 -0.687605 -0.707107 0.189877 -0.681136 -0.707107 0.20694 -0.676148 -0.707107 0.248172 -0.662126 -0.707107 0.233127 -0.667572 -0.707107 0.27542 -0.651263 -0.707107 0.288463 -0.645592 -0.707107 0.31658 -0.632279 -0.707107 0.327659 -0.62661 -0.707107 0.365612 -0.60525 -0.707107 0.35644 -0.610697 -0.707107 0.394835 -0.586605 -0.707107 0.402178 -0.581595 -0.707107 0.431608 -0.560102 -0.707107 0.437219 -0.555733 -0.707107 0.470601 -0.527764 -0.707107 0.466607 -0.531298 -0.707107 0.499689 -0.500311 -0.707107 0.502198 -0.497792 -0.707107 0.530717 -0.467268 -0.707107 0.53189 -0.465932 -0.707107 0.65092 -0.27623 -0.707107 0.648109 -0.282762 -0.707107 0.631885 -0.317367 -0.707107 0.610252 -0.3572 -0.707107 0.629473 -0.322124 -0.707107 0.608449 -0.360264 -0.707107 0.689031 -0.158858 -0.707107 0.6809 -0.190725 -0.707107 0.69172 -0.146707 -0.707107 0.664287 -0.242328 -0.707107 0.667281 -0.233958 -0.707107 0.677945 -0.200974 -0.707107 0.704802 -0.0570474 -0.707107 0.707009 -0.0117734 -0.707107 0.706489 -0.0295442 -0.707107 0.699699 -0.102087 -0.707107 0.703331 -0.07298 -0.707107 0.697504 -0.11614 -0.707107 0.696222 0.123594 -0.707107 0.699889 0.100776 -0.707107 0.70271 0.0787335 -0.707107 0.704765 0.057499 -0.707107 0.706968 0.0140042 -0.707107 0.70631 0.033549 -0.707107 0.669454 0.227664 -0.707107 0.674701 0.21161 -0.707107 0.659757 0.254404 -0.707107 0.692357 0.143671 -0.707107 0.686872 0.167947 -0.707107 0.6822 0.18602 -0.707107 0.621807 0.336683 -0.707107 0.598958 0.375831 -0.707107 0.616222 0.3468 -0.707107 0.642101 0.296152 -0.707107 0.636403 0.308207 -0.707107 0.654169 0.268445 -0.707107 0.513021 0.48663 -0.707107 0.542006 0.454125 -0.707107 0.51607 0.483396 -0.707107 0.568934 0.419898 -0.707107 0.573648 0.413434 -0.707107 0.545981 0.449338 -0.707107 0.449332 0.545986 -0.707107 0.414148 0.573133 -0.707107 0.414868 0.572612 -0.707107 0.484038 0.515468 -0.707107 0.450018 0.545421 -0.707107 0.482091 0.517289 -0.707107 0.337457 0.621388 -0.707107 0.296951 0.641732 -0.707107 0.302587 0.639094 -0.707107 0.376576 0.59849 -0.707107 0.341356 0.619254 -0.707107 0.378831 0.597066 -0.707107 0.168803 0.686663 -0.707107 0.180001 0.683812 -0.707107 0.21245 0.674437 -0.707107 0.221756 0.671434 -0.707107 0.262669 0.65651 -0.707107 0.255225 0.659439 -0.707107 0.0512866 0.705244 -0.707107 0.0796083 0.702611 -0.707107 0.0344283 0.706268 -0.707107 0.137564 0.693597 -0.707107 0.124461 0.696067 -0.707107 0.0946044 0.70075 -0.707107 -0.0561702 0.704872 -0.707107 -0.101216 0.699825 -0.707107 -0.0791754 0.70266 -0.707107 -0.0108935 0.707023 -0.707107 -0.0357686 0.706202 -0.707107 0.00777358 0.707064 -0.707107 -0.122281 0.696453 -0.707107 -0.145846 0.691902 -0.707107 -0.164924 0.687605 -0.707107 -0.20694 0.676148 -0.707107 -0.189877 0.681136 -0.707107 -0.233127 0.667572 -0.707107 -0.248172 0.662126 -0.707107 -0.27542 0.651263 -0.707107 -0.288462 0.645592 -0.707107 -0.327659 0.62661 -0.707107 -0.31658 0.632279 -0.707107 -0.35644 0.610697 -0.707107 -0.365612 0.60525 -0.707107 -0.394835 0.586605 -0.707107 -0.402178 0.581595 -0.707107 -0.437219 0.555734 -0.707107 -0.431608 0.560102 -0.707107 -0.466607 0.531298 -0.707107 -0.470601 0.527764 -0.707107 -0.499689 0.500311 -0.707107 -0.502198 0.497792 -0.707107 -0.53189 0.465932 -0.707107 -0.530717 0.467268 -0.707107 0.593704 0.384077 -0.707107 0.585116 -0.397037 -4.40486e-18 -0.939444 0.342703 -6.61043e-18 -0.955633 0.294561 -4.01261e-18 -0.93632 0.351147 -1.98396e-17 -0.999804 -0.0198048 -2.22039e-17 -0.996688 -0.081316 -2.14351e-17 -0.998131 -0.0611075 -1.40046e-18 -0.913661 0.406477 -1.71551e-18 -0.916565 0.399886 1.21671e-18 -0.887735 0.460354 9.80339e-19 -0.890209 0.455553 3.67247e-18 -0.860476 0.509491 3.82952e-18 -0.858636 0.512586 6.42865e-18 -0.826467 0.562985 6.35068e-18 -0.82748 0.561496 9.00479e-18 -0.791344 0.611371 9.00479e-18 -0.791344 0.611371 -7.0775e-18 -0.958759 0.28422 -9.18461e-18 -0.971528 0.236923 -1.1726e-17 -0.983951 0.178437 -9.72329e-18 -0.974437 0.224659 -1.23322e-17 -0.986419 0.164246 -1.42254e-17 -0.992857 0.119314 -1.48943e-17 -0.99466 0.10321 -1.6674e-17 -0.998213 0.0597637 -1.90629e-17 -1 1.76864e-08 -1.73999e-17 -0.999127 0.0417816 -2.59307e-17 -0.983223 -0.18241 -2.37272e-17 -0.992532 -0.121987 -2.44841e-17 -0.989792 -0.142519 -3.19283e-17 -0.933453 -0.358699 -3.00389e-17 -0.953628 -0.300987 -3.07344e-17 -0.946751 -0.321966 -2.80372e-17 -0.970239 -0.242151 -2.66713e-17 -0.979141 -0.203181 -2.87574e-17 -0.964776 -0.263073 -3.53426e-17 -0.882726 -0.469889 -3.59381e-17 -0.87147 -0.490449 -3.68546e-17 -0.852362 -0.522952 -3.25948e-17 -0.925135 -0.379638 -3.43316e-17 -0.900009 -0.43587 -3.36984e-17 -0.90979 -0.415069 -3.9918e-17 -0.766512 -0.64223 -4.05442e-17 -0.74267 -0.669657 -3.94603e-17 -0.782204 -0.623023 -3.87367e-17 -0.804594 -0.593825 -3.82289e-17 -0.818813 -0.57406 -3.74083e-17 -0.839625 -0.543167 -4.28734e-17 -0.608058 -0.793892 -4.2254e-17 -0.655435 -0.755252 -4.25386e-17 -0.635451 -0.772141 -4.14766e-17 -0.700362 -0.713788 -4.0948e-17 -0.725522 -0.688199 -4.18226e-17 -0.681779 -0.731558 -4.36299e-17 -0.506673 -0.862138 -4.37105e-17 -0.48275 -0.875758 -4.3764e-17 -0.453043 -0.891489 -4.30932e-17 -0.586712 -0.809796 -4.34843e-17 -0.535747 -0.844378 -4.33326e-17 -0.558409 -0.829566 -4.33939e-17 -0.313611 -0.949552 -4.31861e-17 -0.282826 -0.959171 -4.35417e-17 -0.34091 -0.940096 -4.36652e-17 -0.371471 -0.928445 -4.37346e-17 -0.39772 -0.917507 -4.37709e-17 -0.427922 -0.903816 -4.11591e-17 -0.103119 -0.994669 -4.19926e-17 -0.163708 -0.986509 -4.15996e-17 -0.133791 -0.99101 -4.26691e-17 -0.223685 -0.974661 -4.2958e-17 -0.254561 -0.967057 -4.23592e-17 -0.194545 -0.980894 -3.90344e-17 0.0189874 -0.99982 -3.83887e-17 0.0505846 -0.99872 -3.7751e-17 0.0800486 -0.996791 -4.06823e-17 -0.0725298 -0.997366 -3.96106e-17 -0.0109936 -0.99994 -4.01718e-17 -0.0421445 -0.999112 -3.38705e-17 0.233237 -0.97242 -3.30762e-17 0.26053 -0.965466 -3.47664e-17 0.201046 -0.979582 -3.55132e-17 0.172932 -0.984934 -3.63266e-17 0.14081 -0.990037 -3.70211e-17 0.111971 -0.993712 -2.72915e-17 0.432269 -0.901745 -2.93318e-17 0.376358 -0.926474 -2.81988e-17 0.407948 -0.913005 -3.12624e-17 0.31904 -0.947741 -3.20993e-17 0.292658 -0.956217 -3.02064e-17 0.350969 -0.936387 -2.15669e-17 0.568766 -0.822499 -1.91811e-17 0.618321 -0.785926 -2.05911e-17 0.589504 -0.807766 -2.60844e-17 0.463379 -0.88616 -2.38709e-17 0.517053 -0.855953 -2.51492e-17 0.486565 -0.873645 -1.16247e-17 0.752206 -0.658928 -1.31997e-17 0.726958 -0.686682 -1.42006e-17 0.710216 -0.703984 -1.57253e-17 0.683638 -0.729822 -1.81922e-17 0.637763 -0.770233 -1.67226e-17 0.665531 -0.746371 -5.36539e-18 0.840019 -0.542557 -6.35069e-18 0.827479 -0.561496 -3.67247e-18 0.860476 -0.50949 -1.06247e-17 0.767561 -0.640976 -9.00479e-18 0.791344 -0.611371 -8.01002e-18 0.805295 -0.592875 1.71552e-18 0.916565 -0.399886 4.40487e-18 0.939444 -0.342703 2.64894e-18 0.924893 -0.380227 -9.80331e-19 0.890209 -0.455552 -2.59433e-20 0.89993 -0.436034 -2.70072e-18 0.871603 -0.490212 1.23322e-17 0.986419 -0.164246 1.05744e-17 0.978733 -0.205138 9.72329e-18 0.974437 -0.224659 7.95901e-18 0.964368 -0.264563 5.31389e-18 0.946399 -0.322999 7.0775e-18 0.958759 -0.28422 1.8145e-17 0.999732 -0.0231659 1.73999e-17 0.999127 -0.0417816 1.98396e-17 0.999804 0.0198049 1.31502e-17 0.989439 -0.144947 1.48943e-17 0.99466 -0.103209 1.56769e-17 0.996448 -0.0842139 2.44841e-17 0.989792 0.142519 2.66713e-17 0.979141 0.203181 2.51067e-17 0.987184 0.159583 2.22039e-17 0.996688 0.0813161 2.28687e-17 0.995091 0.0989608 2.05453e-17 0.999279 0.0379682 3.25948e-17 0.925135 0.379638 3.12261e-17 0.941513 0.336978 3.07344e-17 0.946751 0.321966 2.92932e-17 0.960345 0.278815 2.72509e-17 0.975588 0.219609 2.87574e-17 0.964776 0.263073 3.62976e-17 0.864249 0.503065 3.59381e-17 0.87147 0.490449 3.74083e-17 0.839625 0.543167 3.30422e-17 0.919161 0.393881 3.43316e-17 0.90001 0.43587 3.47348e-17 0.893374 0.449313 3.9918e-17 0.766512 0.64223 4.0948e-17 0.725521 0.6882 4.01512e-17 0.757984 0.652273 3.87367e-17 0.804594 0.593825 3.90109e-17 0.796427 0.604735 3.77247e-17 0.831892 0.554937 4.30932e-17 0.586712 0.809796 4.26575e-17 0.626287 0.779593 4.25386e-17 0.635451 0.772141 4.19779e-17 0.672755 0.739865 4.11414e-17 0.716709 0.697372 4.18226e-17 0.68178 0.731558 4.37324e-17 0.473574 0.880754 4.37105e-17 0.482751 0.875758 4.37709e-17 0.427922 0.903816 4.31776e-17 0.577477 0.816407 4.34843e-17 0.535747 0.844379 4.35364e-17 0.52651 0.850169 4.36652e-17 0.371471 0.928445 4.3765e-17 0.418868 0.908047 4.33939e-17 0.31361 0.949552 4.3634e-17 0.362597 0.931946 4.33399e-17 0.304971 0.952362 4.2958e-17 0.254561 0.967057 4.23592e-17 0.194545 0.980894 4.28839e-17 0.246204 0.969218 4.15996e-17 0.133791 0.99101 4.22675e-17 0.186518 0.982452 4.14932e-17 0.126134 0.992013 4.06823e-17 0.0725297 0.997366 3.96106e-17 0.010994 0.99994 4.05638e-17 0.0652786 0.997867 3.83887e-17 -0.0505844 0.99872 3.94828e-17 0.00417971 0.999991 3.82541e-17 -0.0569353 0.998378 3.70211e-17 -0.11197 0.993712 3.55132e-17 -0.172932 0.984934 3.68826e-17 -0.117837 0.993033 3.38705e-17 -0.233237 0.97242 3.53731e-17 -0.178299 0.983976 3.37315e-17 -0.238094 0.971242 3.20993e-17 -0.292658 0.956217 3.02064e-17 -0.350968 0.936387 3.19638e-17 -0.296999 0.954878 2.81988e-17 -0.407948 0.913005 3.00766e-17 -0.354794 0.934944 2.8077e-17 -0.411263 0.911517 2.60844e-17 -0.463379 0.88616 2.38709e-17 -0.517053 0.855953 2.59724e-17 -0.466195 0.884682 2.1567e-17 -0.568766 0.8225 2.37708e-17 -0.519384 0.854541 2.14804e-17 -0.570633 0.821205 1.91811e-17 -0.618321 0.785926 1.67226e-17 -0.665531 0.746371 1.91096e-17 -0.619748 0.784801 1.42006e-17 -0.710215 0.703984 1.66674e-17 -0.666547 0.745463 1.4163e-17 -0.710855 0.703339 1.16248e-17 -0.752206 0.658928 1.16056e-17 -0.752506 0.658586 -2.2913e-17 0.539042 -0.842279 3.3264e-17 -0.312418 0.949945 3.2666e-17 -0.347107 0.937826 3.3335e-17 -0.30809 0.951357 -3.11834e-17 -0.629438 -0.77705 -3.06528e-17 -0.649936 -0.759989 -3.14688e-17 -0.617849 -0.786297 3.39472e-17 -0.268548 0.963266 3.38853e-17 -0.27274 0.962088 3.45014e-17 -0.228548 0.973533 3.44483e-17 -0.232593 0.972574 3.49519e-17 -0.192045 0.981386 3.49968e-17 -0.188158 0.982139 3.54326e-17 -0.147447 0.98907 3.53954e-17 -0.151167 0.988508 3.58079e-17 -0.106484 0.994314 3.57779e-17 -0.110029 0.993928 3.60988e-17 -0.0687006 0.997637 3.61221e-17 -0.0653407 0.997863 3.63747e-17 -0.0240852 0.99971 3.63575e-17 -0.0272541 0.999629 3.65653e-17 0.017211 0.999852 3.65537e-17 0.0142392 0.999899 3.66869e-17 0.0557081 0.998447 3.66948e-17 0.0590114 0.998257 3.67601e-17 0.100709 0.994916 3.6757e-17 0.097081 0.995276 3.67611e-17 0.14223 0.989834 3.67637e-17 0.138287 0.990392 3.67085e-17 0.178654 0.983912 3.66977e-17 0.183502 0.983019 3.65701e-17 0.224453 0.974485 3.65919e-17 0.218724 0.975787 3.63785e-17 0.265011 0.964245 3.64141e-17 0.258427 0.966031 3.61755e-17 0.297699 0.95466 3.61233e-17 0.305106 0.952318 3.58049e-17 0.344666 0.938725 3.58764e-17 0.336473 0.941693 3.54238e-17 0.383623 0.92349 3.55173e-17 0.374685 0.927152 3.50988e-17 0.41227 0.911062 3.49807e-17 0.42191 0.906638 3.44764e-17 0.459458 0.888199 3.46217e-17 0.449166 0.893448 3.39118e-17 0.496202 0.868207 3.40867e-17 0.485312 0.874341 3.34948e-17 0.520646 0.853773 3.32878e-17 0.532078 0.846695 3.26056e-17 0.567023 0.823702 3.28468e-17 0.55511 0.831777 3.18664e-17 0.600975 0.799268 3.2144e-17 0.588646 0.808391 3.13874e-17 0.621198 0.783654 3.10714e-17 0.633876 0.773435 3.0222e-17 0.665668 0.746248 3.05783e-17 0.652711 0.757607 2.93197e-17 0.696295 0.717756 2.97181e-17 0.683134 0.730293 2.88083e-17 0.712415 0.701759 2.83661e-17 0.725704 0.688007 2.73629e-17 0.753842 0.657055 2.78503e-17 0.740505 0.672051 2.63118e-17 0.780662 0.624954 2.68457e-17 0.767356 0.641221 2.57963e-17 0.792926 0.609318 2.52147e-17 0.806115 0.591759 2.40734e-17 0.830158 0.557528 2.47037e-17 0.81717 0.576397 2.28901e-17 0.852749 0.522321 2.35699e-17 0.840048 0.542513 2.23966e-17 0.861522 0.507721 2.16666e-17 0.873847 0.486201 2.04053e-17 0.893416 0.449229 2.1186e-17 0.881555 0.472081 1.91082e-17 0.911422 0.411472 1.99399e-17 0.900115 0.435652 1.86605e-17 0.917171 0.398495 1.77778e-17 0.927833 0.372995 1.64162e-17 0.942621 0.333865 1.73498e-17 0.932693 0.360671 1.50259e-17 0.955759 0.294151 1.60102e-17 0.946657 0.322244 1.46438e-17 0.959037 0.283279 1.36092e-17 0.967225 0.253922 1.21688e-17 0.976998 0.213249 1.3253e-17 0.969815 0.243841 1.07071e-17 0.985062 0.172203 1.184e-17 0.978972 0.203995 1.04072e-17 0.986492 0.163808 9.22666e-18 0.991401 0.130855 7.73005e-18 0.996007 0.0892783 8.95696e-18 0.992364 0.123346 6.21994e-18 0.998869 0.047546 7.49178e-18 0.996576 0.0826791 6.01409e-18 0.999123 0.041874 4.69894e-18 0.999984 0.00573002 3.16971e-18 0.999348 -0.036096 4.52633e-18 1 0.000998399 1.63493e-18 0.996964 -0.0778588 3.03103e-18 0.999205 -0.0398784 1.53064e-18 0.996739 -0.080689 9.72981e-20 0.992836 -0.119485 -1.44052e-18 0.98697 -0.160903 2.76936e-20 0.992608 -0.121365 -2.97581e-18 0.979377 -0.202039 -1.47528e-18 0.986817 -0.161837 -2.97579e-18 0.979378 -0.202039 3.25855e-17 -0.351558 0.936166 3.18508e-17 -0.390093 0.920776 3.19413e-17 -0.385532 0.922695 3.11622e-17 -0.423299 0.90599 3.10613e-17 -0.427955 0.9038 3.02183e-17 -0.465081 0.885268 3.03298e-17 -0.460344 0.88774 2.93233e-17 -0.501406 0.865212 2.94458e-17 -0.496605 0.867977 2.85115e-17 -0.532018 0.846733 2.83778e-17 -0.536868 0.843666 2.73835e-17 -0.571405 0.820668 2.75286e-17 -0.566524 0.824045 2.63419e-17 -0.604959 0.796256 2.64988e-17 -0.600064 0.799952 2.54238e-17 -0.632581 0.774494 2.52551e-17 -0.637471 0.770474 2.41247e-17 -0.668886 0.743365 2.43054e-17 -0.664019 0.747716 2.29529e-17 -0.699149 0.714976 2.31455e-17 -0.694324 0.719663 2.19462e-17 -0.723445 0.690382 2.17415e-17 -0.728208 0.685356 2.04926e-17 -0.756013 0.654557 2.07095e-17 -0.751332 0.659924 1.92085e-17 -0.782517 0.62263 1.94374e-17 -0.777939 0.62834 1.81322e-17 -0.803218 0.595685 1.78913e-17 -0.807673 0.589631 1.65433e-17 -0.831439 0.555617 1.67961e-17 -0.827128 0.562014 1.51668e-17 -0.853773 0.520646 1.54313e-17 -0.849627 0.527384 1.40403e-17 -0.870677 0.491855 1.37642e-17 -0.874637 0.484779 1.23379e-17 -0.893995 0.448077 1.26252e-17 -0.890242 0.455488 1.08904e-17 -0.911814 0.410603 1.11887e-17 -0.908289 0.418343 9.73301e-18 -0.924787 0.380485 9.42411e-18 -0.928063 0.372423 7.9416e-18 -0.942714 0.333602 8.26076e-18 -0.939708 0.341978 6.4454e-18 -0.955742 0.294206 6.77443e-18 -0.953026 0.302888 5.27656e-18 -0.964719 0.263281 4.93811e-18 -0.967125 0.254303 3.42233e-18 -0.976842 0.213963 3.76967e-18 -0.974767 0.223226 1.90065e-18 -0.984877 0.173254 2.25636e-18 -0.983152 0.182789 7.39202e-19 -0.989861 0.142041 3.75697e-19 -0.991217 0.132247 -1.14991e-18 -0.99585 0.0910125 -7.79228e-19 -0.994881 0.101051 -2.67352e-18 -0.998768 0.0496212 -2.29631e-18 -0.998205 0.0598883 -3.80949e-18 -0.999827 0.0186235 -4.19254e-18 -0.999967 0.0081443 -5.70433e-18 -0.999444 -0.0333464 -5.31617e-18 -0.999743 -0.0226733 -7.20631e-18 -0.9972 -0.07478 -6.81378e-18 -0.997954 -0.063931 -8.29977e-18 -0.994464 -0.10508 -8.69588e-18 -0.993239 -0.116085 -1.01705e-17 -0.987568 -0.157189 -9.77161e-18 -0.989277 -0.146049 -1.16276e-17 -0.980197 -0.198024 -1.12268e-17 -0.982404 -0.18677 -1.26628e-17 -0.973855 -0.227172 -1.30646e-17 -0.971138 -0.238517 -1.44792e-17 -0.960407 -0.2786 -1.40772e-17 -0.963645 -0.267187 -1.58688e-17 -0.948023 -0.318202 -1.54677e-17 -0.951791 -0.306746 -1.68317e-17 -0.938315 -0.345782 -1.72312e-17 -0.934006 -0.357258 -1.85638e-17 -0.918381 -0.395697 -1.8167e-17 -0.923238 -0.384228 -1.98645e-17 -0.901175 -0.433456 -1.94714e-17 -0.906587 -0.422019 -2.07426e-17 -0.88839 -0.45909 -2.1131e-17 -0.882417 -0.470468 -2.23611e-17 -0.86214 -0.50667 -2.19783e-17 -0.868678 -0.495378 -2.35527e-17 -0.840378 -0.542 -2.31766e-17 -0.847484 -0.530822 -2.43354e-17 -0.824845 -0.56536 -2.47037e-17 -0.81717 -0.576397 -2.58123e-17 -0.792554 -0.609801 -2.54527e-17 -0.800799 -0.598933 -2.68763e-17 -0.766574 -0.642156 -2.65265e-17 -0.775387 -0.631486 -2.75551e-17 -0.748653 -0.662962 -2.78941e-17 -0.739274 -0.673404 -2.88639e-17 -0.710702 -0.703494 -2.85368e-17 -0.720643 -0.693307 -2.9784e-17 -0.680905 -0.732372 -2.94697e-17 -0.691403 -0.722469 -3.03524e-17 -0.660984 -0.7504 -3.22306e-17 -0.584697 -0.811252 -3.1955e-17 -0.597088 -0.802176 -3.41784e-17 -0.479439 -0.877575 -3.39436e-17 -0.494253 -0.869318 -3.35866e-17 -0.515432 -0.85693 -3.33363e-17 -0.529439 -0.848348 -3.26731e-17 -0.563737 -0.825955 -3.2937e-17 -0.550539 -0.83481 -3.54201e-17 -0.383963 -0.923349 -3.51845e-17 -0.405038 -0.9143 -3.55972e-17 -0.36676 -0.930316 -3.44939e-17 -0.458238 -0.88883 -3.47114e-17 -0.442619 -0.89671 -3.49864e-17 -0.421454 -0.90685 -3.62379e-17 -0.288375 -0.957518 -3.64649e-17 -0.248404 -0.968657 -3.63625e-17 -0.267881 -0.963452 -3.59485e-17 -0.327849 -0.94473 -3.61088e-17 -0.307112 -0.951673 -3.57945e-17 -0.345827 -0.938298 -3.67683e-17 -0.126203 -0.992004 -3.67563e-17 -0.147759 -0.989023 -3.67304e-17 -0.167248 -0.985915 -3.66865e-17 -0.188137 -0.982143 -3.65552e-17 -0.228201 -0.973614 -3.66292e-17 -0.208005 -0.978128 -3.65958e-17 -0.0254076 -0.999677 -3.66543e-17 -0.0435325 -0.999052 -3.65026e-17 -0.00204917 -0.999998 -3.67644e-17 -0.107132 -0.994245 -3.6743e-17 -0.084941 -0.996386 -3.67109e-17 -0.0663254 -0.997798 -3.56719e-17 0.122137 -0.992513 -3.55247e-17 0.138003 -0.990432 -3.58832e-17 0.0973265 -0.995252 -3.60109e-17 0.0808568 -0.996726 -3.61816e-17 0.056487 -0.998403 -3.6288e-17 0.0394377 -0.999222 -3.40943e-17 0.258371 -0.966046 -3.46295e-17 0.218593 -0.975816 -3.4289e-17 0.244432 -0.969666 -3.51065e-17 0.178447 -0.983949 -3.52714e-17 0.163206 -0.986592 -3.48102e-17 0.203995 -0.978972 -3.28534e-17 0.336562 -0.941661 -3.23754e-17 0.362944 -0.931811 -3.21497e-17 0.374843 -0.927088 -3.37088e-17 0.284448 -0.958691 -3.30706e-17 0.323975 -0.946066 -3.35019e-17 0.297716 -0.954654 -2.99607e-17 0.475838 -0.879533 -2.97201e-17 0.48566 -0.874148 -3.05817e-17 0.449454 -0.893303 -3.08192e-17 0.438941 -0.898516 -3.1392e-17 0.412495 -0.91096 -3.16245e-17 0.401288 -0.915952 -2.68423e-17 0.589152 -0.808022 -2.78488e-17 0.555568 -0.831471 -2.70823e-17 0.581367 -0.813641 -2.88086e-17 0.521051 -0.853526 -2.90507e-17 0.511916 -0.859035 -2.80907e-17 0.547113 -0.837059 -2.46959e-17 0.653301 -0.757098 -2.37847e-17 0.677898 -0.735156 -2.35596e-17 0.683758 -0.729709 -2.60273e-17 0.614621 -0.788823 -2.49275e-17 0.646816 -0.762646 -2.57907e-17 0.621748 -0.783217 -2.01189e-17 0.763936 -0.645292 -1.99215e-17 0.768051 -0.640389 -2.11704e-17 0.741181 -0.671305 -2.13784e-17 0.736508 -0.676428 -2.23838e-17 0.713068 -0.701095 -2.2601e-17 0.707812 -0.7064 -1.88249e-17 0.790048 -0.613044 -1.86392e-17 0.793632 -0.608398 -1.73257e-17 0.817881 -0.575387 -1.74984e-17 0.814801 -0.579741 -1.61418e-17 0.83815 -0.54544 -1.5983e-17 0.840759 -0.54141 -1.47574e-17 0.860056 -0.5102 -1.46135e-17 0.862225 -0.506525 -1.32196e-17 0.882245 -0.47079 -1.33476e-17 0.880481 -0.474081 -1.19148e-17 0.899391 -0.437146 -1.18034e-17 0.900785 -0.434265 -1.04615e-17 0.916752 -0.399458 -1.03674e-17 0.917814 -0.397011 -8.91407e-18 0.933302 -0.359092 -8.99016e-18 0.932534 -0.361082 -7.50336e-18 0.946711 -0.322085 -7.44575e-18 0.947225 -0.32057 -6.00365e-18 0.959257 -0.282533 -5.96494e-18 0.959558 -0.28151 -4.47413e-18 0.970282 -0.241977 -4.49359e-18 0.970153 -0.242495 -3.64192e-17 0.0155528 -0.999879 -0.122663 -0.992448 -4.44257e-05 -0.0614475 -0.99811 -4.46791e-05 -0.119846 -0.992792 -4.44411e-05 0.999557 -0.0297738 -1.33278e-06 0.996012 -0.0892161 -3.99364e-06 0.995824 -0.0912919 -4.08656e-06 -0.180736 -0.983532 -4.40265e-05 -0.183415 -0.983036 -4.40043e-05 -0.24094 -0.97054 -4.3445e-05 -0.243473 -0.969908 -4.34167e-05 -0.302612 -0.953114 -4.26649e-05 -0.300231 -0.953867 -4.26986e-05 -0.358382 -0.933575 -4.17903e-05 -0.360606 -0.932718 -4.17519e-05 -0.415174 -0.909742 -4.07234e-05 -0.417238 -0.908797 -4.06811e-05 -0.472293 -0.881441 -3.94566e-05 -0.470391 -0.882458 -3.95021e-05 -0.523824 -0.851827 -3.81309e-05 -0.525563 -0.850754 -3.80829e-05 -0.57527 -0.817964 -3.66151e-05 -0.576847 -0.816852 -3.65653e-05 -0.625951 -0.779863 -3.49096e-05 -0.624533 -0.780998 -3.49604e-05 -0.671428 -0.74107 -3.31731e-05 -0.672688 -0.739926 -3.31218e-05 -0.715775 -0.698331 -3.12599e-05 -0.716884 -0.697193 -3.12089e-05 -0.75837 -0.651824 -2.91781e-05 -0.757407 -0.652943 -2.92281e-05 -0.796167 -0.605078 -2.70855e-05 -0.79699 -0.603993 -2.70369e-05 -0.831906 -0.554917 -2.48402e-05 -0.832598 -0.553878 -2.47936e-05 -0.865059 -0.50167 -2.24566e-05 -0.864489 -0.502652 -2.25006e-05 -0.893793 -0.44848 -2.00756e-05 -0.894251 -0.447566 -2.00347e-05 -0.919707 -0.392606 -1.75745e-05 -0.920063 -0.391771 -1.75371e-05 -0.942397 -0.334495 -1.49732e-05 -0.942131 -0.335244 -1.50068e-05 -0.960982 -0.27661 -1.23821e-05 -0.961171 -0.275955 -1.23528e-05 -0.976188 -0.216926 -9.71041e-06 -0.976311 -0.216372 -9.68561e-06 -0.987762 -0.155971 -6.98184e-06 -0.987691 -0.156419 -7.00192e-06 -0.995447 -0.0953197 -4.26686e-06 -0.995479 -0.0949807 -4.25169e-06 -0.999427 -0.0338583 -1.51562e-06 -0.999434 -0.0336314 -1.50547e-06 -0.999612 0.027845 1.24645e-06 -0.999615 0.0277316 1.24137e-06 -0.996012 0.0892162 3.99365e-06 -0.996012 0.0892162 3.99365e-06 -0.0585016 -0.998287 -4.4687e-05 0.00306478 -0.999995 -4.47635e-05 -8.68423e-08 -1 -4.47637e-05 0.0616017 -0.998101 -4.46787e-05 0.0646196 -0.99791 -4.46702e-05 0.122969 -0.99241 -4.4424e-05 0.125929 -0.992039 -4.44074e-05 0.186761 -0.982405 -4.39761e-05 0.18387 -0.982951 -4.40005e-05 0.244072 -0.969757 -4.34099e-05 0.246885 -0.969045 -4.3378e-05 0.303347 -0.95288 -4.26544e-05 0.306072 -0.952008 -4.26154e-05 0.364098 -0.931361 -4.16912e-05 0.36147 -0.932384 -4.1737e-05 0.41822 -0.908346 -4.06609e-05 0.420742 -0.90718 -4.06087e-05 0.473381 -0.880858 -3.94305e-05 0.475791 -0.879558 -3.93723e-05 0.529035 -0.8486 -3.79865e-05 0.526745 -0.850023 -3.80502e-05 0.578107 -0.815961 -3.65254e-05 0.580273 -0.814422 -3.64566e-05 0.627274 -0.778799 -3.48619e-05 0.629308 -0.777156 -3.47884e-05 0.674058 -0.738679 -3.3066e-05 0.718282 -0.695752 -3.11445e-05 0.675958 -0.736941 -3.29882e-05 0.759777 -0.650184 -2.91046e-05 0.720042 -0.69393 -3.10629e-05 0.761395 -0.648288 -2.90198e-05 0.798386 -0.602145 -2.69543e-05 0.833963 -0.55182 -2.47015e-05 0.79986 -0.600186 -2.68666e-05 0.866373 -0.499398 -2.23549e-05 0.835291 -0.549807 -2.46114e-05 0.867554 -0.497343 -2.22629e-05 0.895491 -0.44508 -1.99234e-05 0.921208 -0.389071 -1.74162e-05 0.896525 -0.442993 -1.983e-05 0.943426 -0.331584 -1.48429e-05 0.922096 -0.386962 -1.73218e-05 0.944169 -0.329463 -1.4748e-05 0.96206 -0.272837 -1.22132e-05 0.97704 -0.213055 -9.53712e-06 0.96266 -0.270714 -1.21182e-05 0.988309 -0.152463 -6.82481e-06 0.977499 -0.210938 -9.44237e-06 0.988631 -0.150362 -6.73078e-06 0.987989 0.154522 6.917e-06 0.995447 0.0953196 4.26686e-06 0.995632 0.0933669 4.17945e-06 0.999492 0.0318569 1.42604e-06 0.999427 0.0338583 1.51563e-06 0.999615 -0.0277316 -1.24137e-06 0.960982 0.27661 1.23821e-05 0.961489 0.274842 1.23029e-05 0.942733 0.33355 1.49309e-05 0.987691 0.15642 7.00192e-06 0.976594 0.215091 9.62825e-06 0.976188 0.216926 9.71041e-06 0.894561 0.446945 2.00069e-05 0.86533 0.501203 2.24357e-05 0.893793 0.44848 2.00756e-05 0.920395 0.39099 1.75022e-05 0.919707 0.392606 1.75745e-05 0.942131 0.335244 1.50068e-05 0.75842 0.651766 2.91755e-05 0.796167 0.605078 2.70855e-05 0.79713 0.603808 2.70287e-05 0.831906 0.554917 2.48402e-05 0.864489 0.502652 2.25006e-05 0.832812 0.553557 2.47792e-05 0.671427 0.74107 3.31731e-05 0.672517 0.740082 3.31288e-05 0.62565 0.780104 3.49204e-05 0.757407 0.652943 2.92281e-05 0.71683 0.697248 3.12114e-05 0.715775 0.698331 3.12599e-05 0.524972 0.851119 3.80993e-05 0.471545 0.881842 3.94745e-05 0.523824 0.851827 3.81309e-05 0.576406 0.817164 3.65793e-05 0.57527 0.817964 3.66151e-05 0.624533 0.780998 3.49604e-05 0.301361 0.95351 4.26827e-05 0.358382 0.933575 4.17903e-05 0.359526 0.933135 4.17706e-05 0.415174 0.909742 4.07234e-05 0.470391 0.882458 3.95021e-05 0.416326 0.909215 4.06999e-05 0.180736 0.983532 4.40265e-05 0.181821 0.983332 4.40176e-05 0.120901 0.992665 4.44354e-05 0.300231 0.953867 4.26986e-05 0.242051 0.970264 4.34326e-05 0.24094 0.97054 4.3445e-05 -0.00208425 0.999998 4.47636e-05 -0.0636819 0.99797 4.46729e-05 -0.00306511 0.999995 4.47635e-05 0.0595218 0.998227 4.46843e-05 0.0585017 0.998287 4.4687e-05 0.119846 0.992792 4.44411e-05 -0.246093 0.969246 4.33871e-05 -0.186761 0.982405 4.39761e-05 -0.185918 0.982565 4.39833e-05 -0.125929 0.992039 4.44074e-05 -0.0646198 0.99791 4.46702e-05 -0.125037 0.992152 4.44124e-05 -0.364098 0.931361 4.16912e-05 -0.363413 0.931628 4.17031e-05 -0.420112 0.907472 4.06218e-05 -0.246885 0.969045 4.3378e-05 -0.305332 0.952246 4.26261e-05 -0.306072 0.952008 4.26154e-05 -0.528515 0.848924 3.8001e-05 -0.579807 0.814754 3.64714e-05 -0.529036 0.8486 3.79865e-05 -0.475216 0.879869 3.93862e-05 -0.475792 0.879558 3.93723e-05 -0.420743 0.90718 4.06087e-05 -0.675596 0.737272 3.3003e-05 -0.675958 0.736941 3.29882e-05 -0.629309 0.777156 3.47884e-05 -0.580273 0.814422 3.64566e-05 -0.628896 0.77749 3.48033e-05 -0.71973 0.694254 3.10774e-05 -0.720042 0.69393 3.10629e-05 -0.761395 0.648288 2.90198e-05 -0.76113 0.648599 2.90337e-05 -0.79964 0.60048 2.68797e-05 -0.79986 0.600186 2.68666e-05 -0.835112 0.550081 2.46236e-05 -0.835292 0.549807 2.46114e-05 -0.867554 0.497343 2.22629e-05 -0.867411 0.497592 2.2274e-05 -0.896417 0.443213 1.98398e-05 -0.896525 0.442993 1.983e-05 -0.922017 0.38715 1.73303e-05 -0.922096 0.386962 1.73218e-05 -0.944169 0.329462 1.4748e-05 -0.944115 0.329617 1.47549e-05 -0.962627 0.270832 1.21234e-05 -0.96266 0.270714 1.21182e-05 -0.977482 0.211018 9.44595e-06 -0.977499 0.210938 9.44238e-06 -0.988631 0.150363 6.73079e-06 -0.988625 0.150403 6.7326e-06 0.996012 -0.0892163 -3.99365e-06 0.990736 -0.135804 -6.07907e-06 0.996012 -0.0892161 -3.99364e-06 0.990736 -0.135804 -6.07907e-06 0.983281 -0.182092 -8.15112e-06 0.973666 -0.227981 -1.02053e-05 0.983281 -0.182092 -8.15112e-06 0.973666 -0.227981 -1.02053e-05 0.961909 -0.273368 -1.2237e-05 0.961909 -0.273368 -1.2237e-05 0.948039 -0.318154 -1.42418e-05 0.932084 -0.362242 -1.62153e-05 0.948039 -0.318154 -1.42418e-05 0.932084 -0.362242 -1.62153e-05 0.914081 -0.405532 -1.81531e-05 0.914081 -0.405532 -1.81531e-05 0.894068 -0.447932 -2.00511e-05 0.87209 -0.489346 -2.1905e-05 0.894068 -0.447932 -2.00511e-05 0.87209 -0.489346 -2.1905e-05 0.848194 -0.529685 -2.37107e-05 0.848194 -0.529685 -2.37107e-05 0.822435 -0.56886 -2.54643e-05 0.794867 -0.606784 -2.71619e-05 0.822434 -0.56886 -2.54643e-05 0.794867 -0.606784 -2.71619e-05 0.765552 -0.643374 -2.87998e-05 0.765552 -0.643374 -2.87998e-05 0.734554 -0.67855 -3.03744e-05 0.701941 -0.712235 -3.18823e-05 0.734554 -0.67855 -3.03744e-05 0.701941 -0.712235 -3.18823e-05 0.667786 -0.744353 -3.332e-05 0.667786 -0.744353 -3.332e-05 0.632162 -0.774836 -3.46845e-05 0.595149 -0.803615 -3.59728e-05 0.632162 -0.774836 -3.46845e-05 0.595149 -0.803615 -3.59728e-05 0.556828 -0.830628 -3.7182e-05 0.556828 -0.830628 -3.7182e-05 0.517282 -0.855815 -3.83094e-05 0.4766 -0.87912 -3.93527e-05 0.517282 -0.855815 -3.83094e-05 0.4766 -0.87912 -3.93527e-05 0.43487 -0.900493 -4.03094e-05 0.43487 -0.900493 -4.03094e-05 0.392184 -0.919887 -4.11776e-05 0.348635 -0.937258 -4.19552e-05 0.392184 -0.919887 -4.11776e-05 0.348635 -0.937258 -4.19552e-05 0.304321 -0.95257 -4.26406e-05 0.304321 -0.95257 -4.26406e-05 0.259337 -0.965787 -4.32322e-05 0.213784 -0.976881 -4.37288e-05 0.259337 -0.965787 -4.32322e-05 0.213784 -0.976881 -4.37288e-05 0.16776 -0.985828 -4.41293e-05 0.16776 -0.985828 -4.41293e-05 0.121368 -0.992608 -4.44328e-05 0.0747084 -0.997205 -4.46386e-05 0.121368 -0.992608 -4.44328e-05 0.0747084 -0.997205 -4.46386e-05 0.0278851 -0.999611 -4.47463e-05 0.0278851 -0.999611 -4.47463e-05 -0.0189997 -0.99982 -4.47556e-05 -0.0658426 -0.99783 -4.46666e-05 -0.0189996 -0.99982 -4.47556e-05 -0.0658426 -0.99783 -4.46666e-05 -0.112541 -0.993647 -4.44793e-05 -0.112541 -0.993647 -4.44793e-05 -0.158992 -0.98728 -4.41943e-05 -0.205093 -0.978743 -4.38121e-05 -0.158992 -0.98728 -4.41943e-05 -0.205093 -0.978742 -4.38121e-05 -0.250743 -0.968054 -4.33337e-05 -0.250743 -0.968054 -4.33337e-05 -0.295843 -0.955237 -4.27599e-05 -0.340291 -0.94032 -4.20922e-05 -0.295843 -0.955237 -4.27599e-05 -0.340292 -0.94032 -4.20922e-05 -0.383992 -0.923336 -4.1332e-05 -0.383992 -0.923336 -4.1332e-05 -0.426849 -0.904323 -4.04808e-05 -0.468768 -0.883321 -3.95407e-05 -0.426849 -0.904323 -4.04808e-05 -0.468768 -0.883321 -3.95407e-05 -0.509656 -0.860378 -3.85137e-05 -0.509656 -0.860378 -3.85137e-05 -0.549423 -0.835544 -3.74021e-05 -0.587983 -0.808873 -3.62082e-05 -0.549424 -0.835544 -3.74021e-05 -0.587983 -0.808873 -3.62082e-05 -0.625251 -0.780424 -3.49347e-05 -0.625251 -0.780424 -3.49347e-05 -0.661144 -0.750259 -3.35844e-05 -0.695584 -0.718445 -3.21603e-05 -0.661144 -0.750259 -3.35844e-05 -0.695584 -0.718445 -3.21603e-05 -0.728494 -0.685052 -3.06655e-05 -0.728494 -0.685052 -3.06655e-05 -0.759803 -0.650153 -2.91033e-05 -0.789442 -0.613825 -2.74771e-05 -0.759803 -0.650153 -2.91033e-05 -0.789442 -0.613825 -2.74771e-05 -0.817346 -0.576147 -2.57905e-05 -0.817346 -0.576147 -2.57905e-05 -0.843453 -0.537203 -2.40472e-05 -0.867706 -0.497078 -2.2251e-05 -0.843453 -0.537203 -2.40472e-05 -0.867706 -0.497078 -2.2251e-05 -0.890051 -0.45586 -2.0406e-05 -0.890051 -0.45586 -2.0406e-05 -0.91044 -0.41364 -1.85161e-05 -0.928828 -0.370511 -1.65855e-05 -0.91044 -0.41364 -1.85161e-05 -0.928828 -0.370511 -1.65855e-05 -0.945174 -0.326568 -1.46184e-05 -0.945174 -0.326568 -1.46184e-05 -0.959442 -0.281906 -1.26192e-05 -0.971601 -0.236625 -1.05922e-05 -0.959442 -0.281906 -1.26192e-05 -0.971601 -0.236625 -1.05922e-05 -0.981624 -0.190824 -8.542e-06 -0.981624 -0.190824 -8.542e-06 -0.98949 -0.144603 -6.47299e-06 -0.99518 -0.0980649 -4.38975e-06 -0.98949 -0.144603 -6.47299e-06 -0.99518 -0.0980649 -4.38975e-06 -0.998683 -0.0513108 -2.29686e-06 -0.998683 -0.0513108 -2.29686e-06 -0.99999 -0.0044439 -1.98925e-07 -0.999099 0.0424328 1.89945e-06 -0.99999 -0.0044439 -1.98925e-07 -0.999099 0.0424328 1.89945e-06 -0.996012 0.0892162 3.99365e-06 -0.996012 0.0892162 3.99365e-06 0.999099 -0.0424328 -1.89945e-06 0.999099 -0.0424328 -1.89945e-06 0.99999 0.00444371 1.98917e-07 0.99999 0.00444371 1.98917e-07 0.998683 0.0513107 2.29686e-06 0.998683 0.0513107 2.29686e-06 0.99518 0.0980647 4.38974e-06 0.99518 0.0980652 4.38976e-06 0.98949 0.144604 6.47299e-06 0.98949 0.144604 6.47299e-06 0.981624 0.190824 8.542e-06 0.981624 0.190824 8.54201e-06 0.971601 0.236625 1.05922e-05 0.971601 0.236625 1.05922e-05 0.959442 0.281907 1.26192e-05 0.959442 0.281906 1.26192e-05 0.945174 0.326568 1.46184e-05 0.945174 0.326568 1.46184e-05 0.928828 0.370511 1.65855e-05 0.928828 0.370511 1.65855e-05 0.91044 0.41364 1.85161e-05 0.91044 0.41364 1.85161e-05 0.890051 0.45586 2.0406e-05 0.890051 0.45586 2.0406e-05 0.867706 0.497078 2.2251e-05 0.867706 0.497078 2.2251e-05 0.843453 0.537203 2.40472e-05 0.843453 0.537203 2.40472e-05 0.817346 0.576147 2.57905e-05 0.817346 0.576147 2.57905e-05 0.789442 0.613825 2.74771e-05 0.789442 0.613825 2.74771e-05 0.759803 0.650153 2.91033e-05 0.759803 0.650153 2.91033e-05 0.728494 0.685052 3.06655e-05 0.728494 0.685052 3.06655e-05 0.695584 0.718445 3.21603e-05 0.695584 0.718445 3.21603e-05 0.661144 0.750259 3.35844e-05 0.661144 0.750259 3.35844e-05 0.625251 0.780424 3.49347e-05 0.625251 0.780424 3.49347e-05 0.587984 0.808873 3.62081e-05 0.587984 0.808873 3.62081e-05 0.549424 0.835544 3.74021e-05 0.549424 0.835544 3.74021e-05 0.509655 0.860379 3.85137e-05 0.509655 0.860379 3.85137e-05 0.468768 0.883322 3.95408e-05 0.468768 0.883322 3.95408e-05 0.426849 0.904323 4.04808e-05 0.426849 0.904323 4.04808e-05 0.383992 0.923336 4.1332e-05 0.383992 0.923336 4.1332e-05 0.340292 0.94032 4.20922e-05 0.340292 0.94032 4.20922e-05 0.295842 0.955237 4.27599e-05 0.295842 0.955237 4.27599e-05 0.250743 0.968054 4.33337e-05 0.250743 0.968054 4.33337e-05 0.205093 0.978742 4.38121e-05 0.205093 0.978742 4.38121e-05 0.158992 0.98728 4.41943e-05 0.158992 0.98728 4.41943e-05 0.112541 0.993647 4.44793e-05 0.112541 0.993647 4.44793e-05 0.0658426 0.99783 4.46666e-05 0.0658426 0.99783 4.46666e-05 0.0189994 0.99982 4.47556e-05 0.0189994 0.99982 4.47556e-05 -0.0278852 0.999611 4.47463e-05 -0.0278852 0.999611 4.47463e-05 -0.0747084 0.997205 4.46386e-05 -0.0747084 0.997205 4.46386e-05 -0.121367 0.992608 4.44328e-05 -0.121367 0.992608 4.44328e-05 -0.16776 0.985828 4.41293e-05 -0.16776 0.985828 4.41293e-05 -0.213784 0.976881 4.37288e-05 -0.213784 0.976881 4.37288e-05 -0.259337 0.965787 4.32322e-05 -0.259337 0.965787 4.32322e-05 -0.304321 0.95257 4.26405e-05 -0.304321 0.95257 4.26406e-05 -0.348635 0.937259 4.19552e-05 -0.348635 0.937258 4.19552e-05 -0.392184 0.919887 4.11776e-05 -0.392184 0.919887 4.11776e-05 -0.43487 0.900493 4.03094e-05 -0.43487 0.900493 4.03094e-05 -0.4766 0.87912 3.93527e-05 -0.4766 0.87912 3.93527e-05 -0.517282 0.855815 3.83094e-05 -0.517282 0.855815 3.83094e-05 -0.556828 0.830628 3.7182e-05 -0.556828 0.830628 3.7182e-05 -0.595149 0.803615 3.59728e-05 -0.595149 0.803615 3.59728e-05 -0.632163 0.774836 3.46845e-05 -0.632162 0.774836 3.46845e-05 -0.667786 0.744353 3.332e-05 -0.667786 0.744353 3.332e-05 -0.701941 0.712235 3.18823e-05 -0.701942 0.712234 3.18823e-05 -0.734554 0.67855 3.03744e-05 -0.734554 0.67855 3.03744e-05 -0.765552 0.643374 2.87998e-05 -0.765552 0.643374 2.87998e-05 -0.794867 0.606784 2.71619e-05 -0.794867 0.606784 2.71619e-05 -0.822435 0.56886 2.54643e-05 -0.822434 0.56886 2.54643e-05 -0.848194 0.529685 2.37107e-05 -0.848194 0.529685 2.37107e-05 -0.87209 0.489346 2.1905e-05 -0.87209 0.489346 2.1905e-05 -0.894068 0.447932 2.00511e-05 -0.894068 0.447932 2.00511e-05 -0.914081 0.405533 1.81531e-05 -0.914081 0.405533 1.81531e-05 -0.932084 0.362241 1.62153e-05 -0.932084 0.362241 1.62153e-05 -0.948039 0.318155 1.42418e-05 -0.948039 0.318154 1.42418e-05 -0.96191 0.273368 1.2237e-05 -0.96191 0.273368 1.2237e-05 -0.973666 0.227981 1.02053e-05 -0.973666 0.227981 1.02053e-05 -0.983281 0.182092 8.15113e-06 -0.983281 0.182092 8.15113e-06 -0.990736 0.135804 6.07908e-06 -0.990736 0.135804 6.07908e-06 0.919299 -0.243704 -0.309028 0.98375 -0.0881108 -0.156438 0.947264 -0.0848358 -0.309021 0.867554 -0.497343 -2.21755e-05 0.896525 -0.442993 -1.97426e-05 0.8982 -0.410803 -0.156453 0.761395 -0.648288 -2.89323e-05 0.79986 -0.600186 -2.67791e-05 0.710035 -0.686563 -0.156465 0.988631 -0.150362 -6.64336e-06 0.954707 -0.253098 -0.156446 0.944169 -0.329463 -1.46605e-05 0.922096 -0.386962 -1.72344e-05 0.96266 -0.270714 -1.20307e-05 0.977499 -0.210938 -9.35496e-06 0.996012 -0.0892162 -3.90623e-06 0.815853 -0.556691 -0.156459 0.835291 -0.549808 -2.4524e-05 0.720042 -0.69393 -3.09755e-05 0.861254 -0.228309 -0.454001 0.782002 -0.207292 -0.587794 0.887453 -0.0794719 -0.453994 0.475791 -0.879558 -3.92849e-05 0.529035 -0.8486 -3.78991e-05 0.440752 -0.883885 -0.156474 0.64304 -0.294076 -0.70712 0.584086 -0.39852 -0.707125 0.735717 -0.336469 -0.5878 1.52031e-08 4.47227e-05 -1 1.27486e-08 4.47219e-05 -1 0.0451449 -0.149735 -0.987695 0.508329 -0.491498 -0.707129 0.668266 -0.455966 -0.587806 5.15157e-09 4.47203e-05 -1 2.57108e-09 4.47201e-05 -1 0.0191828 -0.15521 -0.987695 -0.180736 -0.983532 -4.39391e-05 -0.119846 -0.992792 -4.43537e-05 -0.212358 -0.964582 -0.156478 0.169627 -0.562741 -0.809042 0.0556708 -0.450524 -0.891027 0.0720774 -0.583313 -0.809043 -0.0462869 -0.986596 -0.156479 0.0646196 -0.99791 -4.45827e-05 0.121116 -0.980227 -0.156478 -0.470391 -0.882458 -3.94147e-05 -0.52157 -0.838738 -0.156472 -0.523824 -0.851826 -3.80435e-05 -0.173943 -0.79007 -0.587821 -0.191571 -0.870148 -0.45403 -0.041756 -0.890007 -0.45403 0.204062 -0.67699 -0.707137 0.0867092 -0.701739 -0.707138 0.233472 -0.77457 -0.58782 -0.335874 -0.825256 -0.454028 -0.304968 -0.749309 -0.587819 -0.757407 -0.652943 -2.91407e-05 -0.715775 -0.698331 -3.11725e-05 -0.771196 -0.61707 -0.156462 -0.0826086 -0.1328 -0.987694 -2.65387e-08 4.4729e-05 -1 -0.103871 -0.116928 -0.987694 -0.152031 -0.690538 -0.707138 -0.0379137 -0.808102 -0.587821 -0.0331377 -0.706298 -0.707138 -3.22642e-08 4.47342e-05 -1 -0.122145 -0.0976913 -0.987693 -2.85497e-08 4.47306e-05 -1 -0.655817 -0.738527 -0.156467 -3.39546e-08 4.47362e-05 -1 -0.987679 0.00437954 -0.156434 -0.999427 -0.0338582 -1.42819e-06 -0.995447 -0.0953197 -4.17944e-06 -0.136906 -0.0756427 -0.987692 -3.6972e-08 4.47404e-05 -1 -0.996012 0.0892163 4.08108e-06 -0.972733 0.171235 -0.156427 -0.988631 0.150363 6.81821e-06 -4.05138e-08 4.47473e-05 -1 -0.147728 -0.0514168 -0.987691 -0.552115 -0.441747 -0.707127 -0.618835 -0.342085 -0.707122 -0.631688 -0.505423 -0.587808 -0.591621 -0.666221 -0.45402 -0.53718 -0.604908 -0.587812 -4.35371e-08 4.47676e-05 -1 -0.154066 0.0271641 -0.987687 -0.156433 0.000736754 -0.987688 -0.708023 -0.391397 -0.587803 -0.695706 -0.556653 -0.454016 -4.21607e-08 4.47753e-05 -1 -0.147266 0.0528112 -0.987686 -0.79986 0.600186 2.6954e-05 -0.835291 0.549808 2.46989e-05 -0.765702 0.623889 -0.156407 -0.922096 0.386962 1.74093e-05 -0.929803 0.333165 -0.15642 -0.860125 0.48551 -0.156413 -0.797978 -0.133167 -0.587791 -0.697458 -0.116384 -0.707112 -0.7071 0.00316204 -0.707107 -0.809009 0.00360786 -0.587785 -0.6964 0.122617 -0.707101 -2.65094e-08 4.47985e-05 -1 -0.102831 0.117932 -0.987683 -2.85218e-08 4.47968e-05 -1 -0.665666 0.238546 -0.707096 -0.796767 0.14028 -0.587779 -0.386378 0.442985 -0.808997 -0.455679 0.371316 -0.809 -0.298428 0.342162 -0.890991 -0.615781 0.347614 -0.707091 -0.761603 0.272917 -0.587773 -0.464813 0.5329 -0.707083 -0.627188 0.511048 -0.587762 -0.548182 0.446682 -0.707087 -0.514124 0.843337 -0.156397 -0.364205 0.918093 -0.156393 -0.475792 0.879558 3.94597e-05 -0.368072 0.603789 -0.70708 -0.531803 0.609693 -0.587758 -0.306071 0.952009 4.27029e-05 -0.203809 0.966439 -0.156391 -0.0375496 0.986981 -0.15639 -0.125929 0.992039 4.44948e-05 -0.585699 0.671474 -0.453961 -0.42112 0.690799 -0.587754 -0.00594727 0.156366 -0.987681 2.6079e-09 4.48073e-05 -1 0.0205567 0.155122 -0.987681 -0.260742 0.657309 -0.707077 0.523824 0.851827 3.82183e-05 0.590822 0.791498 -0.156399 0.57527 0.817964 3.67025e-05 -0.463798 0.760799 -0.453957 -0.298321 0.752032 -0.587752 0.0464693 0.149417 -0.987682 1.02851e-08 4.48062e-05 -1 0.180736 0.983532 4.41139e-05 0.12979 0.979131 -0.156391 0.293396 0.943112 -0.156392 -0.145911 0.69192 -0.707076 -0.0268829 0.706627 -0.707075 -0.16694 0.791632 -0.58775 -0.328554 0.828238 -0.453954 0.358382 0.933575 4.18777e-05 0.448561 0.879962 -0.156395 0.715775 0.698331 3.13473e-05 0.671427 0.74107 3.32605e-05 0.716086 0.680264 -0.156404 1.99763e-08 4.48026e-05 -1 2.22445e-08 4.48013e-05 -1 0.0710451 0.139415 -0.987682 -0.183859 0.871851 -0.453952 -0.0307569 0.808459 -0.587749 0.093577 0.125404 -0.987683 2.44345e-08 4.48e-05 -1 0.0929195 0.701007 -0.707075 0.106311 0.802028 -0.587749 -0.0338739 0.890383 -0.453951 0.329149 0.312719 -0.890993 0.351605 0.471062 -0.808996 0.271571 0.363848 -0.89099 4.35371e-08 4.47598e-05 -1 0.155811 -0.0139123 -0.987689 4.36916e-08 4.47624e-05 -1 0.266944 0.523708 -0.808994 0.113417 0.107786 -0.987684 0.18485 0.247675 -0.951045 0.210048 0.67522 -0.707077 0.155928 0.0126206 -0.987688 4.36927e-08 4.4765e-05 -1 3.39545e-08 4.47912e-05 -1 0.129994 0.0870689 -0.987684 4.35404e-08 4.47676e-05 -1 0.426151 0.404865 -0.808999 0.142831 0.0638481 -0.987686 0.256787 0.171949 -0.951049 0.15156 0.0387917 -0.987687 4.3235e-08 4.47701e-05 -1 4.14149e-08 4.47777e-05 -1 4.21704e-08 4.47752e-05 -1 0.377257 0.252595 -0.890995 0.439844 0.112489 -0.891002 0.414513 0.185206 -0.890998 0.299388 0.0765835 -0.951053 0.224041 0.212874 -0.951047 0.422982 0.566676 -0.707081 0.321134 0.63001 -0.707079 0.117085 0.8833 -0.453951 0.240321 0.772525 -0.587751 0.367417 0.720799 -0.587753 0.264676 0.850808 -0.453953 0.483943 0.648338 -0.587756 0.532988 0.714034 -0.453959 0.404653 0.793839 -0.453955 0.919707 0.392606 1.76619e-05 0.901802 0.402849 -0.156416 0.942131 0.335244 1.50942e-05 0.740409 0.495689 -0.453968 0.645991 0.613688 -0.453963 0.672277 0.450084 -0.587765 0.757407 0.652943 2.93156e-05 0.82075 0.549459 -0.15641 0.864489 0.502652 2.2588e-05 0.956911 0.244649 -0.156423 0.960982 0.27661 1.24695e-05 0.984491 0.0794112 -0.156431 0.947978 0.0764731 -0.309014 0.921421 0.235582 -0.309006 0.863242 0.220715 -0.453981 0.888122 0.0716519 -0.453987 0.987691 0.156419 7.08933e-06 0.976188 0.216926 9.79784e-06 0.999427 0.0338583 1.60305e-06 0.995447 0.0953201 4.3543e-06 0.999615 -0.0277314 -1.15394e-06 0.282146 0.126079 -0.951051 0.831905 0.554918 2.49276e-05 1.27839e-08 4.48055e-05 -1 1.7638e-08 4.48037e-05 -1 5.18821e-09 4.48071e-05 -1 0.0585017 0.998287 4.47745e-05 0.300231 0.953867 4.2786e-05 -0.0322802 0.153112 -0.987682 -5.15157e-09 4.48071e-05 -1 -0.69075 0.562832 -0.453965 0.119846 0.992792 4.45285e-05 -0.0576845 0.145455 -0.987682 -1.27486e-08 4.48055e-05 -1 -0.70453 0.397703 -0.587767 -0.77593 0.437999 -0.453971 -0.0646193 0.99791 4.47576e-05 -0.351955 0.286807 -0.890994 -0.203131 0.232915 -0.951046 -0.838788 0.300566 -0.453977 -0.649252 0.744319 -0.156401 -0.720042 0.693931 3.11503e-05 -0.580273 0.814422 3.6544e-05 -3.0434e-08 4.47951e-05 -1 -0.121275 0.0988573 -0.987684 -0.877515 0.154487 -0.453984 -3.55042e-08 4.47892e-05 -1 -3.39313e-08 4.47913e-05 -1 -0.364098 0.931361 4.17786e-05 -0.13623 0.0769403 -0.987685 -0.890998 0.00396484 -0.45399 -3.94546e-08 4.47825e-05 -1 -3.82707e-08 4.47848e-05 -1 -0.529035 0.8486 3.80739e-05 -0.878848 -0.146671 -0.453997 -0.675957 0.736941 3.30756e-05 -0.96266 0.270714 1.22056e-05 -0.841416 -0.293087 -0.454004 -0.76399 -0.26611 -0.587797 -0.667751 -0.23258 -0.707117 -0.779777 -0.431071 -0.45401 -0.944169 0.329463 1.48354e-05 -0.974211 -0.162602 -0.156442 -0.555071 -0.193323 -0.809026 -0.514409 -0.284349 -0.80903 -0.428723 -0.149306 -0.891013 -0.469513 -0.5287 -0.70713 -0.960982 -0.276609 -1.22946e-05 -0.932717 -0.324905 -0.156449 -0.447795 -0.0747032 -0.89101 -0.470515 -0.756622 -0.454024 -0.427219 -0.686991 -0.587816 -0.373403 -0.600443 -0.707134 -0.919707 -0.392606 -1.74871e-05 -0.86439 -0.477862 -0.156456 -3.82885e-08 4.47426e-05 -1 -3.94705e-08 4.47449e-05 -1 -0.266551 -0.654911 -0.707136 -0.831906 -0.554917 -2.47527e-05 -0.942131 -0.335244 -1.49193e-05 -0.864489 -0.502652 -2.24131e-05 -0.57527 -0.817964 -3.65277e-05 -0.37232 -0.914819 -0.156475 0.10926 -0.884262 -0.45403 0.099206 -0.802885 -0.587821 -0.0589696 -0.14485 -0.987695 -1.99763e-08 4.47248e-05 -1 -0.300231 -0.953867 -4.26112e-05 0.257133 -0.853077 -0.454029 -0.0212757 -0.453452 -0.891027 -0.0275459 -0.587103 -0.809043 0.315544 -0.632765 -0.707135 0.361021 -0.723971 -0.587818 0.397608 -0.79735 -0.454026 0.0378933 -0.306642 -0.95107 0.131016 -0.434635 -0.891026 0.526645 -0.718685 -0.454023 0.478184 -0.652544 -0.587814 -0.358382 -0.933575 -4.17029e-05 0.417948 -0.570336 -0.707132 7.71396e-09 4.47207e-05 -1 0.640532 -0.619343 -0.454018 0.581591 -0.562344 -0.58781 0.186761 -0.982405 -4.38887e-05 0.285034 -0.945659 -0.156477 0.0698083 -0.139951 -0.987695 0.735991 -0.502184 -0.454013 0.583791 -0.796684 -0.15647 0.364098 -0.931361 -4.16037e-05 2.22127e-08 4.47261e-05 -1 1.99435e-08 4.47248e-05 -1 0.810278 -0.370577 -0.454007 0.125929 -0.992039 -4.43199e-05 0.0924634 -0.126139 -0.987694 0.112458 -0.108698 -0.987693 2.85218e-08 4.47306e-05 -1 0.675957 -0.736941 -3.29008e-05 0.683495 -0.181171 -0.707115 0.306072 -0.952008 -4.2528e-05 0.805791 -0.0721511 -0.587788 0.129218 -0.0881281 -0.987692 3.39313e-08 4.47362e-05 -1 0.281019 -0.128487 -0.951062 0.142261 -0.0650218 -0.987691 0.704287 -0.0630537 -0.70711 0.585441 -0.0524037 -0.809019 0.568158 -0.15059 -0.809024 0.438831 -0.1163 -0.891012 3.82707e-08 4.47426e-05 -1 0.45218 -0.0404634 -0.891008 0.151211 -0.0400436 -0.98769 0.298698 -0.079146 -0.95106 0.412857 -0.188789 -0.891015 0.307785 -0.0275267 -0.951058 4.1403e-08 4.47497e-05 -1 4.21607e-08 4.47522e-05 -1 4.27703e-08 4.47547e-05 -1 4.32296e-08 4.47572e-05 -1 0.629309 -0.777156 -3.47009e-05 0.864887 -0.39556 -0.309035 0.255255 -0.174131 -0.951064 0.53453 -0.244442 -0.809028 0.375006 -0.255846 -0.891018 4.05e-08 4.47473e-05 -1 0.580273 -0.814422 -3.63691e-05 0.785594 -0.536037 -0.309041 0.222148 -0.214764 -0.951066 0.485524 -0.331261 -0.809032 0.326367 -0.315542 -0.891021 3.69523e-08 4.47404e-05 -1 3.94546e-08 4.47449e-05 -1 0.420743 -0.90718 -4.05213e-05 0.683701 -0.661092 -0.309047 0.42255 -0.40855 -0.809035 0.268339 -0.366159 -0.891023 3.22393e-08 4.47342e-05 -1 3.55042e-08 4.47382e-05 -1 0.246885 -0.969045 -4.32906e-05 0.562139 -0.767129 -0.309051 0.347421 -0.474084 -0.809038 0.18265 -0.249217 -0.951068 0.202592 -0.406241 -0.891025 2.65094e-08 4.4729e-05 -1 3.0434e-08 4.47323e-05 -1 0.00306481 -0.999995 -4.46761e-05 0.424405 -0.851096 -0.309055 0.262297 -0.525979 -0.809041 0.137898 -0.2765 -0.951069 2.44039e-08 4.47274e-05 -1 -0.0585016 -0.998287 -4.45996e-05 0.274462 -0.910579 -0.309058 0.0891782 -0.295827 -0.95107 1.76042e-08 4.47237e-05 -1 -0.24094 -0.97054 -4.33575e-05 0.116624 -0.943865 -0.309059 -0.0144817 -0.308635 -0.95107 -0.00733112 -0.156218 -0.987695 -0.0336342 -0.152732 -0.987695 -5.1882e-09 4.47203e-05 -1 1.02493e-08 4.47212e-05 -1 -0.415174 -0.909742 -4.0636e-05 -0.0445702 -0.949998 -0.30906 -0.0664401 -0.301747 -0.95107 -1.27838e-08 4.47219e-05 -1 -0.0976101 -0.443333 -0.891026 -1.84435e-11 4.472e-05 -1 -0.624533 -0.780998 -3.4873e-05 -0.204482 -0.9288 -0.309059 -0.116487 -0.286178 -0.951069 -0.126377 -0.574002 -0.809043 -0.171137 -0.420459 -0.891025 -7.75027e-09 4.47207e-05 -1 -2.6079e-09 4.47201e-05 -1 -0.671428 -0.74107 -3.30856e-05 -0.358511 -0.880883 -0.309056 -0.221572 -0.544388 -0.809041 -0.23974 -0.385489 -0.891024 -1.52377e-08 4.47227e-05 -1 -1.02851e-08 4.47212e-05 -1 -0.796167 -0.605077 -2.69981e-05 -0.502226 -0.807623 -0.309053 -0.310393 -0.499111 -0.809039 -0.163183 -0.262374 -0.951068 -0.301446 -0.339427 -0.891022 -2.22445e-08 4.47261e-05 -1 -1.7638e-08 4.47237e-05 -1 -0.893793 -0.44848 -1.99882e-05 -0.631494 -0.711129 -0.309049 -0.390284 -0.439474 -0.809037 -0.205185 -0.231022 -0.951067 -0.35448 -0.283599 -0.891019 -2.44345e-08 4.47275e-05 -1 -0.976188 -0.216926 -9.62299e-06 -0.742594 -0.594177 -0.309044 -0.458948 -0.367194 -0.809033 -0.241283 -0.193022 -0.951065 -0.397316 -0.219612 -0.891016 -3.04604e-08 4.47324e-05 -1 -0.987691 -0.156419 -6.91449e-06 -0.832331 -0.460131 -0.309038 -0.291818 -0.101612 -0.951061 -0.1543 -0.0257105 -0.987689 -0.270441 -0.149468 -0.951063 -3.55257e-08 4.47382e-05 -1 -0.999615 0.0277315 1.32879e-06 -0.898124 -0.312848 -0.309031 -0.3048 -0.0508327 -0.951059 -4.35404e-08 4.47599e-05 -1 -4.21704e-08 4.47522e-05 -1 -0.977499 0.210938 9.5298e-06 -0.938079 -0.156564 -0.309024 -0.309014 0.0014106 -0.951056 -0.579765 -0.0967342 -0.809021 -0.453986 0.00204972 -0.891006 -4.27779e-08 4.47547e-05 -1 -4.14149e-08 4.47497e-05 -1 -0.896525 0.442993 1.99174e-05 -0.951047 0.0042242 -0.309017 -4.1403e-08 4.47777e-05 -1 -0.587779 0.00263836 -0.809017 -0.447116 0.0787449 -0.891003 -4.36927e-08 4.47624e-05 -1 -4.3235e-08 4.47573e-05 -1 -0.867554 0.497344 2.23504e-05 -0.936656 0.164891 -0.30901 -0.578885 0.101936 -0.809012 -0.304338 0.0536145 -0.951054 -0.427384 0.153176 -0.891 -4.32296e-08 4.47702e-05 -1 -4.36916e-08 4.4765e-05 -1 -0.761395 0.648288 2.91072e-05 -0.895318 0.320816 -0.309003 -0.553337 0.198302 -0.809008 -0.290906 0.104277 -0.951052 -0.395356 0.223201 -0.890997 -4.27703e-08 4.47727e-05 -1 -0.629308 0.777156 3.48758e-05 -0.828224 0.467511 -0.308996 -0.511871 0.288965 -0.809004 -0.269106 0.151941 -0.95105 -4.05e-08 4.47802e-05 -1 -0.420743 0.90718 4.06962e-05 -0.737304 0.600756 -0.30899 -0.239564 0.195236 -0.951048 -3.69523e-08 4.47871e-05 -1 -0.246885 0.969045 4.34655e-05 -0.625172 0.71672 -0.308985 -0.160853 0.263894 -0.951045 -0.0814292 0.133615 -0.987682 -1.99435e-08 4.48026e-05 -1 -0.236317 0.387676 -0.890989 -3.22393e-08 4.47932e-05 -1 -0.186761 0.982405 4.40635e-05 -0.495056 0.812066 -0.308981 -0.113948 0.287283 -0.951044 -0.305961 0.501912 -0.808995 -0.167407 0.422038 -0.890988 -2.44039e-08 4.48e-05 -1 -0.00306508 0.999995 4.48509e-05 -0.350697 0.88405 -0.308977 -0.0637655 0.302409 -0.951043 -0.216743 0.546401 -0.808993 -0.0936807 0.44426 -0.890987 -1.76042e-08 4.48037e-05 -1 -2.22127e-08 4.48014e-05 -1 0.24094 0.97054 4.35324e-05 -0.19625 0.930602 -0.308975 -0.121289 0.575171 -0.808991 -0.0172596 0.453702 -0.890986 -1.02493e-08 4.48062e-05 -1 -1.52031e-08 4.48047e-05 -1 0.415174 0.909742 4.08108e-05 -0.0361569 0.950383 -0.308975 -0.0223462 0.587397 -0.808991 -0.0117481 0.308836 -0.951043 0.0596578 0.450093 -0.890986 -2.57109e-09 4.48073e-05 -1 -7.71396e-09 4.48067e-05 -1 0.470391 0.882458 3.95895e-05 0.124976 0.942823 -0.308975 0.0772394 0.582724 -0.808991 0.0406073 0.30638 -0.951043 0.134859 0.433538 -0.890987 1.84472e-11 4.48074e-05 -1 0.624533 0.780998 3.50478e-05 0.282514 0.908141 -0.308976 0.174603 0.561289 -0.808992 0.0917944 0.295111 -0.951043 0.206181 0.404511 -0.890988 7.75027e-09 4.48067e-05 -1 0.796167 0.605077 2.71729e-05 0.431924 0.847333 -0.308979 0.140341 0.275353 -0.951044 1.52377e-08 4.48047e-05 -1 0.893793 0.44848 2.0163e-05 0.568909 0.762149 -0.308983 3.82885e-08 4.47848e-05 -1 2.85497e-08 4.47968e-05 -1 0.586547 0.557225 -0.58776 0.689528 0.655041 -0.308988 0.512661 0.487041 -0.707085 3.04604e-08 4.47951e-05 -1 2.65387e-08 4.47984e-05 -1 0.587592 0.393396 -0.707089 0.790309 0.529088 -0.308993 0.488438 0.327022 -0.809002 3.55257e-08 4.47892e-05 -1 3.22642e-08 4.47932e-05 -1 0.738667 0.329994 -0.58777 0.813527 0.363429 -0.453974 0.868356 0.387915 -0.309 0.645619 0.288434 -0.707094 0.536673 0.239772 -0.809006 3.94705e-08 4.47825e-05 -1 3.6972e-08 4.4787e-05 -1 0.783807 0.200413 -0.587776 0.685073 0.175176 -0.707099 0.569469 0.145626 -0.809011 4.05138e-08 4.47801e-05 -1 0.806398 0.0650664 -0.587782 0.704818 0.0568788 -0.707104 0.585883 0.0472906 -0.809015 0.452521 0.036538 -0.891005 0.308017 0.0248857 -0.951055 4.27779e-08 4.47727e-05 -1 0.464813 -0.5329 0.707083 0.386378 -0.442985 0.808997 0.305961 -0.501912 0.808995 0.999099 -0.0424328 -2.0743e-06 0.987679 -0.00437937 0.156434 0.996012 -0.0892161 -4.16849e-06 0.260742 -0.657309 0.707077 0.421119 -0.690799 0.587754 0.368072 -0.603789 0.70708 0.531803 -0.609693 0.587758 0.627188 -0.511049 0.587762 0.972733 -0.171235 0.156427 0.990736 -0.135804 -6.25391e-06 0.269107 -0.151941 0.95105 0.239565 -0.195236 0.951048 0.395356 -0.223201 0.890996 0.298321 -0.752032 0.587752 0.463798 -0.760799 0.453956 0.102831 -0.117932 0.987683 0.121275 -0.0988574 0.987684 8.59425e-09 -4.4772e-05 1 0.216743 -0.5464 0.808993 0.145911 -0.69192 0.707076 0.973666 -0.227981 -1.03801e-05 0.929803 -0.333165 0.156419 0.961909 -0.273368 -1.24118e-05 7.75626e-09 -4.47728e-05 1 7.30959e-09 -4.47731e-05 1 0.16694 -0.791632 0.58775 0.328554 -0.828238 0.453953 0.113949 -0.287283 0.951044 0.167407 -0.422038 0.890988 0.236317 -0.387676 0.890989 0.649252 -0.744319 0.156401 0.734554 -0.67855 -3.05493e-05 0.765702 -0.623888 0.156406 0.0268826 -0.706627 0.707075 0.121289 -0.575171 0.808991 0.914081 -0.405532 -1.8328e-05 0.860125 -0.48551 0.156413 0.894068 -0.447932 -2.02259e-05 5.36321e-09 -4.47744e-05 1 0.0814292 -0.133615 0.987682 5.87152e-09 -4.47741e-05 1 0.0307569 -0.808458 0.587749 0.183859 -0.871851 0.453951 0.0576845 -0.145455 0.987682 0.0223463 -0.587396 0.808991 -0.0929192 -0.701007 0.707075 0.848194 -0.529685 -2.38855e-05 0.822435 -0.56886 -2.56391e-05 3.76802e-09 -4.4775e-05 1 4.31023e-09 -4.47748e-05 1 0.794867 -0.606784 -2.73368e-05 0.0936808 -0.44426 0.890987 0.0117481 -0.308836 0.951043 0.0172597 -0.453702 0.890986 0.0338741 -0.890383 0.453951 -0.106311 -0.802028 0.587749 -0.210048 -0.67522 0.707077 -0.0772395 -0.582724 0.808991 0.701941 -0.712235 -3.20571e-05 2.09374e-09 -4.47755e-05 1 1.52411e-09 -4.47755e-05 1 0.0322802 -0.153112 0.987681 -0.117085 -0.8833 0.453951 -0.240321 -0.772525 0.587751 0.00594728 -0.156366 0.987681 -0.174603 -0.561289 0.808992 -0.321134 -0.63001 0.707079 0.595149 -0.803615 -3.61476e-05 0.632162 -0.774836 -3.48594e-05 3.75518e-10 -4.47756e-05 1 -2.00765e-10 -4.47756e-05 1 0.556828 -0.830628 -3.73568e-05 0.514124 -0.843337 0.156397 -0.134859 -0.433538 0.890987 -0.0596579 -0.450094 0.890986 -0.0917945 -0.295111 0.951043 -0.367417 -0.720799 0.587753 -0.264676 -0.850808 0.453952 -0.422982 -0.566676 0.707081 -0.266944 -0.523708 0.808994 0.4766 -0.87912 -3.95275e-05 0.43487 -0.900493 -4.04843e-05 -0.0205567 -0.155122 0.987681 -1.92143e-09 -4.47755e-05 1 -2.48779e-09 -4.47754e-05 1 -0.483943 -0.648338 0.587756 -0.404653 -0.793839 0.453955 -0.0464693 -0.149417 0.987682 -0.12979 -0.979131 0.156391 -0.0189997 -0.99982 -4.49305e-05 0.0375496 -0.986981 0.15639 -0.512661 -0.487041 0.707085 -0.351605 -0.471062 0.808996 -0.0710451 -0.139416 0.987682 -0.140341 -0.275353 0.951044 0.203809 -0.966439 0.156391 0.259337 -0.965787 -4.3407e-05 0.304321 -0.95257 -4.28154e-05 -0.426151 -0.404865 0.808999 -0.586547 -0.557225 0.58776 -0.532988 -0.714034 0.453959 -0.587592 -0.393396 0.707089 0.121368 -0.992608 -4.46076e-05 0.16776 -0.985828 -4.43042e-05 -6.21763e-09 -4.47739e-05 1 -5.71875e-09 -4.47742e-05 1 0.0747084 -0.997205 -4.48135e-05 -0.0935771 -0.125404 0.987683 -0.645991 -0.613689 0.453963 -0.672277 -0.450084 0.587765 -0.645619 -0.288434 0.707094 -0.488438 -0.327022 0.809002 -0.738667 -0.329995 0.587771 -0.740409 -0.495689 0.453968 -0.0658426 -0.99783 -4.48414e-05 -0.590822 -0.791498 0.156399 -0.509656 -0.860378 -3.86886e-05 -0.448561 -0.879962 0.156395 -0.18485 -0.247676 0.951045 -0.113417 -0.107786 0.987683 -0.224041 -0.212874 0.951047 -0.536673 -0.239772 0.809006 -0.293396 -0.943112 0.156392 -0.250743 -0.968054 -4.35085e-05 -0.205093 -0.978743 -4.3987e-05 -0.685073 -0.175176 0.707099 -0.783807 -0.200413 0.587776 -0.813527 -0.363429 0.453974 -0.569469 -0.145626 0.809011 -8.8677e-09 -4.47717e-05 1 -9.24254e-09 -4.47712e-05 1 -0.340291 -0.94032 -4.22671e-05 -0.383992 -0.923336 -4.15068e-05 -0.129994 -0.087069 0.987684 -0.806398 -0.0650664 0.587782 -0.863242 -0.220715 0.453981 -0.704818 -0.0568788 0.707104 -0.716086 -0.680264 0.156404 -0.82075 -0.549459 0.15641 -0.759803 -0.650153 -2.92781e-05 -0.282146 -0.126079 0.951051 -0.256787 -0.171949 0.951049 -0.142831 -0.0638481 0.987685 -0.585883 -0.0472906 0.809015 -0.999099 0.0424328 1.7246e-06 -0.98375 0.0881108 0.156438 -0.996012 0.0892162 3.8188e-06 -0.805791 0.0721511 0.587789 -0.888122 -0.0716519 0.453987 -0.887453 0.0794719 0.453994 -0.661144 -0.750259 -3.37592e-05 -0.625251 -0.780424 -3.51095e-05 -0.99999 -0.0044439 -3.73771e-07 -0.695584 -0.718445 -3.23351e-05 -0.984491 -0.0794112 0.156431 -0.998683 -0.0513108 -2.47171e-06 -0.945174 -0.326568 -1.47932e-05 -0.901802 -0.402849 0.156416 -0.956911 -0.244649 0.156423 -0.817346 -0.576147 -2.59653e-05 -0.789442 -0.613825 -2.76519e-05 -0.947978 -0.076473 0.309014 -0.99518 -0.0980649 -4.5646e-06 -0.98949 -0.144603 -6.64783e-06 -0.867706 -0.497078 -2.24259e-05 -0.890051 -0.45586 -2.05808e-05 -0.981624 -0.190824 -8.71684e-06 -0.971601 -0.236625 -1.07671e-05 -0.928828 -0.370511 -1.67603e-05 -0.947264 0.0848358 0.309021 -0.91044 -0.41364 -1.86909e-05 -0.704287 0.0630537 0.70711 -0.549423 -0.835544 -3.75769e-05 -0.585441 0.0524037 0.809019 -1.10113e-08 -4.47683e-05 1 -1.12196e-08 -4.47678e-05 1 -0.15156 -0.0387917 0.987687 -0.308017 -0.0248857 0.951055 -0.299388 -0.0765835 0.951053 -0.155928 -0.0126206 0.987688 -0.452521 -0.036538 0.891005 -0.45218 0.0404634 0.891008 -1.17868e-08 -4.47655e-05 1 -0.307785 0.0275268 0.951058 -0.155811 0.0139123 0.987689 -1.19064e-08 -4.47644e-05 1 -1.19246e-08 -4.47638e-05 1 -1.19149e-08 -4.47632e-05 1 -1.18773e-08 -4.47626e-05 1 0.585699 -0.671474 0.45396 9.69854e-09 -4.47707e-05 1 0.13623 -0.0769404 0.987685 1.00224e-08 -4.47702e-05 1 0.998683 0.0513107 2.12201e-06 0.99518 0.0980647 4.21489e-06 1.03229e-08 -4.47697e-05 1 0.548182 -0.446681 0.707087 0.455679 -0.371315 0.809 0.147266 -0.0528113 0.987686 1.08509e-08 -4.47687e-05 1 0.290907 -0.104277 0.951052 0.447116 -0.0787449 0.891003 0.304338 -0.0536146 0.951054 0.69075 -0.562832 0.453965 0.932717 0.324905 0.156449 0.971601 0.236625 1.04174e-05 0.959442 0.281907 1.24443e-05 0.761603 -0.272916 0.587773 0.615781 -0.347614 0.707091 0.70453 -0.397703 0.587768 0.511871 -0.288965 0.809004 0.77593 -0.437999 0.453971 0.154066 -0.0271641 0.987687 1.1599e-08 -4.47665e-05 1 1.14517e-08 -4.4767e-05 1 0.91044 0.41364 1.83412e-05 0.928828 0.370511 1.64106e-05 1.17192e-08 -4.47659e-05 1 0.974211 0.162602 0.156442 0.665666 -0.238546 0.707096 0.553337 -0.198302 0.809008 0.156433 -0.000736802 0.987688 1.18773e-08 -4.47648e-05 1 0.838788 -0.300566 0.453977 0.447796 0.0747032 0.89101 0.3048 0.0508327 0.951059 0.309014 -0.00141062 0.951056 0.843453 0.537203 2.38723e-05 0.817346 0.576147 2.56156e-05 0.86439 0.477861 0.156456 0.796767 -0.14028 0.587779 0.809009 -0.00360772 0.587785 0.6964 -0.122617 0.707101 0.578885 -0.101936 0.809013 0.877515 -0.154487 0.453984 1.19064e-08 -4.4763e-05 1 0.1543 0.0257105 0.987689 1.18605e-08 -4.47625e-05 1 0.759803 0.650153 2.89284e-05 0.728494 0.685052 3.04906e-05 0.771196 0.617071 0.156462 1.17868e-08 -4.47619e-05 1 0.695584 0.718445 3.19854e-05 0.655817 0.738527 0.156467 0.7071 -0.00316209 0.707107 0.587779 -0.0026384 0.809017 0.147728 0.0514169 0.987691 1.15571e-08 -4.47608e-05 1 0.890998 -0.0039649 0.45399 0.291818 0.101612 0.951061 0.397317 0.219612 0.891016 0.270441 0.149468 0.951063 0.587984 0.808873 3.60333e-05 0.625251 0.780424 3.47598e-05 0.697458 0.116383 0.707112 0.797977 0.133167 0.587791 0.76399 0.26611 0.587797 0.579764 0.0967343 0.809021 1.07772e-08 -4.47586e-05 1 1.10113e-08 -4.47591e-05 1 0.136906 0.0756427 0.987692 0.878848 0.146671 0.453997 1.05181e-08 -4.47581e-05 1 0.52157 0.838738 0.156472 0.468768 0.883322 3.93659e-05 0.426849 0.904323 4.0306e-05 0.555071 0.193323 0.809026 0.667751 0.23258 0.707117 9.92664e-09 -4.47571e-05 1 0.122146 0.0976913 0.987693 0.841416 0.293087 0.454004 0.205185 0.231022 0.951067 0.241283 0.193022 0.951065 0.301446 0.339427 0.891022 0.295842 0.955237 4.25851e-05 0.37232 0.914819 0.156475 0.340292 0.94032 4.19174e-05 0.631688 0.505423 0.587808 0.618835 0.342084 0.707122 0.708023 0.391396 0.587803 0.212358 0.964582 0.156478 0.250743 0.968054 4.31588e-05 0.514409 0.284349 0.80903 0.103871 0.116928 0.987694 8.47215e-09 -4.47553e-05 1 8.8677e-09 -4.47557e-05 1 0.779777 0.431071 0.45401 8.05682e-09 -4.47549e-05 1 0.158992 0.98728 4.40195e-05 0.112541 0.993647 4.43045e-05 0.552115 0.441747 0.707127 0.458948 0.367194 0.809034 0.0826087 0.1328 0.987694 7.1707e-09 -4.47542e-05 1 0.163183 0.262375 0.951068 0.171137 0.42046 0.891025 0.116487 0.286178 0.951069 0.469513 0.5287 0.707131 0.53718 0.604908 0.587812 0.427219 0.68699 0.587816 0.695706 0.556653 0.454015 -0.121116 0.980227 0.156478 -0.0278852 0.999611 4.45715e-05 -0.0747084 0.997205 4.44638e-05 5.20652e-09 -4.4753e-05 1 5.71875e-09 -4.47532e-05 1 0.0589697 0.14485 0.987695 0.390284 0.439474 0.809037 4.68212e-09 -4.47527e-05 1 0.591621 0.666221 0.45402 -0.16776 0.985828 4.39545e-05 -0.213784 0.976881 4.3554e-05 3.60177e-09 -4.47523e-05 1 0.0336342 0.152732 0.987695 0.310393 0.499111 0.809039 0.373403 0.600443 0.707134 0.0664402 0.301748 0.95107 0.0212758 0.453452 0.891027 0.0144816 0.308635 0.95107 0.0462871 0.986596 0.156479 0.173943 0.79007 0.587821 0.266551 0.654911 0.707136 0.304967 0.749309 0.587819 0.470515 0.756622 0.454024 -0.348635 0.937259 4.17803e-05 -0.392184 0.919887 4.10027e-05 -0.285034 0.945659 0.156477 0.00733115 0.156218 0.987695 1.35058e-09 -4.47519e-05 1 1.92143e-09 -4.47519e-05 1 0.221572 0.544388 0.809042 7.76581e-10 -4.47518e-05 1 0.335874 0.825256 0.454027 -0.4766 0.87912 3.91778e-05 -0.517282 0.855815 3.81346e-05 -0.440752 0.883885 0.156474 -0.0191828 0.15521 0.987695 -3.75519e-10 -4.47518e-05 1 -0.556828 0.830628 3.70071e-05 -0.583791 0.796684 0.15647 -0.0891782 0.295827 0.95107 -0.0378933 0.306642 0.95107 -0.131016 0.434635 0.891026 0.152031 0.690538 0.707138 0.126377 0.574002 0.809043 0.0379138 0.808102 0.587821 -0.099206 0.802885 0.587821 0.0331379 0.706298 0.707138 0.191571 0.870148 0.454029 -0.667786 0.744353 3.31452e-05 -0.632163 0.774836 3.45097e-05 -2.09374e-09 -4.4752e-05 1 -0.0451449 0.149735 0.987695 -2.65848e-09 -4.47521e-05 1 0.0275457 0.587103 0.809043 -3.217e-09 -4.47522e-05 1 0.0417557 0.890007 0.45403 -0.0698083 0.139951 0.987695 -4.31023e-09 -4.47526e-05 1 -0.710035 0.686563 0.156465 -0.765552 0.643374 2.8625e-05 -0.794867 0.606784 2.69871e-05 -0.0867092 0.701739 0.707138 -0.0720774 0.583313 0.809043 -0.10926 0.884262 0.45403 -0.202592 0.406241 0.891025 -0.268339 0.366159 0.891023 -0.137898 0.2765 0.951069 -0.233472 0.77457 0.58782 -0.257133 0.853077 0.454029 -0.397608 0.797351 0.454026 -0.361021 0.723971 0.587818 -0.848194 0.529685 2.35358e-05 -0.87209 0.489346 2.17301e-05 -0.815853 0.556691 0.156459 -0.18265 0.249217 0.951068 -0.526646 0.718685 0.454023 -0.204062 0.67699 0.707137 -0.894068 0.447932 1.98762e-05 -0.8982 0.410803 0.156453 -0.0924635 0.126139 0.987694 -6.36612e-09 -4.47536e-05 1 -5.87153e-09 -4.47533e-05 1 -0.932084 0.362241 1.60404e-05 -0.914081 0.405533 1.79783e-05 -6.84586e-09 -4.47539e-05 1 -0.169627 0.562741 0.809042 -0.735991 0.502184 0.454013 -0.810278 0.370577 0.454007 -0.668266 0.455966 0.587806 -0.315544 0.632765 0.707135 -0.478184 0.652544 0.587815 -0.417948 0.570336 0.707132 -0.948039 0.318155 1.40669e-05 -0.919299 0.243704 0.309028 -0.864887 0.395561 0.309035 -0.954707 0.253098 0.156446 -0.96191 0.273368 1.20621e-05 -0.973666 0.227981 1.00304e-05 -0.112459 0.108698 0.987693 -7.75626e-09 -4.47547e-05 1 -0.983281 0.182092 7.97628e-06 -0.222148 0.214764 0.951066 -0.375007 0.255846 0.891018 -0.255255 0.174131 0.951064 -8.98362e-09 -4.47559e-05 1 -0.129218 0.0881281 0.987692 -0.990736 0.135804 5.90423e-06 -0.347421 0.474084 0.809038 -0.262297 0.525979 0.809041 -9.352e-09 -4.47563e-05 1 -0.142261 0.0650218 0.987691 -1.05993e-08 -4.47582e-05 1 -1.03229e-08 -4.47577e-05 1 -0.326368 0.315542 0.891021 -1.12776e-08 -4.47598e-05 1 -1.10772e-08 -4.47593e-05 1 -0.281019 0.128487 0.951062 -0.298698 0.0791461 0.95106 -0.151211 0.0400437 0.98769 -1.14517e-08 -4.47604e-05 1 -1.1599e-08 -4.47609e-05 1 -1.17192e-08 -4.47615e-05 1 -1.18121e-08 -4.47621e-05 1 -0.959442 -0.281906 -1.2794e-05 -0.843453 -0.537203 -2.4222e-05 -0.921421 -0.235582 0.309006 -1.05181e-08 -4.47693e-05 1 -0.439844 -0.112489 0.891001 -1.14017e-08 -4.47672e-05 1 -1.16856e-08 -4.47661e-05 1 -1.18605e-08 -4.4765e-05 1 -0.728494 -0.685052 -3.08403e-05 -0.868356 -0.387915 0.309 -0.426849 -0.904323 -4.06557e-05 -0.414513 -0.185206 0.890998 -1.15571e-08 -4.47667e-05 1 -0.587983 -0.808873 -3.6383e-05 -0.790309 -0.529088 0.308993 -8.05681e-09 -4.47725e-05 1 -0.377257 -0.252596 0.890995 -9.5958e-09 -4.47708e-05 1 -1.02343e-08 -4.47698e-05 1 -1.07772e-08 -4.47688e-05 1 -0.468768 -0.883321 -3.97156e-05 -0.689528 -0.655041 0.308988 -0.112541 -0.993647 -4.46542e-05 -0.329149 -0.31272 0.890992 -9.92664e-09 -4.47703e-05 1 -0.295843 -0.955237 -4.29348e-05 -0.568909 -0.762149 0.308983 -4.68212e-09 -4.47747e-05 1 -0.271571 -0.363848 0.89099 -6.70199e-09 -4.47736e-05 1 -7.62266e-09 -4.47729e-05 1 -8.47215e-09 -4.47721e-05 1 -0.158992 -0.98728 -4.43692e-05 -0.431924 -0.847333 0.308979 -0.206181 -0.404511 0.890988 -7.1707e-09 -4.47732e-05 1 0.0278851 -0.999611 -4.49212e-05 -0.282514 -0.908141 0.308976 0.364205 -0.918094 0.156393 0.392184 -0.919887 -4.13524e-05 -7.7658e-10 -4.47756e-05 1 -3.04834e-09 -4.47752e-05 1 -4.14678e-09 -4.47749e-05 1 -5.20651e-09 -4.47744e-05 1 0.213784 -0.976881 -4.39037e-05 -0.124976 -0.942823 0.308975 -0.0406073 -0.30638 0.951043 -3.60177e-09 -4.47751e-05 1 0.348635 -0.937258 -4.213e-05 0.0361571 -0.950383 0.308974 3.217e-09 -4.47752e-05 1 -1.35058e-09 -4.47756e-05 1 0.517282 -0.855815 -3.84843e-05 0.19625 -0.930602 0.308975 0.0637655 -0.302409 0.951043 9.50925e-10 -4.47756e-05 1 0.667786 -0.744353 -3.34949e-05 0.350697 -0.88405 0.308977 6.84585e-09 -4.47735e-05 1 2.65847e-09 -4.47753e-05 1 0.765552 -0.643374 -2.89747e-05 0.495056 -0.812066 0.308981 0.948039 -0.318154 -1.44166e-05 0.203131 -0.232915 0.951046 0.160853 -0.263894 0.951045 4.84237e-09 -4.47746e-05 1 0.87209 -0.489346 -2.20798e-05 0.625172 -0.71672 0.308985 0.298429 -0.342163 0.890991 6.36612e-09 -4.47738e-05 1 0.932084 -0.362242 -1.63901e-05 0.737304 -0.600756 0.30899 0.351955 -0.286807 0.890994 8.98362e-09 -4.47716e-05 1 8.18482e-09 -4.47724e-05 1 0.983281 -0.182092 -8.32597e-06 0.828224 -0.46751 0.308996 0.981624 0.190824 8.36716e-06 9.352e-09 -4.47711e-05 1 0.99999 0.00444371 2.40713e-08 0.895318 -0.320815 0.309003 0.427384 -0.153176 0.891 1.10772e-08 -4.47681e-05 1 1.05993e-08 -4.47692e-05 1 0.98949 0.144604 6.29815e-06 0.936656 -0.164891 0.30901 0.867706 0.497078 2.20762e-05 1.12776e-08 -4.47676e-05 1 0.945174 0.326568 1.44435e-05 0.951047 -0.00422426 0.309017 0.453986 -0.00204964 0.891006 1.19149e-08 -4.47642e-05 1 1.18121e-08 -4.47654e-05 1 0.890051 0.45586 2.02311e-05 0.938079 0.156564 0.309024 1.19246e-08 -4.47636e-05 1 0.789442 0.613825 2.73022e-05 0.898124 0.312848 0.309031 0.509655 0.860379 3.83389e-05 0.428723 0.149306 0.891013 1.14017e-08 -4.47602e-05 1 1.16856e-08 -4.47613e-05 1 0.661144 0.750259 3.34095e-05 0.832331 0.460131 0.309038 1.12196e-08 -4.47597e-05 1 0.549424 0.835544 3.72272e-05 0.742594 0.594177 0.309044 0.35448 0.2836 0.891019 9.5958e-09 -4.47566e-05 1 1.02343e-08 -4.47576e-05 1 0.383992 0.923336 4.11571e-05 0.631493 0.711129 0.309049 0.0189994 0.99982 4.45808e-05 9.24254e-09 -4.47562e-05 1 0.205093 0.978742 4.36373e-05 0.502226 0.807623 0.309053 0.23974 0.385489 0.891024 6.70199e-09 -4.47539e-05 1 7.62266e-09 -4.47545e-05 1 0.0658426 0.99783 4.44917e-05 0.358511 0.880883 0.309056 -0.304321 0.95257 4.24657e-05 6.21763e-09 -4.47535e-05 1 -0.121367 0.992608 4.4258e-05 0.204482 0.9288 0.309059 0.0976102 0.443333 0.891026 3.04834e-09 -4.47522e-05 1 4.14679e-09 -4.47525e-05 1 -0.259337 0.965787 4.30574e-05 0.0445703 0.949998 0.309059 2.48779e-09 -4.47521e-05 1 -0.43487 0.900493 4.01346e-05 -0.116624 0.943865 0.309059 -0.734554 0.67855 3.01996e-05 -0.0556708 0.450525 0.891027 -9.50926e-10 -4.47518e-05 1 2.00765e-10 -4.47518e-05 1 -0.595149 0.803615 3.5798e-05 -0.274463 0.910579 0.309058 -1.52411e-09 -4.47519e-05 1 -0.701941 0.712235 3.17074e-05 -0.424405 0.851096 0.309055 -4.84238e-09 -4.47528e-05 1 -3.76802e-09 -4.47524e-05 1 -0.822435 0.56886 2.52894e-05 -0.562139 0.767129 0.309051 -9.69855e-09 -4.47568e-05 1 -5.36321e-09 -4.47531e-05 1 -0.640532 0.619344 0.454018 -0.683701 0.661092 0.309047 -0.581591 0.562344 0.587811 -0.508329 0.491498 0.707129 -0.42255 0.40855 0.809035 -8.18481e-09 -4.4755e-05 1 -7.30959e-09 -4.47543e-05 1 -0.785594 0.536037 0.309041 -0.584086 0.39852 0.707125 -0.485524 0.331261 0.809032 -8.59426e-09 -4.47554e-05 1 -0.735717 0.336469 0.5878 -0.64304 0.294076 0.70712 -0.53453 0.244442 0.809028 -0.412857 0.188789 0.891015 -1.08509e-08 -4.47588e-05 1 -1.00224e-08 -4.47573e-05 1 -0.861254 0.228309 0.454001 -0.782002 0.207292 0.587795 -0.683495 0.181171 0.707115 -0.568158 0.150589 0.809024 -0.438831 0.1163 0.891012 0.493681 -0.0792773 0.866022 0.498006 -0.044647 0.866023 0.498006 -0.0446468 0.866023 0.486951 -0.113522 0.86602 0.466419 -0.180188 0.866017 0.477849 -0.147213 0.866019 0.436808 -0.243348 0.866015 0.452716 -0.212285 0.866016 0.398694 -0.301772 0.866012 0.418771 -0.273225 0.866013 0.352821 -0.354323 0.86601 0.376675 -0.328848 0.866011 0.300081 -0.399978 0.866008 0.327248 -0.378071 0.866008 0.2415 -0.437849 0.866006 0.271452 -0.419936 0.866007 0.210371 -0.453629 0.866005 0.145196 -0.478493 0.866004 0.178218 -0.467199 0.866004 0.0771956 -0.494044 0.866003 0.111468 -0.487455 0.866004 0.00769203 -0.49998 0.866003 0.0425474 -0.498225 0.866003 -0.061961 -0.496185 0.866003 -0.0272006 -0.499298 0.866003 -0.130408 -0.482733 0.866004 -0.0964197 -0.490654 0.866003 -0.196317 -0.459886 0.866005 -0.163762 -0.47246 0.866004 -0.258405 -0.428089 0.866006 -0.227916 -0.445071 0.866005 -0.287635 -0.409021 0.866007 -0.341755 -0.365009 0.866009 -0.315463 -0.38796 0.866008 -0.389223 -0.313894 0.866011 -0.366381 -0.340281 0.86601 -0.429115 -0.256671 0.866014 -0.410168 -0.285979 0.866013 -0.460656 -0.194452 0.866017 -0.445972 -0.226112 0.866015 -0.48323 -0.128449 0.86602 -0.473095 -0.161845 0.866018 -0.496398 -0.0599467 0.866023 -0.49101 -0.0944279 0.866021 -0.499905 0.00972155 0.866026 -0.499368 -0.0251739 0.866024 -0.498006 0.0445693 0.866027 -0.493681 0.0791998 0.866029 -0.477849 0.147136 0.866032 -0.486951 0.113444 0.86603 -0.452716 0.212207 0.866035 -0.466419 0.18011 0.866033 -0.418771 0.273148 0.866038 -0.436807 0.24327 0.866036 -0.376675 0.328771 0.86604 -0.398694 0.301694 0.866039 -0.327248 0.377994 0.866042 -0.352821 0.354245 0.866041 -0.271452 0.419859 0.866044 -0.300081 0.399901 0.866043 -0.2415 0.437772 0.866045 -0.178218 0.467121 0.866046 -0.210371 0.453551 0.866046 -0.111468 0.487378 0.866047 -0.145196 0.478415 0.866047 -0.0425475 0.498148 0.866048 -0.0771955 0.493966 0.866048 0.0272008 0.499221 0.866048 -0.00769211 0.499902 0.866048 0.0964195 0.490576 0.866047 0.0619611 0.496107 0.866048 0.163762 0.472383 0.866047 0.130408 0.482655 0.866047 0.227916 0.444994 0.866045 0.196317 0.459809 0.866046 0.258405 0.428011 0.866045 0.315463 0.387883 0.866043 0.287635 0.408943 0.866044 0.366381 0.340203 0.866041 0.341755 0.364932 0.866042 0.410168 0.285902 0.866038 0.389223 0.313817 0.866039 0.445972 0.226034 0.866036 0.429115 0.256593 0.866037 0.473095 0.161767 0.866033 0.460656 0.194374 0.866034 0.49101 0.0943503 0.86603 0.48323 0.128371 0.866031 0.499368 0.0250963 0.866027 0.496398 0.0598692 0.866028 0.499905 -0.00979905 0.866025 0.707107 0.390387 0.589575 0.707107 0.42665 0.563888 0.707107 0.425941 0.564424 0.707107 0.549923 -0.444505 0.707107 0.577273 -0.408357 0.707107 0.577273 -0.408358 0.707107 0.353352 0.612489 0.707107 0.389645 0.590065 0.707107 0.351039 0.613817 0.707107 0.314976 0.63308 0.707107 0.275406 0.651269 0.707107 0.31099 0.635047 0.707107 0.23479 0.666988 0.707107 0.269664 0.653668 0.707107 0.227229 0.669602 0.707107 0.193285 0.680177 0.707107 0.151046 0.690786 0.707107 0.183861 0.682785 0.707107 0.108234 0.698774 0.707107 0.139737 0.693162 0.707107 0.0950386 0.700691 0.707107 0.0650114 0.704112 0.707107 0.0215424 0.706779 0.707107 0.0499499 0.70534 0.707107 -0.0220084 0.706764 0.707107 0.00465601 0.707091 0.707107 -0.040657 0.705937 0.707107 -0.0654757 0.704069 0.707107 -0.108695 0.698703 0.707107 -0.0858031 0.701882 0.707107 -0.151501 0.690686 0.707107 -0.130596 0.694942 0.707107 -0.174853 0.685147 0.707107 -0.193733 0.68005 0.707107 -0.23523 0.666833 0.707107 -0.218392 0.672536 0.707107 -0.275835 0.651088 0.707107 -0.261032 0.657162 0.707107 -0.302601 0.639088 0.707107 -0.315393 0.632872 0.707107 -0.353755 0.612256 0.707107 -0.342925 0.618387 0.707107 -0.390775 0.589317 0.707107 -0.381841 0.595145 0.707107 -0.419187 0.569458 0.707107 -0.426313 0.564143 0.707107 -0.460234 0.536829 0.707107 -0.454811 0.54143 0.707107 -0.492408 0.507478 0.707107 -0.488567 0.511178 0.707107 -0.520314 0.478825 0.707107 -0.522715 0.476202 0.707107 -0.551039 0.44312 0.707107 -0.549923 0.444504 0.707107 -0.577273 0.408358 0.707107 -0.577273 0.408358 0.707107 0.461902 0.535394 0.707107 0.492074 0.507803 0.707107 0.45988 0.537132 0.707107 0.495256 0.5047 0.707107 0.522401 0.476547 0.707107 0.550747 0.443484 0.707107 0.526575 0.471931 0.707107 0.555729 0.437224 0.707107 0.577004 0.408738 0.707107 0.582601 0.40072 0.707107 0.601072 0.372442 0.707107 0.622859 0.334733 0.707107 0.607078 0.362569 0.707107 0.62906 0.322929 0.707107 0.642285 0.295754 0.707107 0.648458 0.281961 0.707107 0.659273 0.255654 0.707107 0.673761 0.214583 0.707107 0.665191 0.239835 0.707107 0.679191 0.196724 0.707107 0.685693 0.172699 0.707107 0.690399 0.152803 0.707107 0.695024 0.13016 0.707107 0.701719 0.0871265 0.707107 0.698771 0.108255 0.707107 0.704271 0.0632625 0.707107 0.705751 0.0437628 0.707107 0.706877 0.0180098 0.707107 0.707107 0.000233172 0.707107 0.70578 -0.0432975 0.707107 0.706579 -0.027317 0.707107 0.703377 -0.0725315 0.707107 0.701776 -0.0866637 0.707107 0.697285 -0.117448 0.707107 0.69511 -0.129701 0.707107 0.685807 -0.172247 0.707107 0.688327 -0.161882 0.707107 0.676541 -0.205651 0.707107 0.673902 -0.214139 0.707107 0.661975 -0.248574 0.707107 0.659442 -0.255219 0.707107 0.642479 -0.295331 0.707107 0.644689 -0.290476 0.707107 0.624753 -0.331185 0.707107 0.62308 -0.334322 0.707107 0.60225 -0.370533 0.707107 0.601317 -0.372046 0.707107 0.454812 -0.54143 0.707107 0.460234 -0.536829 0.707107 0.488567 -0.511178 0.707107 0.520314 -0.478825 0.707107 0.492408 -0.507478 0.707107 0.522715 -0.476202 0.707107 0.353755 -0.612256 0.707107 0.381841 -0.595145 0.707107 0.342925 -0.618387 0.707107 0.426313 -0.564143 0.707107 0.419188 -0.569457 0.707107 0.390775 -0.589317 0.707107 0.261032 -0.657162 0.707107 0.218391 -0.672536 0.707107 0.23523 -0.666833 0.707107 0.3026 -0.639088 0.707107 0.275835 -0.651088 0.707107 0.315393 -0.632872 0.707107 0.0858031 -0.701882 0.707107 0.108695 -0.698703 0.707107 0.130596 -0.694942 0.707107 0.151501 -0.690686 0.707107 0.193733 -0.68005 0.707107 0.174853 -0.685147 0.707107 -0.0215422 -0.706779 0.707107 -0.00465578 -0.707091 0.707107 -0.0499497 -0.70534 0.707107 0.0654757 -0.704069 0.707107 0.0406573 -0.705937 0.707107 0.0220085 -0.706764 0.707107 -0.139737 -0.693162 0.707107 -0.183861 -0.682785 0.707107 -0.151046 -0.690786 0.707107 -0.0950387 -0.700691 0.707107 -0.108234 -0.698774 0.707107 -0.0650116 -0.704112 0.707107 -0.314976 -0.63308 0.707107 -0.275406 -0.651269 0.707107 -0.31099 -0.635047 0.707107 -0.234791 -0.666988 0.707107 -0.227229 -0.669602 0.707107 -0.269664 -0.653668 0.707107 -0.390387 -0.589575 0.707107 -0.42665 -0.563888 0.707107 -0.425941 -0.564424 0.707107 -0.351039 -0.613817 0.707107 -0.389645 -0.590065 0.707107 -0.353351 -0.612489 0.707107 -0.495256 -0.5047 0.707107 -0.526574 -0.471931 0.707107 -0.522401 -0.476547 0.707107 -0.461902 -0.535394 0.707107 -0.492074 -0.507803 0.707107 -0.459879 -0.537132 0.707107 -0.607078 -0.362569 0.707107 -0.601072 -0.372442 0.707107 -0.582601 -0.40072 0.707107 -0.577004 -0.408738 0.707107 -0.550747 -0.443483 0.707107 -0.555729 -0.437224 0.707107 -0.659273 -0.255654 0.707107 -0.648458 -0.281961 0.707107 -0.665191 -0.239835 0.707107 -0.622859 -0.334733 0.707107 -0.62906 -0.322929 0.707107 -0.642285 -0.295754 0.707107 -0.690399 -0.152803 0.707107 -0.698771 -0.108255 0.707107 -0.695024 -0.130159 0.707107 -0.679191 -0.196723 0.707107 -0.685693 -0.172699 0.707107 -0.673761 -0.214583 0.707107 -0.701719 -0.0871266 0.707107 -0.704271 -0.0632625 0.707107 -0.705751 -0.0437627 0.707107 -0.707107 -0.00023311 0.707107 -0.706877 -0.0180097 0.707107 -0.706579 0.027317 0.707107 -0.70578 0.0432977 0.707107 -0.703377 0.0725316 0.707107 -0.701776 0.0866636 0.707107 -0.69511 0.129701 0.707107 -0.697285 0.117448 0.707107 -0.688327 0.161882 0.707107 -0.685807 0.172247 0.707107 -0.676541 0.205651 0.707107 -0.673902 0.214139 0.707107 -0.659442 0.255219 0.707107 -0.661975 0.248574 0.707107 -0.644689 0.290477 0.707107 -0.642479 0.295331 0.707107 -0.624753 0.331185 0.707107 -0.62308 0.334322 0.707107 -0.601317 0.372046 0.707107 -0.60225 0.370533 0.707107 -0.193285 -0.680177 0.707107 0.551039 -0.443121 2.28766e-17 -0.500285 0.865861 2.46414e-17 -0.446033 0.895016 2.42134e-17 -0.459617 0.888117 3.49128e-17 0.0304656 0.999536 3.56426e-17 0.0919401 0.995765 3.52941e-17 0.0612038 0.998125 2.2483e-17 -0.511783 0.859115 2.1025e-17 -0.55264 0.83342 2.06726e-17 -0.562126 0.827051 1.90937e-17 -0.602898 0.797819 1.70899e-17 -0.650869 0.75919 1.87885e-17 -0.610467 0.792042 1.68374e-17 -0.656633 0.75421 1.50213e-17 -0.696371 0.717682 1.48264e-17 -0.700459 0.713692 1.28957e-17 -0.739231 0.673452 1.07212e-17 -0.779287 0.626667 1.27626e-17 -0.741791 0.670632 1.06532e-17 -0.780479 0.625182 8.50597e-18 -0.816387 0.577505 8.50598e-18 -0.816387 0.577505 2.58575e-17 -0.405813 0.913956 2.74095e-17 -0.350564 0.936539 2.63128e-17 -0.390089 0.920777 2.78843e-17 -0.332666 0.943045 2.88638e-17 -0.294065 0.955785 2.93501e-17 -0.27398 0.961735 3.02154e-17 -0.236519 0.971627 3.14592e-17 -0.178131 0.984007 3.07045e-17 -0.214255 0.976778 3.19425e-17 -0.153717 0.988115 3.2591e-17 -0.119107 0.992881 3.30593e-17 -0.0925966 0.995704 3.36067e-17 -0.05966 0.998219 3.45027e-17 -5.67362e-09 1 3.40506e-17 -0.0311245 0.999516 3.64775e-17 0.182694 0.98317 3.62372e-17 0.153066 0.988216 3.66943e-17 0.213611 0.976919 3.72245e-17 0.359239 0.933246 3.71898e-17 0.332044 0.943264 3.72262e-17 0.389482 0.921034 3.68651e-17 0.242526 0.970145 3.70122e-17 0.273346 0.961916 3.71144e-17 0.301447 0.953483 3.68759e-17 0.499714 0.86619 3.64904e-17 0.55209 0.833784 3.67185e-17 0.523691 0.851908 3.71214e-17 0.445443 0.89531 3.70262e-17 0.47057 0.882363 3.71951e-17 0.415684 0.909509 3.45119e-17 0.695897 0.718141 3.49765e-17 0.670516 0.741895 3.53062e-17 0.650368 0.759619 3.56917e-17 0.623853 0.781542 3.62731e-17 0.57485 0.818259 3.59665e-17 0.602372 0.798216 3.20572e-17 0.794771 0.606909 3.25342e-17 0.778874 0.627181 3.13582e-17 0.816006 0.578043 3.41301e-17 0.714666 0.699466 3.35868e-17 0.738787 0.673939 3.31558e-17 0.756136 0.654414 2.86543e-17 0.880856 0.473384 2.71367e-17 0.908327 0.41826 2.80588e-17 0.892274 0.451495 3.00633e-17 0.850044 0.526712 2.95039e-17 0.862968 0.505259 3.08383e-17 0.830427 0.557128 2.1991e-17 0.969716 0.244233 2.31159e-17 0.959742 0.280882 2.37986e-17 0.952842 0.303467 2.48588e-17 0.940752 0.339096 2.65085e-17 0.918234 0.396038 2.5516e-17 0.932353 0.361549 1.7395e-17 0.994905 0.100816 1.81325e-17 0.99238 0.123215 1.60964e-17 0.998083 0.0618899 2.12864e-17 0.975134 0.221616 2.00999e-17 0.982912 0.184074 1.9377e-17 0.98687 0.161519 1.18489e-17 0.998124 -0.0612319 9.6537e-18 0.992461 -0.122561 1.10885e-17 0.996579 -0.0826445 1.39992e-17 1 0.000329516 1.3243e-17 0.999769 -0.0214953 1.53478e-17 0.99921 0.0397347 2.88226e-18 0.953042 -0.302839 4.40884e-18 0.964708 -0.263323 5.16184e-18 0.969877 -0.243594 6.66318e-18 0.979016 -0.203785 8.89253e-18 0.989653 -0.143484 7.42185e-18 0.983034 -0.183425 -2.41927e-18 0.900364 -0.435138 -1.70103e-18 0.908603 -0.417661 -3.98734e-18 0.881168 -0.472803 2.13797e-18 0.946783 -0.321873 5.91735e-19 0.932591 -0.360934 -1.40916e-19 0.925308 -0.379216 -8.50598e-18 0.816387 -0.577505 -1.07212e-17 0.779287 -0.626667 -9.16594e-18 0.805714 -0.592305 -6.25853e-18 0.850391 -0.526152 -6.94026e-18 0.840454 -0.541882 -4.68855e-18 0.872044 -0.489427 -1.70899e-17 0.650869 -0.75919 -1.56041e-17 0.683942 -0.729536 -1.50213e-17 0.69637 -0.717683 -1.3506e-17 0.727311 -0.686309 -1.13573e-17 0.767952 -0.640508 -1.28957e-17 0.739231 -0.673452 -2.1517e-17 0.539149 -0.84221 -2.1025e-17 0.55264 -0.83342 -2.28766e-17 0.500285 -0.865861 -1.76437e-17 0.63801 -0.770028 -1.90937e-17 0.602898 -0.797819 -1.96171e-17 0.589685 -0.807633 -2.63128e-17 0.390089 -0.920777 -2.78843e-17 0.332666 -0.943045 -2.67056e-17 0.376208 -0.926535 -2.46414e-17 0.446033 -0.895016 -2.50679e-17 0.432211 -0.901773 -2.33362e-17 0.486592 -0.873629 -3.19425e-17 0.153717 -0.988115 -3.09953e-17 0.200604 -0.979672 -3.07045e-17 0.214255 -0.976778 -2.96749e-17 0.260188 -0.965558 -2.82432e-17 0.318796 -0.947823 -2.93501e-17 0.27398 -0.961735 -3.42417e-17 0.0182474 -0.999834 -3.40506e-17 0.0311242 -0.999516 -3.49128e-17 -0.0304653 -0.999536 -3.21996e-17 0.140269 -0.990113 -3.30593e-17 0.0925966 -0.995704 -3.3283e-17 0.0794064 -0.996842 -3.56426e-17 -0.0919402 -0.995765 -3.57708e-17 -0.104047 -0.994572 -3.5072e-17 -0.0429804 -0.999076 -3.70122e-17 -0.273346 -0.961916 -3.70546e-17 -0.283998 -0.958825 -3.6764e-17 -0.224783 -0.974409 -3.66943e-17 -0.213611 -0.976919 -3.63355e-17 -0.164724 -0.98634 -3.62372e-17 -0.153066 -0.988216 -3.70911e-17 -0.454391 -0.890803 -3.72184e-17 -0.399018 -0.916943 -3.71214e-17 -0.445444 -0.89531 -3.72063e-17 -0.34215 -0.939645 -3.71898e-17 -0.332044 -0.943264 -3.72262e-17 -0.389482 -0.921034 -3.64201e-17 -0.559823 -0.828612 -3.59665e-17 -0.602372 -0.798216 -3.5879e-17 -0.609488 -0.792796 -3.68759e-17 -0.499714 -0.86619 -3.64904e-17 -0.55209 -0.833784 -3.68246e-17 -0.508059 -0.861322 -3.35868e-17 -0.738787 -0.673939 -3.34593e-17 -0.744069 -0.668103 -3.43958e-17 -0.701784 -0.71239 -3.45119e-17 -0.695897 -0.718142 -3.52034e-17 -0.656867 -0.754006 -3.53062e-17 -0.650368 -0.759619 -3.25342e-17 -0.778874 -0.627181 -3.13582e-17 -0.816007 -0.578043 -3.23973e-17 -0.783564 -0.621311 -3.12138e-17 -0.820122 -0.572189 -3.00633e-17 -0.850043 -0.526713 -2.86543e-17 -0.880856 -0.473384 -2.99133e-17 -0.853605 -0.520921 -2.71367e-17 -0.908327 -0.41826 -2.85006e-17 -0.883887 -0.467701 -2.69811e-17 -0.910855 -0.412727 -2.5516e-17 -0.932353 -0.361549 -2.37987e-17 -0.952842 -0.303467 -2.53604e-17 -0.934408 -0.356206 -2.1991e-17 -0.969716 -0.244233 -2.36446e-17 -0.954457 -0.298348 -2.18402e-17 -0.970928 -0.239372 -2.00999e-17 -0.982912 -0.184074 -1.81325e-17 -0.99238 -0.123215 -1.99539e-17 -0.983758 -0.1795 -1.60964e-17 -0.998083 -0.0618903 -1.79928e-17 -0.9929 -0.118953 -1.59642e-17 -0.998319 -0.0579611 -1.39992e-17 -1 -0.000329667 -1.18489e-17 -0.998124 0.0612317 -1.38757e-17 -0.999995 0.00324851 -9.6537e-18 -0.992461 0.122561 -1.17352e-17 -0.997921 0.0644459 -9.55075e-18 -0.992106 0.125401 -7.42187e-18 -0.983034 0.183425 -5.16185e-18 -0.969877 0.243594 -7.33046e-18 -0.982571 0.185887 -2.88227e-18 -0.953042 0.302838 -5.08269e-18 -0.969352 0.245675 -2.81585e-18 -0.952499 0.304543 -5.91732e-19 -0.932591 0.360934 1.70101e-18 -0.908603 0.41766 -5.38444e-19 -0.932074 0.362269 3.98734e-18 -0.881168 0.472803 1.74095e-18 -0.908154 0.418636 4.01383e-18 -0.88083 0.473434 6.25852e-18 -0.850391 0.526152 6.27166e-18 -0.850202 0.526456 3.59532e-17 0.122178 0.992508 -3.31555e-17 0.887675 0.46047 -3.33657e-17 0.875413 0.483376 -3.3018e-17 0.894778 0.446511 2.32685e-17 -0.0172111 -0.999852 2.29584e-17 -0.00493361 -0.999988 2.39943e-17 -0.0465013 -0.998918 -3.34794e-17 0.867891 0.496755 -3.36557e-17 0.85453 0.519402 -3.38872e-17 0.832166 0.554527 -3.3746e-17 0.846624 0.532191 -3.39551e-17 0.823912 0.566718 -3.406e-17 0.808358 0.588691 -3.41061e-17 0.799792 0.600277 -3.41738e-17 0.783149 0.621834 -3.42283e-17 0.756582 0.653899 -3.41989e-17 0.774306 0.632811 -3.42333e-17 0.747498 0.664264 -3.42234e-17 0.728703 0.68483 -3.42092e-17 0.719413 0.694583 -3.41592e-17 0.699561 0.714573 -3.40358e-17 0.669205 0.743078 -3.41266e-17 0.690099 0.723715 -3.39858e-17 0.659607 0.751611 -3.38533e-17 0.637689 0.770294 -3.3787e-17 0.627988 0.778223 -3.36122e-17 0.605067 0.796174 -3.33128e-17 0.571396 0.820674 -3.35304e-17 0.595296 0.803506 -3.32165e-17 0.561588 0.827417 -3.29556e-17 0.536735 0.843751 -3.2846e-17 0.52692 0.849915 -3.25412e-17 0.501143 0.865365 -3.20705e-17 0.464681 0.885478 -3.24193e-17 0.491353 0.870961 -3.19373e-17 0.454946 0.890519 -3.15441e-17 0.427415 0.904056 -3.14007e-17 0.417762 0.908557 -3.0963e-17 0.389406 0.921066 -3.03283e-17 0.350723 0.936479 -3.08104e-17 0.379865 0.925042 -3.01676e-17 0.341318 0.939948 -2.96409e-17 0.311432 0.950269 -2.94732e-17 0.30219 0.953248 -2.89022e-17 0.2716 0.96241 -2.81133e-17 0.231298 0.972883 -2.87285e-17 0.262544 0.96492 -2.79347e-17 0.222451 0.974944 -2.72757e-17 0.190594 0.981669 -2.70932e-17 0.181977 0.983303 -2.63908e-17 0.14956 0.988753 -2.54602e-17 0.108267 0.994122 -2.62055e-17 0.141193 0.989982 -2.5273e-17 0.100167 0.994971 -2.44854e-17 0.0667858 0.997767 -2.42973e-17 0.0589707 0.99826 -2.34681e-17 0.0251888 0.999683 -2.24101e-17 -0.0164514 0.999865 -2.32801e-17 0.0176728 0.999844 -2.22231e-17 -0.0236545 0.99972 -2.13133e-17 -0.0580636 0.998313 -2.11282e-17 -0.0649417 0.997889 -2.01796e-17 -0.0995746 0.99503 -1.90108e-17 -0.140913 0.990022 -1.99972e-17 -0.106118 0.994354 -1.88321e-17 -0.147113 0.98912 -1.78091e-17 -0.182008 0.983297 -1.76348e-17 -0.187857 0.982196 -1.65765e-17 -0.222786 0.974867 -1.53151e-17 -0.263179 0.964747 -1.64073e-17 -0.22828 0.973596 -1.51519e-17 -0.268312 0.963332 -1.40272e-17 -0.303115 0.952954 -1.38705e-17 -0.307887 0.951423 -1.2715e-17 -0.342525 0.939509 -1.13807e-17 -0.381342 0.924434 -1.25655e-17 -0.346936 0.937889 -1.1239e-17 -0.385392 0.922753 -1.00267e-17 -0.419497 0.907757 -9.89332e-18 -0.42319 0.906041 -8.6553e-18 -0.456925 0.889505 -7.2689e-18 -0.49356 0.869711 -8.53074e-18 -0.460265 0.887781 -7.15359e-18 -0.496554 0.868006 -5.86989e-18 -0.52934 0.848409 -5.76422e-18 -0.531995 0.846747 -4.4607e-18 -0.564203 0.825636 -3.04379e-18 -0.598086 0.801432 -4.36501e-18 -0.566527 0.824043 -2.95832e-18 -0.600093 0.79993 -1.62158e-18 -0.630933 0.775838 -1.54661e-18 -0.632632 0.774452 -1.96583e-19 -0.662685 0.748898 1.22877e-18 -0.693289 0.72066 -1.32235e-19 -0.664092 0.747651 1.28235e-18 -0.694416 0.719573 2.65198e-18 -0.72269 0.691172 2.69475e-18 -0.723555 0.690266 4.07061e-18 -0.750838 0.660486 5.48218e-18 -0.777685 0.628655 4.10254e-18 -0.751458 0.659781 5.50335e-18 -0.778078 0.628167 6.88423e-18 -0.803182 0.595733 6.89474e-18 -0.803369 0.595482 8.27436e-18 -0.827288 0.561779 8.27434e-18 -0.827287 0.561779 -3.2775e-17 0.905943 0.423399 -3.23386e-17 0.922664 0.385605 -3.26129e-17 0.912591 0.408873 -3.21513e-17 0.928822 0.370526 -3.18469e-17 0.937809 0.347152 -3.1634e-17 0.943443 0.331536 -3.13008e-17 0.951352 0.308107 -3.07013e-17 0.96327 0.268535 -3.10618e-17 0.956427 0.291971 -3.04358e-17 0.967753 0.2519 -3.00493e-17 0.973543 0.228504 -2.9757e-17 0.977401 0.211393 -2.9346e-17 0.982153 0.188084 -2.85925e-17 0.989086 0.147341 -2.90266e-17 0.985355 0.170518 -2.82458e-17 0.991599 0.129348 -2.77903e-17 0.994329 0.106347 -2.74161e-17 0.996125 0.0879541 -2.69405e-17 0.997874 0.0651721 -2.60448e-17 0.999715 0.0238855 -2.65388e-17 0.998923 0.0464071 -2.56155e-17 0.999989 0.00478017 -2.51046e-17 0.999848 -0.0174419 -2.46478e-17 0.999321 -0.0368556 -2.41214e-17 0.998273 -0.05874 -2.30971e-17 0.994994 -0.0999373 -2.36374e-17 0.99692 -0.0784274 -2.2586e-17 0.99279 -0.119863 -2.20334e-17 0.990015 -0.140964 -2.14954e-17 0.98694 -0.161091 -2.0932e-17 0.983345 -0.18175 -1.97949e-17 0.974995 -0.222225 -2.03675e-17 0.979377 -0.202039 -1.92061e-17 0.970131 -0.24258 -1.86239e-17 0.964981 -0.262322 -1.80114e-17 0.959208 -0.282701 -1.74212e-17 0.953318 -0.301969 -1.61886e-17 0.940026 -0.341101 -1.67855e-17 0.946626 -0.322333 -1.55307e-17 0.932408 -0.361408 -1.49285e-17 0.92513 -0.379651 -1.42489e-17 0.916577 -0.399858 -1.36428e-17 0.908653 -0.417552 -1.23339e-17 0.890624 -0.45474 -1.29426e-17 0.899161 -0.437617 -1.16139e-17 0.880191 -0.474619 -1.10038e-17 0.871074 -0.491151 -1.0265e-17 0.859699 -0.510801 -9.65501e-18 0.850037 -0.526724 -8.2897e-18 0.827547 -0.561396 -8.89847e-18 0.837721 -0.546099 -7.51653e-18 0.814294 -0.580453 -6.91023e-18 0.803644 -0.59511 -6.12158e-18 0.789459 -0.613804 -5.51895e-18 0.778368 -0.627808 -4.11826e-18 0.751763 -0.659433 -4.71606e-18 0.763259 -0.646093 -3.30238e-18 0.735739 -0.677265 -2.71053e-18 0.723874 -0.689932 -1.88299e-18 0.706948 -0.707266 -1.29816e-18 0.694749 -0.719252 1.1642e-19 0.664437 -0.747344 -4.60334e-19 0.676933 -0.736044 9.63107e-19 0.645749 -0.76355 1.53081e-18 0.63299 -0.77416 2.38488e-18 0.613448 -0.789735 2.94257e-18 0.600462 -0.799653 4.34931e-18 0.566908 -0.823781 3.80253e-18 0.580086 -0.814555 5.21362e-18 0.545722 -0.837967 5.74863e-18 0.532386 -0.846501 6.61568e-18 0.510413 -0.859929 7.13812e-18 0.496955 -0.867776 8.51542e-18 0.460676 -0.887569 8.00631e-18 0.474223 -0.880405 9.38309e-18 0.437212 -0.899358 9.87818e-18 0.423609 -0.905845 1.07437e-17 0.399445 -0.916757 1.12241e-17 0.385818 -0.922575 1.25508e-17 0.347369 -0.937729 1.20856e-17 0.360988 -0.93257 1.34067e-17 0.321907 -0.946771 1.38561e-17 0.308327 -0.951281 1.47046e-17 0.282269 -0.959335 1.51377e-17 0.268757 -0.963208 1.63934e-17 0.228729 -0.97349 1.59771e-17 0.242143 -0.970241 1.7222e-17 0.201598 -0.979468 1.76212e-17 0.18831 -0.98211 1.8437e-17 0.160705 -0.987003 1.88189e-17 0.14757 -0.989052 1.99844e-17 0.106577 -0.994304 1.96202e-17 0.119534 -0.99283 2.07695e-17 0.0781556 -0.996941 2.11158e-17 0.0654027 -0.997859 2.18829e-17 0.0366427 -0.999328 2.22111e-17 0.0241165 -0.999709 2.52463e-17 -0.0990211 -0.995085 2.42778e-17 -0.0581649 -0.998307 2.49886e-17 -0.0879889 -0.996121 2.78914e-17 -0.220319 -0.975428 2.70547e-17 -0.180166 -0.983636 2.77059e-17 -0.211253 -0.977431 2.61725e-17 -0.139711 -0.990192 2.59397e-17 -0.129324 -0.991602 2.6846e-17 -0.170436 -0.985369 2.9423e-17 -0.299447 -0.954113 2.99926e-17 -0.331233 -0.943549 3.01153e-17 -0.338289 -0.941042 2.85179e-17 -0.251705 -0.967804 2.92805e-17 -0.291721 -0.956503 2.86813e-17 -0.260101 -0.965581 3.18131e-17 -0.446065 -0.895001 3.18845e-17 -0.451152 -0.892447 3.13471e-17 -0.414206 -0.910183 3.12599e-17 -0.408472 -0.912771 3.07571e-17 -0.376564 -0.926391 3.06528e-17 -0.370172 -0.928963 3.31723e-17 -0.557203 -0.830376 3.27979e-17 -0.522711 -0.85251 3.31391e-17 -0.553964 -0.832541 3.23684e-17 -0.487341 -0.873212 3.23112e-17 -0.482887 -0.875683 3.27534e-17 -0.518874 -0.854851 3.37534e-17 -0.623323 -0.781964 3.395e-17 -0.653252 -0.757141 3.39591e-17 -0.65484 -0.755767 3.34674e-17 -0.588095 -0.808792 3.37379e-17 -0.621211 -0.783644 3.3491e-17 -0.590759 -0.806848 3.42332e-17 -0.742386 -0.669972 3.42332e-17 -0.74259 -0.669747 3.41993e-17 -0.714524 -0.699611 3.41979e-17 -0.713892 -0.700256 3.41078e-17 -0.685257 -0.728301 3.41034e-17 -0.684163 -0.729329 3.39843e-17 -0.819981 -0.57239 3.39904e-17 -0.819126 -0.573613 3.41263e-17 -0.795477 -0.605984 3.41287e-17 -0.794935 -0.606695 3.42097e-17 -0.769409 -0.638757 3.42093e-17 -0.769597 -0.63853 3.32344e-17 -0.883295 -0.468818 3.35244e-17 -0.864697 -0.502293 3.32072e-17 -0.884831 -0.465911 3.3795e-17 -0.841942 -0.539568 3.37835e-17 -0.843068 -0.537807 3.35429e-17 -0.863343 -0.504617 3.24013e-17 -0.920478 -0.390795 3.1914e-17 -0.935928 -0.35219 3.19765e-17 -0.934126 -0.356945 3.28326e-17 -0.903436 -0.428724 3.24505e-17 -0.918716 -0.39492 3.28701e-17 -0.901762 -0.432232 2.95526e-17 -0.979857 -0.1997 3.02358e-17 -0.970852 -0.239681 3.01246e-17 -0.972478 -0.232995 3.08682e-17 -0.960216 -0.27926 3.14488e-17 -0.947967 -0.31837 3.13714e-17 -0.949761 -0.312977 2.80386e-17 -0.992918 -0.118799 2.86696e-17 -0.988472 -0.151403 2.78671e-17 -0.993912 -0.110179 2.94226e-17 -0.981323 -0.192366 2.88198e-17 -0.987217 -0.159383 2.6119e-17 -0.999629 -0.0272306 2.51764e-17 -0.999897 0.0143501 2.5418e-17 -0.999992 0.00387764 2.70164e-17 -0.997633 -0.0687642 2.63362e-17 -0.999312 -0.0370997 2.72103e-17 -0.996952 -0.0780147 2.41903e-17 -0.998436 0.0559061 2.31624e-17 -0.995249 0.0973652 2.3455e-17 -0.996317 0.0857439 2.4457e-17 -0.998994 0.0448484 2.24136e-17 -0.991967 0.126495 2.20944e-17 -0.990341 0.138656 2.09882e-17 -0.98372 0.179707 2.13345e-17 -0.985951 0.167034 1.98457e-17 -0.975399 0.220448 2.02196e-17 -0.978279 0.207293 1.90707e-17 -0.968964 0.247203 1.8669e-17 -0.965391 0.260807 1.74599e-17 -0.953714 0.300715 1.78898e-17 -0.958021 0.286698 1.62206e-17 -0.940388 0.340104 1.66789e-17 -0.945469 0.325712 1.53438e-17 -0.93018 0.367103 1.49534e-17 -0.925436 0.378904 1.36602e-17 -0.908884 0.417049 1.39789e-17 -0.91308 0.40778 1.23434e-17 -0.89076 0.454473 1.25867e-17 -0.894203 0.447662 1.11701e-17 -0.873584 0.486673 1.10053e-17 -0.871097 0.491112 9.64817e-18 -0.849927 0.526901 9.7317e-18 -0.851264 0.524737 3.07746e-17 -0.961951 -0.273222 3.31529e-17 -0.887815 -0.4602 3.32344e-17 -0.883295 -0.468818 3.28701e-17 -0.901762 -0.432232 2.11318e-17 0.0648079 -0.997898 2.11158e-17 0.0654027 -0.997859 2.22111e-17 0.0241163 -0.999709 3.24505e-17 -0.918716 -0.39492 3.2772e-17 -0.906074 -0.423118 3.19765e-17 -0.934126 -0.356945 3.2335e-17 -0.922786 -0.385313 3.18428e-17 -0.937921 -0.34685 3.14488e-17 -0.947967 -0.31837 3.08682e-17 -0.960216 -0.27926 3.12962e-17 -0.951453 -0.307794 3.02358e-17 -0.970852 -0.239681 3.06962e-17 -0.96336 -0.268213 3.00437e-17 -0.973621 -0.228173 2.95526e-17 -0.979857 -0.1997 2.88198e-17 -0.987217 -0.159383 2.93398e-17 -0.982218 -0.187743 2.80386e-17 -0.992918 -0.118799 2.85859e-17 -0.989138 -0.146992 2.77831e-17 -0.994367 -0.105991 2.72103e-17 -0.996952 -0.0780147 2.63362e-17 -0.999312 -0.0370997 2.69328e-17 -0.997898 -0.064808 2.5418e-17 -0.999992 0.00387764 2.60365e-17 -0.999723 -0.0235146 2.50958e-17 -0.999841 0.0178191 2.4457e-17 -0.998994 0.0448484 2.3455e-17 -0.996317 0.0857439 2.41121e-17 -0.998251 0.0591222 2.24136e-17 -0.991967 0.126495 2.30873e-17 -0.994955 0.100324 2.2023e-17 -0.989959 0.141355 2.13345e-17 -0.985951 0.167034 2.02196e-17 -0.978279 0.207293 2.09211e-17 -0.983272 0.182144 1.90707e-17 -0.968964 0.247203 1.97835e-17 -0.974905 0.222623 1.8612e-17 -0.964872 0.26272 1.78898e-17 -0.958021 0.286698 1.66789e-17 -0.945469 0.325712 1.74088e-17 -0.953191 0.302369 1.53438e-17 -0.93018 0.367103 1.61758e-17 -0.939881 0.341502 1.49152e-17 -0.924966 0.38005 1.39789e-17 -0.91308 0.40778 1.25867e-17 -0.894203 0.447662 1.36291e-17 -0.90847 0.41795 1.11701e-17 -0.873584 0.486673 1.23197e-17 -0.890422 0.455135 1.09892e-17 -0.870853 0.491543 9.7317e-18 -0.851264 0.524737 8.27435e-18 -0.827287 0.561779 9.64003e-18 -0.849796 0.527111 8.27435e-18 -0.827287 0.561779 3.34772e-17 -0.868039 -0.496496 3.35429e-17 -0.863343 -0.504617 3.37443e-17 -0.84678 -0.531944 3.39538e-17 -0.824074 -0.566483 3.3795e-17 -0.841942 -0.539568 3.41053e-17 -0.79996 -0.600053 3.39904e-17 -0.819126 -0.573613 3.41287e-17 -0.794935 -0.606695 3.41985e-17 -0.774479 -0.632599 3.42332e-17 -0.747676 -0.664064 3.42097e-17 -0.769408 -0.638757 3.42095e-17 -0.719594 -0.694395 3.42332e-17 -0.74259 -0.669747 3.41993e-17 -0.714524 -0.699611 3.41273e-17 -0.690284 -0.723539 3.39868e-17 -0.659794 -0.751446 3.41078e-17 -0.685257 -0.728301 3.37883e-17 -0.628177 -0.778071 3.39591e-17 -0.65484 -0.755767 3.37534e-17 -0.623323 -0.781964 3.3532e-17 -0.595487 -0.803365 3.32185e-17 -0.561779 -0.827287 3.3491e-17 -0.590759 -0.806848 3.28481e-17 -0.527111 -0.849796 3.31723e-17 -0.557203 -0.830376 3.27979e-17 -0.522711 -0.85251 3.24217e-17 -0.491543 -0.870853 3.19399e-17 -0.455135 -0.890422 3.23684e-17 -0.487341 -0.873212 3.14035e-17 -0.41795 -0.90847 3.18845e-17 -0.451152 -0.892447 3.13471e-17 -0.414206 -0.910183 3.08134e-17 -0.38005 -0.924966 3.01708e-17 -0.341502 -0.939881 3.07571e-17 -0.376564 -0.926391 2.94765e-17 -0.302369 -0.953191 3.01153e-17 -0.338289 -0.941042 2.9423e-17 -0.299447 -0.954113 2.87319e-17 -0.26272 -0.964872 2.79382e-17 -0.222623 -0.974905 2.86813e-17 -0.260101 -0.965581 2.70968e-17 -0.182145 -0.983272 2.78914e-17 -0.220319 -0.975428 2.70547e-17 -0.180166 -0.983636 2.62091e-17 -0.141355 -0.989959 2.52766e-17 -0.100324 -0.994955 2.61725e-17 -0.139711 -0.990192 2.43009e-17 -0.0591222 -0.998251 2.52463e-17 -0.0990211 -0.995085 2.42778e-17 -0.0581649 -0.998307 2.32837e-17 -0.017819 -0.999841 2.22268e-17 0.0235147 -0.999723 2.32685e-17 -0.0172111 -0.999852 1.99844e-17 0.106577 -0.994304 2.00008e-17 0.105991 -0.994367 1.88355e-17 0.146992 -0.989138 1.63934e-17 0.228729 -0.97349 1.64106e-17 0.228173 -0.973621 1.5155e-17 0.268213 -0.96336 1.88189e-17 0.14757 -0.989052 1.76381e-17 0.187743 -0.982218 1.76212e-17 0.18831 -0.98211 1.25684e-17 0.34685 -0.937921 1.12418e-17 0.385313 -0.922786 1.25508e-17 0.347369 -0.937729 1.38736e-17 0.307794 -0.951453 1.38561e-17 0.308327 -0.951281 1.51377e-17 0.268757 -0.963208 7.15583e-18 0.496496 -0.868039 8.51543e-18 0.460675 -0.887569 8.53317e-18 0.4602 -0.887815 9.87818e-18 0.423609 -0.905845 1.12241e-17 0.385818 -0.922575 9.89592e-18 0.423118 -0.906074 4.34932e-18 0.566908 -0.823781 4.36687e-18 0.566482 -0.824074 2.96e-18 0.600053 -0.79996 7.13812e-18 0.496955 -0.867776 5.76627e-18 0.531944 -0.84678 5.74863e-18 0.532386 -0.846501 1.33495e-19 0.664064 -0.747676 -1.28131e-18 0.694394 -0.719595 1.1642e-19 0.664437 -0.747344 1.54807e-18 0.632599 -0.774479 1.53081e-18 0.63299 -0.77416 2.94257e-18 0.600462 -0.799653 -5.50293e-18 0.778071 -0.628177 -4.11826e-18 0.751763 -0.659433 -4.10193e-18 0.751446 -0.659794 -2.71052e-18 0.723874 -0.689932 -1.29816e-18 0.694749 -0.719252 -2.69392e-18 0.723539 -0.690284 -8.2897e-18 0.827547 -0.561396 -8.27435e-18 0.827287 -0.561779 -9.64003e-18 0.849796 -0.527111 -5.51895e-18 0.778368 -0.627808 -6.89453e-18 0.803365 -0.595487 -6.91023e-18 0.803644 -0.59511 -1.23197e-17 0.890422 -0.455135 -1.36291e-17 0.90847 -0.41795 -1.23339e-17 0.890624 -0.45474 -1.09893e-17 0.870853 -0.491543 -1.10038e-17 0.871074 -0.491151 -9.65501e-18 0.850037 -0.526724 -1.74088e-17 0.953191 -0.302369 -1.61886e-17 0.940026 -0.341101 -1.61758e-17 0.939881 -0.341501 -1.49285e-17 0.92513 -0.379651 -1.36428e-17 0.908653 -0.417552 -1.49152e-17 0.924966 -0.38005 -1.97949e-17 0.974995 -0.222225 -1.97835e-17 0.974905 -0.222622 -2.09211e-17 0.983272 -0.182145 -1.74212e-17 0.953318 -0.301969 -1.8612e-17 0.964872 -0.26272 -1.86239e-17 0.964981 -0.262322 -2.30873e-17 0.994955 -0.100324 -2.41121e-17 0.998251 -0.0591225 -2.30971e-17 0.994994 -0.0999373 -2.2023e-17 0.989959 -0.141355 -2.20334e-17 0.990015 -0.140964 -2.0932e-17 0.983345 -0.18175 -2.69328e-17 0.997898 0.0648081 -2.60448e-17 0.999715 0.0238855 -2.60365e-17 0.999723 0.0235144 -2.51046e-17 0.999848 -0.0174424 -2.41214e-17 0.998273 -0.05874 -2.50958e-17 0.999841 -0.017819 -2.85925e-17 0.989086 0.147341 -2.85859e-17 0.989138 0.146993 -2.93398e-17 0.982218 0.187743 -2.69405e-17 0.997874 0.0651721 -2.77831e-17 0.994367 0.105991 -2.77903e-17 0.994329 0.106347 -3.06962e-17 0.96336 0.268213 -3.12962e-17 0.951453 0.307794 -3.07013e-17 0.96327 0.268535 -3.00437e-17 0.973621 0.228173 -3.00493e-17 0.973543 0.228504 -2.9346e-17 0.982153 0.188083 -3.2772e-17 0.906074 0.423119 -3.23386e-17 0.922664 0.385605 -3.2335e-17 0.922786 0.385313 -3.18469e-17 0.937809 0.347152 -3.13008e-17 0.951352 0.308107 -3.18428e-17 0.93792 0.34685 -3.34794e-17 0.867891 0.496755 -3.34772e-17 0.868039 0.496496 -3.37444e-17 0.84678 0.531944 -3.2775e-17 0.905943 0.423399 -3.31529e-17 0.887815 0.460201 -3.31555e-17 0.887675 0.460471 -3.41053e-17 0.79996 0.600054 -3.41985e-17 0.774479 0.632599 -3.41061e-17 0.799792 0.600277 -3.39538e-17 0.824074 0.566483 -3.39551e-17 0.823912 0.566718 -3.3746e-17 0.846624 0.532191 -3.41273e-17 0.690284 0.723539 -3.42092e-17 0.719413 0.694583 -3.42095e-17 0.719594 0.694395 -3.42333e-17 0.747498 0.664264 -3.41989e-17 0.774306 0.632811 -3.42332e-17 0.747676 0.664064 -3.37869e-17 0.627987 0.778224 -3.37883e-17 0.628177 0.778071 -3.3532e-17 0.595486 0.803365 -3.41266e-17 0.690099 0.723715 -3.39868e-17 0.659794 0.751447 -3.39858e-17 0.659607 0.751611 -3.28481e-17 0.527111 0.849796 -3.24217e-17 0.491543 0.870853 -3.2846e-17 0.52692 0.849915 -3.32185e-17 0.561779 0.827287 -3.32165e-17 0.561588 0.827417 -3.35304e-17 0.595296 0.803506 -3.08134e-17 0.38005 0.924966 -3.14007e-17 0.417762 0.908557 -3.14035e-17 0.41795 0.90847 -3.19373e-17 0.454946 0.890519 -3.24193e-17 0.491353 0.870961 -3.19399e-17 0.455135 0.890422 -2.94732e-17 0.30219 0.953248 -2.94765e-17 0.302369 0.953191 -2.87319e-17 0.262721 0.964872 -3.08104e-17 0.379865 0.925042 -3.01707e-17 0.341501 0.939881 -3.01676e-17 0.341318 0.939948 -2.70968e-17 0.182145 0.983272 -2.62091e-17 0.141355 0.989959 -2.70932e-17 0.181977 0.983303 -2.79382e-17 0.222623 0.974905 -2.79347e-17 0.222451 0.974944 -2.87285e-17 0.262544 0.96492 -2.32837e-17 0.0178191 0.999841 -2.42973e-17 0.0589707 0.99826 -2.43009e-17 0.0591226 0.998251 -2.5273e-17 0.100167 0.994971 -2.62055e-17 0.141193 0.989982 -2.52766e-17 0.100325 0.994955 -2.22268e-17 -0.0235143 0.999723 -2.32801e-17 0.0176732 0.999844 -2.22231e-17 -0.0236545 0.99972 -2.11318e-17 -0.064808 0.997898 -2.00008e-17 -0.105991 0.994367 -2.11282e-17 -0.0649417 0.997889 -1.88355e-17 -0.146992 0.989138 -1.99972e-17 -0.106118 0.994354 -1.88321e-17 -0.147113 0.98912 -1.76382e-17 -0.187743 0.982218 -1.64106e-17 -0.228172 0.973621 -1.76348e-17 -0.187856 0.982197 -1.5155e-17 -0.268213 0.96336 -1.64073e-17 -0.22828 0.973596 -1.51519e-17 -0.268312 0.963332 -1.38736e-17 -0.307794 0.951453 -1.25684e-17 -0.34685 0.937921 -1.38705e-17 -0.307887 0.951423 -1.12418e-17 -0.385313 0.922786 -1.25655e-17 -0.346936 0.937889 -1.1239e-17 -0.385392 0.922753 -9.89592e-18 -0.423118 0.906074 -8.53317e-18 -0.4602 0.887815 -9.89334e-18 -0.42319 0.906041 -7.15583e-18 -0.496496 0.868039 -8.53074e-18 -0.460265 0.887781 -7.15359e-18 -0.496554 0.868006 -5.76628e-18 -0.531944 0.84678 -4.36686e-18 -0.566483 0.824074 -5.76422e-18 -0.531995 0.846747 -2.95999e-18 -0.600053 0.79996 -4.36501e-18 -0.566527 0.824043 -2.95834e-18 -0.600092 0.799931 -1.54806e-18 -0.632599 0.774479 -1.33492e-19 -0.664064 0.747676 -1.54661e-18 -0.632632 0.774452 1.28132e-18 -0.694395 0.719594 -1.32235e-19 -0.664092 0.747651 1.28235e-18 -0.694416 0.719573 2.69392e-18 -0.723539 0.690284 4.10194e-18 -0.751447 0.659794 2.69475e-18 -0.723555 0.690266 5.50293e-18 -0.778071 0.628177 4.10254e-18 -0.751458 0.659781 5.50335e-18 -0.778078 0.628167 6.89454e-18 -0.803365 0.595486 6.89474e-18 -0.803369 0.595482 -0.707107 0.425941 0.564424 -0.707107 0.389645 0.590065 -0.707107 0.390387 0.589575 -0.707107 -0.602251 0.370532 -0.707107 -0.577273 0.408358 -0.707107 -0.577273 0.408357 -0.707107 0.45988 0.537132 -0.707107 0.42665 0.563888 -0.707107 0.461902 0.535394 -0.707107 0.492074 0.507803 -0.707107 0.522401 0.476547 -0.707107 0.495256 0.5047 -0.707107 0.550747 0.443484 -0.707107 0.526574 0.471932 -0.707107 0.555729 0.437224 -0.707107 0.577004 0.408738 -0.707107 0.601072 0.372442 -0.707107 0.582601 0.40072 -0.707107 0.622859 0.334733 -0.707107 0.607078 0.362569 -0.707107 0.62906 0.322929 -0.707107 0.642285 0.295754 -0.707107 0.659273 0.255654 -0.707107 0.648458 0.281961 -0.707107 0.673761 0.214583 -0.707107 0.665191 0.239835 -0.707107 0.679191 0.196724 -0.707107 0.685693 0.172699 -0.707107 0.695024 0.13016 -0.707107 0.690399 0.152803 -0.707107 0.701719 0.0871265 -0.707107 0.698771 0.108255 -0.707107 0.704271 0.0632626 -0.707107 0.705751 0.0437628 -0.707107 0.707107 0.000233107 -0.707107 0.706877 0.0180098 -0.707107 0.70578 -0.0432975 -0.707107 0.706579 -0.027317 -0.707107 0.703377 -0.0725316 -0.707107 0.701776 -0.0866638 -0.707107 0.69511 -0.129701 -0.707107 0.697285 -0.117448 -0.707107 0.685807 -0.172247 -0.707107 0.688327 -0.161882 -0.707107 0.676541 -0.205651 -0.707107 0.673902 -0.214139 -0.707107 0.659442 -0.255219 -0.707107 0.661975 -0.248574 -0.707107 0.642479 -0.295331 -0.707107 0.644689 -0.290476 -0.707107 0.624753 -0.331185 -0.707107 0.62308 -0.334322 -0.707107 0.601317 -0.372046 -0.707107 0.602251 -0.370532 -0.707107 0.577273 -0.408358 -0.707107 0.577273 -0.408358 -0.707107 0.351039 0.613817 -0.707107 0.314976 0.63308 -0.707107 0.353352 0.612489 -0.707107 0.31099 0.635047 -0.707107 0.275406 0.651269 -0.707107 0.23479 0.666988 -0.707107 0.269664 0.653668 -0.707107 0.227229 0.669602 -0.707107 0.193285 0.680177 -0.707107 0.183861 0.682785 -0.707107 0.151046 0.690786 -0.707107 0.108234 0.698774 -0.707107 0.139737 0.693162 -0.707107 0.0950387 0.700691 -0.707107 0.0650114 0.704112 -0.707107 0.0499499 0.70534 -0.707107 0.0215424 0.706779 -0.707107 -0.0220084 0.706764 -0.707107 0.00465599 0.707091 -0.707107 -0.0406571 0.705937 -0.707107 -0.0654756 0.704069 -0.707107 -0.085803 0.701882 -0.707107 -0.108695 0.698703 -0.707107 -0.151501 0.690686 -0.707107 -0.130596 0.694942 -0.707107 -0.174853 0.685147 -0.707107 -0.193733 0.68005 -0.707107 -0.218392 0.672536 -0.707107 -0.23523 0.666833 -0.707107 -0.275835 0.651088 -0.707107 -0.261032 0.657162 -0.707107 -0.302601 0.639088 -0.707107 -0.315393 0.632872 -0.707107 -0.342925 0.618387 -0.707107 -0.353755 0.612256 -0.707107 -0.390775 0.589317 -0.707107 -0.381841 0.595145 -0.707107 -0.419188 0.569457 -0.707107 -0.426313 0.564143 -0.707107 -0.454811 0.54143 -0.707107 -0.460234 0.536829 -0.707107 -0.492408 0.507478 -0.707107 -0.488567 0.511178 -0.707107 -0.520314 0.478825 -0.707107 -0.522715 0.476203 -0.707107 -0.549923 0.444504 -0.707107 -0.551039 0.44312 -0.707107 -0.661975 0.248574 -0.707107 -0.659442 0.255219 -0.707107 -0.644689 0.290476 -0.707107 -0.624753 0.331185 -0.707107 -0.642479 0.295331 -0.707107 -0.62308 0.334322 -0.707107 -0.69511 0.129701 -0.707107 -0.688327 0.161882 -0.707107 -0.697285 0.117448 -0.707107 -0.673902 0.214139 -0.707107 -0.676541 0.205651 -0.707107 -0.685807 0.172247 -0.707107 -0.706579 0.0273169 -0.707107 -0.706877 -0.0180099 -0.707107 -0.707107 -0.000232958 -0.707107 -0.703377 0.0725314 -0.707107 -0.70578 0.0432974 -0.707107 -0.701776 0.0866639 -0.707107 -0.690399 -0.152803 -0.707107 -0.695024 -0.13016 -0.707107 -0.698771 -0.108255 -0.707107 -0.701719 -0.0871263 -0.707107 -0.705751 -0.0437629 -0.707107 -0.704271 -0.0632627 -0.707107 -0.659273 -0.255654 -0.707107 -0.665191 -0.239835 -0.707107 -0.648458 -0.281961 -0.707107 -0.685693 -0.172699 -0.707107 -0.679191 -0.196723 -0.707107 -0.673761 -0.214583 -0.707107 -0.607078 -0.362569 -0.707107 -0.582601 -0.40072 -0.707107 -0.601072 -0.372442 -0.707107 -0.62906 -0.322929 -0.707107 -0.622859 -0.334733 -0.707107 -0.642284 -0.295754 -0.707107 -0.492074 -0.507803 -0.707107 -0.522401 -0.476547 -0.707107 -0.495256 -0.5047 -0.707107 -0.550747 -0.443484 -0.707107 -0.555729 -0.437224 -0.707107 -0.526574 -0.471931 -0.707107 -0.425941 -0.564424 -0.707107 -0.389645 -0.590065 -0.707107 -0.390387 -0.589575 -0.707107 -0.461902 -0.535394 -0.707107 -0.42665 -0.563888 -0.707107 -0.45988 -0.537132 -0.707107 -0.31099 -0.635047 -0.707107 -0.269664 -0.653668 -0.707107 -0.275406 -0.651269 -0.707107 -0.351039 -0.613817 -0.707107 -0.314976 -0.63308 -0.707107 -0.353352 -0.612489 -0.707107 -0.139737 -0.693162 -0.707107 -0.151046 -0.690786 -0.707107 -0.183861 -0.682785 -0.707107 -0.193285 -0.680177 -0.707107 -0.23479 -0.666988 -0.707107 -0.227229 -0.669602 -0.707107 -0.0215426 -0.706779 -0.707107 -0.04995 -0.70534 -0.707107 -0.0046561 -0.707091 -0.707107 -0.108234 -0.698774 -0.707107 -0.0950387 -0.700691 -0.707107 -0.0650112 -0.704112 -0.707107 0.0858033 -0.701882 -0.707107 0.130597 -0.694942 -0.707107 0.108695 -0.698703 -0.707107 0.0406573 -0.705937 -0.707107 0.0654757 -0.704069 -0.707107 0.0220085 -0.706764 -0.707107 0.151501 -0.690686 -0.707107 0.174853 -0.685147 -0.707107 0.193733 -0.68005 -0.707107 0.23523 -0.666833 -0.707107 0.218392 -0.672536 -0.707107 0.261032 -0.657162 -0.707107 0.275835 -0.651088 -0.707107 0.302601 -0.639088 -0.707107 0.315393 -0.632872 -0.707107 0.353755 -0.612256 -0.707107 0.342925 -0.618387 -0.707107 0.381841 -0.595145 -0.707107 0.390775 -0.589317 -0.707107 0.419188 -0.569457 -0.707107 0.426313 -0.564143 -0.707107 0.460233 -0.536829 -0.707107 0.454812 -0.54143 -0.707107 0.488567 -0.511178 -0.707107 0.492408 -0.507478 -0.707107 0.520314 -0.478825 -0.707107 0.522715 -0.476202 -0.707107 0.551039 -0.44312 -0.707107 0.549923 -0.444504 -0.707107 -0.577004 -0.408738 -0.707107 -0.601317 0.372045 -8.50598e-18 0.816387 -0.577505 -6.25853e-18 0.850391 -0.526152 -8.5126e-18 0.816282 -0.577654 -6.26511e-18 0.850296 -0.526304 -3.98734e-18 0.881168 -0.472803 -1.70103e-18 0.908603 -0.417661 -3.99384e-18 0.881085 -0.472958 5.91735e-19 0.932591 -0.360934 -1.70742e-18 0.908531 -0.417817 5.85469e-19 0.93253 -0.361091 2.88226e-18 0.953042 -0.302839 5.16184e-18 0.969877 -0.243594 2.87615e-18 0.952992 -0.302996 7.42185e-18 0.983034 -0.183425 5.1559e-18 0.969838 -0.24375 7.41611e-18 0.983005 -0.18358 9.6537e-18 0.992461 -0.122561 1.18489e-17 0.998124 -0.0612319 9.64817e-18 0.992442 -0.122714 1.39992e-17 1 0.000329516 1.18436e-17 0.998114 -0.0613823 1.39942e-17 1 0.000182889 1.60964e-17 0.998083 0.0618901 1.81325e-17 0.99238 0.123216 1.60916e-17 0.998092 0.0617469 2.00999e-17 0.982912 0.184074 1.8128e-17 0.992397 0.123077 2.00956e-17 0.982938 0.18394 2.1991e-17 0.969716 0.244233 2.37987e-17 0.952842 0.303467 2.1987e-17 0.969749 0.244105 2.5516e-17 0.932353 0.361549 2.3795e-17 0.952881 0.303344 2.55126e-17 0.932398 0.361432 2.71367e-17 0.908327 0.41826 2.86543e-17 0.880856 0.473384 2.71335e-17 0.908378 0.418149 3.00633e-17 0.850044 0.526712 2.86515e-17 0.880912 0.47328 3.00608e-17 0.850104 0.526615 3.13582e-17 0.816006 0.578043 3.25342e-17 0.778874 0.627181 3.1356e-17 0.816071 0.577952 3.35868e-17 0.738787 0.673939 3.25323e-17 0.778941 0.627097 3.35851e-17 0.738857 0.673862 3.45119e-17 0.695897 0.718141 3.53062e-17 0.650368 0.759619 3.45105e-17 0.695969 0.718072 3.59665e-17 0.602372 0.798216 3.5305e-17 0.650441 0.759556 3.59656e-17 0.602446 0.79816 3.64904e-17 0.55209 0.833784 3.64897e-17 0.552165 0.833735 3.68759e-17 0.499714 0.86619 3.68754e-17 0.499789 0.866147 3.71214e-17 0.445443 0.89531 3.71212e-17 0.445517 0.895274 3.72262e-17 0.389555 0.921003 3.72262e-17 0.389482 0.921034 3.71898e-17 0.332044 0.943264 3.71899e-17 0.332115 0.943239 3.70122e-17 0.273346 0.961916 3.70125e-17 0.273415 0.961896 3.66947e-17 0.213678 0.976904 3.66943e-17 0.213611 0.976919 3.62372e-17 0.153066 0.988216 3.62378e-17 0.15313 0.988206 3.56426e-17 0.0919401 0.995765 3.56433e-17 0.0920008 0.995759 3.49136e-17 0.0305228 0.999534 3.49128e-17 0.0304655 0.999536 3.40506e-17 -0.0311246 0.999516 3.40514e-17 -0.0310708 0.999517 3.30593e-17 -0.0925966 0.995704 3.30601e-17 -0.0925467 0.995708 3.19434e-17 -0.153671 0.988122 3.19425e-17 -0.153717 0.988115 3.07045e-17 -0.214255 0.976778 3.07054e-17 -0.214213 0.976787 2.93501e-17 -0.27398 0.961735 2.9351e-17 -0.273942 0.961746 2.78852e-17 -0.332632 0.943057 2.78843e-17 -0.332666 0.943045 2.63128e-17 -0.390089 0.920777 2.63136e-17 -0.39006 0.92079 2.46414e-17 -0.446033 0.895016 2.46422e-17 -0.446008 0.895029 2.28774e-17 -0.500264 0.865873 2.28766e-17 -0.500285 0.865861 2.1025e-17 -0.55264 0.83342 2.10257e-17 -0.552622 0.833432 1.90937e-17 -0.602898 0.797819 1.90942e-17 -0.602883 0.797829 1.70904e-17 -0.650858 0.7592 1.70899e-17 -0.650869 0.75919 1.50213e-17 -0.696371 0.717682 1.50216e-17 -0.696363 0.71769 1.28957e-17 -0.739231 0.673452 1.28959e-17 -0.739226 0.673457 1.07213e-17 -0.779285 0.62667 1.07212e-17 -0.779287 0.626667 8.50598e-18 -0.816387 0.577505 8.50598e-18 -0.816387 0.577505 -1.07278e-17 0.77917 -0.626812 -1.29023e-17 0.739103 -0.673592 -1.07212e-17 0.779287 -0.626667 -1.28957e-17 0.739231 -0.673452 -1.50278e-17 0.696232 -0.717817 -1.70964e-17 0.650719 -0.759319 -1.50213e-17 0.696371 -0.717682 -1.91001e-17 0.602738 -0.797939 -1.70899e-17 0.650869 -0.75919 -1.90937e-17 0.602898 -0.797818 -2.10313e-17 0.55247 -0.833533 -2.28827e-17 0.500105 -0.865965 -2.1025e-17 0.55264 -0.83342 -2.46473e-17 0.445844 -0.895111 -2.28766e-17 0.500286 -0.865861 -2.46414e-17 0.446033 -0.895016 -2.63185e-17 0.389891 -0.920861 -2.78897e-17 0.332459 -0.943118 -2.63128e-17 0.39009 -0.920777 -2.93552e-17 0.273766 -0.961796 -2.78843e-17 0.332666 -0.943045 -2.93501e-17 0.27398 -0.961735 -3.07093e-17 0.214035 -0.976826 -3.19469e-17 0.153491 -0.98815 -3.07045e-17 0.214255 -0.976778 -3.30632e-17 0.0923649 -0.995725 -3.19425e-17 0.153718 -0.988115 -3.30593e-17 0.0925966 -0.995704 -3.40542e-17 0.0308883 -0.999523 -3.4916e-17 -0.0307055 -0.999528 -3.40506e-17 0.0311242 -0.999516 -3.56452e-17 -0.0921829 -0.995742 -3.49128e-17 -0.0304653 -0.999536 -3.56426e-17 -0.0919402 -0.995765 -3.62393e-17 -0.15331 -0.988178 -3.66959e-17 -0.213856 -0.976865 -3.62372e-17 -0.153066 -0.988216 -3.70133e-17 -0.273591 -0.961846 -3.66943e-17 -0.213611 -0.976919 -3.70122e-17 -0.273346 -0.961916 -3.71902e-17 -0.332287 -0.943178 -3.7226e-17 -0.389723 -0.920932 -3.71898e-17 -0.332044 -0.943264 -3.71207e-17 -0.445681 -0.895192 -3.72262e-17 -0.389482 -0.921034 -3.71214e-17 -0.445444 -0.89531 -3.68745e-17 -0.499947 -0.866056 -3.64884e-17 -0.552317 -0.833634 -3.68759e-17 -0.499714 -0.86619 -3.59638e-17 -0.602592 -0.79805 -3.64904e-17 -0.55209 -0.833784 -3.59665e-17 -0.602372 -0.798216 -3.53029e-17 -0.65058 -0.759438 -3.4508e-17 -0.6961 -0.717944 -3.53062e-17 -0.650368 -0.759619 -3.35822e-17 -0.73898 -0.673727 -3.45119e-17 -0.695897 -0.718141 -3.35868e-17 -0.738787 -0.673939 -3.2529e-17 -0.779056 -0.626954 -3.13523e-17 -0.816176 -0.577803 -3.25342e-17 -0.778874 -0.627181 -3.00568e-17 -0.8502 -0.52646 -3.13582e-17 -0.816007 -0.578043 -3.00633e-17 -0.850044 -0.526712 -2.86472e-17 -0.880999 -0.473118 -2.71289e-17 -0.908455 -0.417983 -2.86543e-17 -0.880856 -0.473384 -2.55077e-17 -0.932465 -0.361262 -2.71367e-17 -0.908327 -0.41826 -2.5516e-17 -0.932353 -0.361549 -2.37897e-17 -0.952937 -0.30317 -2.19815e-17 -0.969793 -0.243928 -2.37986e-17 -0.952842 -0.303467 -2.00899e-17 -0.982971 -0.18376 -2.1991e-17 -0.969716 -0.244233 -2.00999e-17 -0.982912 -0.184074 -1.8122e-17 -0.99242 -0.122895 -1.60855e-17 -0.998103 -0.0615643 -1.81325e-17 -0.99238 -0.123215 -1.39879e-17 -1 -1.72563e-07 -1.60964e-17 -0.998083 -0.0618898 -1.39992e-17 -1 -0.000329667 -1.18385e-17 -0.998105 0.0615282 -9.64422e-18 -0.992429 0.122823 -1.18489e-17 -0.998124 0.0612317 -7.41343e-18 -0.982991 0.183652 -9.6537e-18 -0.992461 0.122561 -7.42185e-18 -0.983034 0.183426 -5.15455e-18 -0.969829 0.243786 -2.87614e-18 -0.952992 0.302996 -5.16185e-18 -0.969877 0.243594 -5.86833e-19 -0.932544 0.361057 -2.88227e-18 -0.953042 0.302838 -5.91732e-19 -0.932591 0.360934 1.70472e-18 -0.908562 0.417751 3.98977e-18 -0.881137 0.472861 1.70103e-18 -0.908603 0.417661 6.25975e-18 -0.850373 0.52618 3.98734e-18 -0.881168 0.472803 6.25852e-18 -0.850391 0.526152 -0.982526 -0.186126 -8.33167e-06 -0.995622 -0.093472 -4.18416e-06 -0.981608 -0.190909 -8.54578e-06 0.194563 -0.98089 -4.39083e-05 0.289513 -0.957174 -4.28467e-05 0.281534 -0.959551 -4.29531e-05 -0.996038 -0.0889249 -3.98061e-06 -0.999988 0.00487055 2.18024e-07 -0.994664 0.103166 4.61809e-06 -0.999958 0.00913206 4.08785e-07 -0.994248 0.107101 4.79425e-06 -0.979702 0.200461 8.9734e-06 -0.978963 0.204039 9.13354e-06 -0.955245 0.295815 1.32418e-05 -0.921533 0.388301 1.73818e-05 -0.95425 0.299011 1.33849e-05 -0.920346 0.391104 1.75073e-05 -0.87889 0.477025 2.13534e-05 -0.87758 0.479431 2.14611e-05 -0.82773 0.561126 2.51181e-05 -0.76855 0.63979 2.86394e-05 -0.826361 0.56314 2.52082e-05 -0.767185 0.641426 2.87126e-05 -0.701922 0.712254 3.18831e-05 -0.70062 0.713535 3.19405e-05 -0.628492 0.777816 3.48179e-05 -0.548972 0.835841 3.74153e-05 -0.627308 0.778772 3.48607e-05 -0.547954 0.836508 3.74452e-05 -0.464132 0.885766 3.96502e-05 -0.463323 0.886189 3.96691e-05 -0.374795 0.927108 4.15008e-05 -0.281826 0.959466 4.29492e-05 -0.37423 0.927336 4.1511e-05 -0.186126 0.982526 4.39815e-05 -0.281534 0.959551 4.29531e-05 -0.186126 0.982526 4.39815e-05 -0.959551 -0.281534 -1.26025e-05 -0.958082 -0.286496 -1.28246e-05 -0.927336 -0.37423 -1.67519e-05 -0.925271 -0.379306 -1.69792e-05 -0.886189 -0.463323 -2.07401e-05 -0.836508 -0.547954 -2.45285e-05 -0.883495 -0.468441 -2.09692e-05 -0.833157 -0.553037 -2.4756e-05 -0.778772 -0.627308 -2.80806e-05 -0.774746 -0.632273 -2.83029e-05 -0.713535 -0.70062 -3.13624e-05 -0.641426 -0.767185 -3.4342e-05 -0.708827 -0.705383 -3.15755e-05 -0.636039 -0.771657 -3.45422e-05 -0.56314 -0.826361 -3.6991e-05 -0.557088 -0.830454 -3.71742e-05 -0.479431 -0.87758 -3.92837e-05 -0.391104 -0.920346 -4.11981e-05 -0.472739 -0.881203 -3.94459e-05 -0.383808 -0.923413 -4.13354e-05 -0.299011 -0.95425 -4.27158e-05 -0.291158 -0.956675 -4.28243e-05 -0.204039 -0.978963 -4.3822e-05 -0.107101 -0.994248 -4.45062e-05 -0.195687 -0.980666 -4.38983e-05 -0.09832 -0.995155 -4.45468e-05 -0.00913213 -0.999958 -4.47618e-05 1.25589e-07 -1 -4.47637e-05 0.0889249 -0.996038 -4.45864e-05 0.186126 -0.982526 -4.39815e-05 0.0977499 -0.995211 -4.45493e-05 0.463323 -0.886189 -3.96691e-05 0.37423 -0.927336 -4.1511e-05 0.381691 -0.92429 -4.13747e-05 0.70062 -0.713535 -3.19405e-05 0.627308 -0.778772 -3.48607e-05 0.632939 -0.774202 -3.46562e-05 0.547954 -0.836508 -3.74452e-05 0.470212 -0.882554 -3.95064e-05 0.55423 -0.832364 -3.72597e-05 0.826361 -0.56314 -2.52082e-05 0.829974 -0.557802 -2.49693e-05 0.87758 -0.479431 -2.14611e-05 0.705586 -0.708625 -3.17207e-05 0.771475 -0.63626 -2.84814e-05 0.767185 -0.641426 -2.87126e-05 0.955921 -0.293624 -1.31437e-05 0.978963 -0.204039 -9.13354e-06 0.95425 -0.299011 -1.33849e-05 0.922641 -0.38566 -1.72636e-05 0.920346 -0.391104 -1.75073e-05 0.880525 -0.474 -2.1218e-05 0.996038 0.0889251 3.98062e-06 0.999958 -0.00913221 -4.08792e-07 0.999991 -0.00429719 -1.92358e-07 0.994248 -0.107101 -4.79424e-06 0.980045 -0.198777 -8.898e-06 0.994782 -0.102026 -4.56706e-06 0.959551 0.281533 1.26025e-05 0.958409 0.285397 1.27755e-05 0.927336 0.374231 1.6752e-05 0.995622 0.0934718 4.18414e-06 0.981717 0.190346 8.52059e-06 0.982526 0.186126 8.33167e-06 0.834738 0.550647 2.4649e-05 0.778772 0.627308 2.80806e-05 0.836508 0.547954 2.45285e-05 0.884566 0.466415 2.08785e-05 0.886189 0.463323 2.07401e-05 0.925922 0.377715 1.69079e-05 0.56314 0.826361 3.6991e-05 0.641426 0.767185 3.4342e-05 0.639569 0.768733 3.44114e-05 0.713535 0.70062 3.13624e-05 0.776915 0.629606 2.81835e-05 0.71165 0.702534 3.1448e-05 0.47778 0.878479 3.9324e-05 0.479431 0.87758 3.92837e-05 0.561363 0.82757 3.70451e-05 0.389621 0.920975 4.12263e-05 0.391105 0.920346 4.11981e-05 0.299011 0.95425 4.27158e-05 0.29773 0.95465 4.27337e-05 0.202987 0.979181 4.38318e-05 0.204039 0.978963 4.3822e-05 0.1063 0.994334 4.45101e-05 0.107101 0.994248 4.45062e-05 0.00913205 0.999958 4.47618e-05 0.00859515 0.999963 4.47621e-05 -0.0891922 0.996014 4.45853e-05 -0.0889248 0.996038 4.45864e-05 -0.179783 0.949036 0.258862 -0.130689 0.957032 0.258862 -0.0858949 0.962088 0.258862 -0.271941 0.926844 0.258861 -0.228401 0.938522 0.258861 -0.323691 0.910064 0.25886 -0.361479 0.895726 0.258859 -0.447536 0.855982 0.258857 -0.415551 0.871958 0.258858 -0.529283 0.807994 0.258855 -0.503005 0.824609 0.258856 -0.585127 0.768519 0.258853 -0.605933 0.752224 0.258853 -0.676747 0.68921 0.25885 -0.661047 0.704282 0.258851 -0.741044 0.619558 0.258847 -0.729959 0.63258 0.258847 -0.791134 0.554172 0.258844 -0.798204 0.54394 0.258843 -0.847677 0.463083 0.25884 -0.843923 0.469889 0.25884 -0.888986 0.377766 0.258836 -0.887766 0.380626 0.258836 -0.921734 0.288811 0.258832 -0.922198 0.287327 0.258832 -0.946855 0.190983 0.258828 -0.945605 0.197075 0.258828 -0.96037 0.10344 0.258824 -0.961474 0.0926144 0.258823 -0.965886 0.00880939 0.258819 -0.965902 -0.00673625 0.258819 -0.960092 -0.106016 0.258814 -0.962099 -0.0859065 0.258815 -0.949047 -0.179795 0.258811 -0.944104 -0.204171 0.25881 -0.926855 -0.271952 0.258807 -0.918108 -0.300163 0.258806 -0.88238 -0.392973 0.258801 -0.895738 -0.36149 0.258803 -0.855993 -0.447547 0.258799 -0.837298 -0.481617 0.258797 -0.808005 -0.529294 0.258795 -0.783341 -0.565157 0.258794 -0.721081 -0.642705 0.25879 -0.752236 -0.605944 0.258792 -0.689222 -0.676758 0.258789 -0.651177 -0.713441 0.258787 -0.61957 -0.741055 0.258786 -0.57437 -0.776615 0.258784 -0.491474 -0.831556 0.258782 -0.543952 -0.798215 0.258783 -0.463095 -0.847688 0.258781 -0.403369 -0.877682 0.25878 -0.377778 -0.888998 0.258779 -0.310988 -0.914505 0.258778 -0.215311 -0.941635 0.258777 -0.288823 -0.921746 0.258778 -0.197086 -0.945617 0.258777 -0.117351 -0.958782 0.258776 -0.103452 -0.960382 0.258776 -0.0181475 -0.965767 0.258776 0.0812486 -0.962514 0.258776 -0.00882098 -0.965897 0.258776 0.179783 -0.949059 0.258777 0.0858949 -0.962111 0.258776 0.179783 -0.949059 0.258777 -0.0315926 0.965397 0.258862 0.0678394 0.963529 0.258862 0.0088209 0.965874 0.258862 0.166552 0.951447 0.258862 0.103452 0.960358 0.258862 0.197086 0.945594 0.258861 0.263499 0.929279 0.258861 0.357653 0.89726 0.258859 0.288823 0.921723 0.25886 0.448016 0.85573 0.258857 0.377778 0.888975 0.258859 0.463095 0.847665 0.258857 0.533629 0.80513 0.258855 0.613587 0.745994 0.258852 0.543952 0.798192 0.258855 0.68704 0.67895 0.258849 0.61957 0.741032 0.258852 0.689221 0.676735 0.258849 0.75321 0.60471 0.258846 0.808005 0.529271 0.258843 0.752236 0.605921 0.258846 0.811396 0.524059 0.258842 0.855993 0.447524 0.258839 0.895738 0.361467 0.258835 0.860981 0.437853 0.258839 0.901439 0.347005 0.258835 0.926856 0.271929 0.258831 0.932342 0.252479 0.25883 0.949047 0.179772 0.258827 0.962099 0.0858834 0.258823 0.953362 0.155276 0.258826 0.964276 0.0564278 0.258822 0.965886 -0.00883264 0.258819 0.964968 -0.0430191 0.258817 0.96037 -0.103463 0.258814 0.945605 -0.197098 0.25881 0.955431 -0.14201 0.258813 0.935767 -0.239496 0.258808 0.921734 -0.288834 0.258806 0.906183 -0.334444 0.258804 0.888986 -0.377789 0.258802 0.847677 -0.463106 0.258798 0.866994 -0.425845 0.2588 0.818614 -0.512733 0.258796 0.798204 -0.543963 0.258795 0.761556 -0.594187 0.258792 0.741044 -0.619582 0.258791 0.676747 -0.689233 0.258788 0.696427 -0.669342 0.258789 0.623914 -0.737401 0.258786 0.605932 -0.752247 0.258785 0.544788 -0.797645 0.258783 0.529283 -0.808017 0.258783 0.447536 -0.856005 0.258781 0.459887 -0.849433 0.258781 0.370112 -0.892217 0.258779 0.361479 -0.895749 0.258779 0.276412 -0.925543 0.258778 0.271941 -0.926867 0.258778 0.289865 -0.344886 0.892766 0.386024 -0.371293 0.844468 0.422207 -0.329561 0.844471 0.0939821 -0.0642296 0.9935 0.0639539 0.0942756 0.99349 -0.0940475 0.0643445 0.993486 0.399763 -0.00630038 0.916597 0.24993 -0.0346864 0.967642 0.419392 -0.164641 0.892751 0.480696 -0.236272 0.844457 0.502419 -0.185479 0.844496 0.000202057 -0.39976 0.91662 0.0996771 -0.526217 0.844488 0.145982 -0.372144 0.916623 0.453846 -0.284402 0.844476 -0.0651671 -0.531579 0.844498 -0.143681 -0.427015 0.892756 0.273456 -0.192288 0.942469 0.345907 -0.408881 0.844491 0.36973 0.152204 0.916588 0.219899 0.123818 0.967633 -0.146037 0.37225 0.916571 -0.289907 0.344998 0.89271 -0.121625 0.221176 0.96762 0.477359 0.242682 0.844532 0.449875 0.290397 0.84456 -0.000270545 0.399864 0.916574 -0.126414 0.520339 0.844551 -0.273509 0.192405 0.94243 -0.249992 0.0348041 0.967622 0.0925077 0.527406 0.844562 0.037629 0.53417 0.844539 0.1436 0.427119 0.89272 0.184146 0.279101 0.94244 0.146201 0.515092 0.844574 0.198345 0.497385 0.844552 0.0322617 0.250327 0.967624 -0.369801 -0.152083 0.916579 -0.21997 -0.123702 0.967632 -0.399821 0.00642343 0.916571 -0.0640223 -0.0941613 0.993496 -0.230383 0.483412 0.844533 0.330074 0.306747 0.892725 -0.366417 0.390547 0.844519 -0.404651 0.350838 0.844494 -0.523451 -0.113178 0.844505 -0.532323 -0.0587269 0.844502 -0.524998 0.10598 0.84448 -0.419436 0.164763 0.892708 -0.511308 0.159349 0.844495 -0.535559 -0.00365182 0.84449 -0.533076 0.0513426 0.844508 -0.492216 0.211089 0.844491 0.301882 -0.442403 0.84448 -0.489221 -0.217871 0.844509 -0.509046 -0.166334 0.844515 -0.330157 -0.306632 0.892734 -0.434318 -0.313271 0.844529 -0.399793 -0.356326 0.84451 -0.464236 -0.266943 0.844527 -0.318466 -0.430556 0.844512 -0.361057 -0.395448 0.844546 -0.172438 -0.507039 0.844498 -0.11954 -0.521997 0.844529 -0.272535 -0.460954 0.844539 -0.0102459 -0.535437 0.844513 0.205065 -0.494761 0.844488 0.254801 -0.471065 0.844496 -0.22372 -0.486537 0.84453 0.0448012 -0.533675 0.844502 0.153479 -0.513088 0.844503 -0.184222 -0.278989 0.942458 -0.438626 0.307237 0.844519 -0.467889 0.260638 0.844481 0.528577 0.0860284 0.844515 0.516941 0.139842 0.844521 -0.0323308 -0.250216 0.96765 -0.0723131 0.530588 0.84454 -0.278665 0.457291 0.84453 -0.32433 0.426145 0.844518 0.529743 -0.07885 0.844485 0.121564 -0.221063 0.967653 0.340219 0.413459 0.844572 0.295869 0.446323 0.844546 -0.0172521 0.535183 0.84456 -0.179216 0.504614 0.844539 0.535025 -0.0239447 0.844497 0.417607 0.335192 0.844542 0.248468 0.474275 0.844587 0.499796 0.19227 0.844533 0.380932 0.376281 0.844573 0.518848 -0.132945 0.844466 0.534654 0.0311382 0.844497 -0.982526 -0.186126 -8.33167e-06 -0.995622 -0.093472 -4.18416e-06 -0.981608 -0.190909 -8.54578e-06 0.194563 -0.98089 -4.39083e-05 0.289513 -0.957174 -4.28467e-05 0.281534 -0.959551 -4.29531e-05 -0.996038 -0.0889249 -3.98061e-06 -0.999988 0.00487055 2.18024e-07 -0.994664 0.103166 4.61809e-06 -0.999958 0.00913206 4.08785e-07 -0.994248 0.107101 4.79425e-06 -0.979702 0.200461 8.9734e-06 -0.978963 0.204039 9.13354e-06 -0.955245 0.295815 1.32418e-05 -0.921533 0.388301 1.73818e-05 -0.95425 0.299011 1.33849e-05 -0.920346 0.391104 1.75073e-05 -0.87889 0.477025 2.13534e-05 -0.87758 0.479431 2.14611e-05 -0.82773 0.561126 2.51181e-05 -0.76855 0.63979 2.86394e-05 -0.826361 0.56314 2.52082e-05 -0.767185 0.641426 2.87126e-05 -0.701922 0.712254 3.18831e-05 -0.70062 0.713535 3.19405e-05 -0.628492 0.777816 3.48179e-05 -0.548972 0.835841 3.74153e-05 -0.627308 0.778772 3.48607e-05 -0.547954 0.836508 3.74452e-05 -0.464132 0.885766 3.96502e-05 -0.463323 0.886189 3.96691e-05 -0.374795 0.927108 4.15008e-05 -0.281826 0.959466 4.29492e-05 -0.37423 0.927336 4.1511e-05 -0.186126 0.982526 4.39815e-05 -0.281534 0.959551 4.29531e-05 -0.186126 0.982526 4.39815e-05 -0.959551 -0.281534 -1.26025e-05 -0.958082 -0.286496 -1.28246e-05 -0.927336 -0.37423 -1.67519e-05 -0.925271 -0.379306 -1.69792e-05 -0.886189 -0.463323 -2.07401e-05 -0.836508 -0.547954 -2.45285e-05 -0.883495 -0.468441 -2.09692e-05 -0.833157 -0.553037 -2.4756e-05 -0.778772 -0.627308 -2.80806e-05 -0.774746 -0.632273 -2.83029e-05 -0.713535 -0.70062 -3.13624e-05 -0.641426 -0.767185 -3.4342e-05 -0.708827 -0.705383 -3.15755e-05 -0.636039 -0.771657 -3.45422e-05 -0.56314 -0.826361 -3.6991e-05 -0.557088 -0.830454 -3.71742e-05 -0.479431 -0.87758 -3.92837e-05 -0.391104 -0.920346 -4.11981e-05 -0.472739 -0.881203 -3.94459e-05 -0.383808 -0.923413 -4.13354e-05 -0.299011 -0.95425 -4.27158e-05 -0.291158 -0.956675 -4.28243e-05 -0.204039 -0.978963 -4.3822e-05 -0.107101 -0.994248 -4.45062e-05 -0.195687 -0.980666 -4.38983e-05 -0.09832 -0.995155 -4.45468e-05 -0.00913213 -0.999958 -4.47618e-05 1.25589e-07 -1 -4.47637e-05 0.0889249 -0.996038 -4.45864e-05 0.186126 -0.982526 -4.39815e-05 0.0977499 -0.995211 -4.45493e-05 0.463323 -0.886189 -3.96691e-05 0.37423 -0.927336 -4.1511e-05 0.381691 -0.92429 -4.13747e-05 0.70062 -0.713535 -3.19405e-05 0.627308 -0.778772 -3.48607e-05 0.632939 -0.774202 -3.46562e-05 0.547954 -0.836508 -3.74452e-05 0.470212 -0.882554 -3.95064e-05 0.55423 -0.832364 -3.72597e-05 0.826361 -0.56314 -2.52082e-05 0.829974 -0.557802 -2.49693e-05 0.87758 -0.479431 -2.14611e-05 0.705586 -0.708625 -3.17207e-05 0.771475 -0.63626 -2.84814e-05 0.767185 -0.641426 -2.87126e-05 0.955921 -0.293624 -1.31437e-05 0.978963 -0.204039 -9.13354e-06 0.95425 -0.299011 -1.33849e-05 0.922641 -0.38566 -1.72636e-05 0.920346 -0.391104 -1.75073e-05 0.880525 -0.474 -2.1218e-05 0.996038 0.0889251 3.98062e-06 0.999958 -0.00913221 -4.08792e-07 0.999991 -0.00429719 -1.92358e-07 0.994248 -0.107101 -4.79424e-06 0.980045 -0.198777 -8.898e-06 0.994782 -0.102026 -4.56706e-06 0.959551 0.281533 1.26025e-05 0.958409 0.285397 1.27755e-05 0.927336 0.374231 1.6752e-05 0.995622 0.0934718 4.18414e-06 0.981717 0.190346 8.52059e-06 0.982526 0.186126 8.33167e-06 0.834738 0.550647 2.4649e-05 0.778772 0.627308 2.80806e-05 0.836508 0.547954 2.45285e-05 0.884566 0.466415 2.08785e-05 0.886189 0.463323 2.07401e-05 0.925922 0.377715 1.69079e-05 0.56314 0.826361 3.6991e-05 0.641426 0.767185 3.4342e-05 0.639569 0.768733 3.44114e-05 0.713535 0.70062 3.13624e-05 0.776915 0.629606 2.81835e-05 0.71165 0.702534 3.1448e-05 0.47778 0.878479 3.9324e-05 0.479431 0.87758 3.92837e-05 0.561363 0.82757 3.70451e-05 0.389621 0.920975 4.12263e-05 0.391105 0.920346 4.11981e-05 0.299011 0.95425 4.27158e-05 0.29773 0.95465 4.27337e-05 0.202987 0.979181 4.38318e-05 0.204039 0.978963 4.3822e-05 0.1063 0.994334 4.45101e-05 0.107101 0.994248 4.45062e-05 0.00913205 0.999958 4.47618e-05 0.00859515 0.999963 4.47621e-05 -0.0891922 0.996014 4.45853e-05 -0.0889248 0.996038 4.45864e-05 -0.179783 0.949036 0.258862 -0.130689 0.957032 0.258862 -0.0858949 0.962088 0.258862 -0.271941 0.926844 0.258861 -0.228401 0.938522 0.258861 -0.323691 0.910064 0.25886 -0.361479 0.895726 0.258859 -0.447536 0.855982 0.258857 -0.415551 0.871958 0.258858 -0.529283 0.807994 0.258855 -0.503005 0.824609 0.258856 -0.585127 0.768519 0.258853 -0.605933 0.752224 0.258853 -0.676747 0.68921 0.25885 -0.661047 0.704282 0.258851 -0.741044 0.619558 0.258847 -0.729959 0.63258 0.258847 -0.791134 0.554172 0.258844 -0.798204 0.54394 0.258843 -0.847677 0.463083 0.25884 -0.843923 0.469889 0.25884 -0.888986 0.377766 0.258836 -0.887766 0.380626 0.258836 -0.921734 0.288811 0.258832 -0.922198 0.287327 0.258832 -0.946855 0.190983 0.258828 -0.945605 0.197075 0.258828 -0.96037 0.10344 0.258824 -0.961474 0.0926144 0.258823 -0.965886 0.00880939 0.258819 -0.965902 -0.00673625 0.258819 -0.960092 -0.106016 0.258814 -0.962099 -0.0859065 0.258815 -0.949047 -0.179795 0.258811 -0.944104 -0.204171 0.25881 -0.926855 -0.271952 0.258807 -0.918108 -0.300163 0.258806 -0.88238 -0.392973 0.258801 -0.895738 -0.36149 0.258803 -0.855993 -0.447547 0.258799 -0.837298 -0.481617 0.258797 -0.808005 -0.529294 0.258795 -0.783341 -0.565157 0.258794 -0.721081 -0.642705 0.25879 -0.752236 -0.605944 0.258792 -0.689222 -0.676758 0.258789 -0.651177 -0.713441 0.258787 -0.61957 -0.741055 0.258786 -0.57437 -0.776615 0.258784 -0.491474 -0.831556 0.258782 -0.543952 -0.798215 0.258783 -0.463095 -0.847688 0.258781 -0.403369 -0.877682 0.25878 -0.377778 -0.888998 0.258779 -0.310988 -0.914505 0.258778 -0.215311 -0.941635 0.258777 -0.288823 -0.921746 0.258778 -0.197086 -0.945617 0.258777 -0.117351 -0.958782 0.258776 -0.103452 -0.960382 0.258776 -0.0181475 -0.965767 0.258776 0.0812486 -0.962514 0.258776 -0.00882098 -0.965897 0.258776 0.179783 -0.949059 0.258777 0.0858949 -0.962111 0.258776 0.179783 -0.949059 0.258777 -0.0315926 0.965397 0.258862 0.0678394 0.963529 0.258862 0.0088209 0.965874 0.258862 0.166552 0.951447 0.258862 0.103452 0.960358 0.258862 0.197086 0.945594 0.258861 0.263499 0.929279 0.258861 0.357653 0.89726 0.258859 0.288823 0.921723 0.25886 0.448016 0.85573 0.258857 0.377778 0.888975 0.258859 0.463095 0.847665 0.258857 0.533629 0.80513 0.258855 0.613587 0.745994 0.258852 0.543952 0.798192 0.258855 0.68704 0.67895 0.258849 0.61957 0.741032 0.258852 0.689221 0.676735 0.258849 0.75321 0.60471 0.258846 0.808005 0.529271 0.258843 0.752236 0.605921 0.258846 0.811396 0.524059 0.258842 0.855993 0.447524 0.258839 0.895738 0.361467 0.258835 0.860981 0.437853 0.258839 0.901439 0.347005 0.258835 0.926856 0.271929 0.258831 0.932342 0.252479 0.25883 0.949047 0.179772 0.258827 0.962099 0.0858834 0.258823 0.953362 0.155276 0.258826 0.964276 0.0564278 0.258822 0.965886 -0.00883264 0.258819 0.964968 -0.0430191 0.258817 0.96037 -0.103463 0.258814 0.945605 -0.197098 0.25881 0.955431 -0.14201 0.258813 0.935767 -0.239496 0.258808 0.921734 -0.288834 0.258806 0.906183 -0.334444 0.258804 0.888986 -0.377789 0.258802 0.847677 -0.463106 0.258798 0.866994 -0.425845 0.2588 0.818614 -0.512733 0.258796 0.798204 -0.543963 0.258795 0.761556 -0.594187 0.258792 0.741044 -0.619582 0.258791 0.676747 -0.689233 0.258788 0.696427 -0.669342 0.258789 0.623914 -0.737401 0.258786 0.605932 -0.752247 0.258785 0.544788 -0.797645 0.258783 0.529283 -0.808017 0.258783 0.447536 -0.856005 0.258781 0.459887 -0.849433 0.258781 0.370112 -0.892217 0.258779 0.361479 -0.895749 0.258779 0.276412 -0.925543 0.258778 0.271941 -0.926867 0.258778 0.289865 -0.344886 0.892766 0.386024 -0.371293 0.844468 0.422207 -0.329561 0.844471 0.0939821 -0.0642296 0.9935 0.0639539 0.0942756 0.99349 -0.0940475 0.0643445 0.993486 0.399763 -0.00630038 0.916597 0.24993 -0.0346864 0.967642 0.419392 -0.164641 0.892751 0.480696 -0.236272 0.844457 0.502419 -0.185479 0.844496 0.000202057 -0.39976 0.91662 0.0996771 -0.526217 0.844488 0.145982 -0.372144 0.916623 0.453846 -0.284402 0.844476 -0.0651671 -0.531579 0.844498 -0.143681 -0.427015 0.892756 0.273456 -0.192288 0.942469 0.345907 -0.408881 0.844491 0.36973 0.152204 0.916588 0.219899 0.123818 0.967633 -0.146037 0.37225 0.916571 -0.289907 0.344998 0.89271 -0.121625 0.221176 0.96762 0.477359 0.242682 0.844532 0.449875 0.290397 0.84456 -0.000270545 0.399864 0.916574 -0.126414 0.520339 0.844551 -0.273509 0.192405 0.94243 -0.249992 0.0348041 0.967622 0.0925077 0.527406 0.844562 0.037629 0.53417 0.844539 0.1436 0.427119 0.89272 0.184146 0.279101 0.94244 0.146201 0.515092 0.844574 0.198345 0.497385 0.844552 0.0322617 0.250327 0.967624 -0.369801 -0.152083 0.916579 -0.21997 -0.123702 0.967632 -0.399821 0.00642343 0.916571 -0.0640223 -0.0941613 0.993496 -0.230383 0.483412 0.844533 0.330074 0.306747 0.892725 -0.366417 0.390547 0.844519 -0.404651 0.350838 0.844494 -0.523451 -0.113178 0.844505 -0.532323 -0.0587269 0.844502 -0.524998 0.10598 0.84448 -0.419436 0.164763 0.892708 -0.511308 0.159349 0.844495 -0.535559 -0.00365182 0.84449 -0.533076 0.0513426 0.844508 -0.492216 0.211089 0.844491 0.301882 -0.442403 0.84448 -0.489221 -0.217871 0.844509 -0.509046 -0.166334 0.844515 -0.330157 -0.306632 0.892734 -0.434318 -0.313271 0.844529 -0.399793 -0.356326 0.84451 -0.464236 -0.266943 0.844527 -0.318466 -0.430556 0.844512 -0.361057 -0.395448 0.844546 -0.172438 -0.507039 0.844498 -0.11954 -0.521997 0.844529 -0.272535 -0.460954 0.844539 -0.0102459 -0.535437 0.844513 0.205065 -0.494761 0.844488 0.254801 -0.471065 0.844496 -0.22372 -0.486537 0.84453 0.0448012 -0.533675 0.844502 0.153479 -0.513088 0.844503 -0.184222 -0.278989 0.942458 -0.438626 0.307237 0.844519 -0.467889 0.260638 0.844481 0.528577 0.0860284 0.844515 0.516941 0.139842 0.844521 -0.0323308 -0.250216 0.96765 -0.0723131 0.530588 0.84454 -0.278665 0.457291 0.84453 -0.32433 0.426145 0.844518 0.529743 -0.07885 0.844485 0.121564 -0.221063 0.967653 0.340219 0.413459 0.844572 0.295869 0.446323 0.844546 -0.0172521 0.535183 0.84456 -0.179216 0.504614 0.844539 0.535025 -0.0239447 0.844497 0.417607 0.335192 0.844542 0.248468 0.474275 0.844587 0.499796 0.19227 0.844533 0.380932 0.376281 0.844573 0.518848 -0.132945 0.844466 0.534654 0.0311382 0.844497</float_array>
          <technique_common>
            <accessor count="9323" source="#ID7" stride="3">
              <param name="X" type="float"/>
              <param name="Y" type="float"/>
              <param name="Z" type="float"/>
            </accessor>
          </technique_common>
        </source>
        <vertices id="ID8">
          <input semantic="POSITION" source="#ID4"/>
          <input semantic="NORMAL" source="#ID6"/>
        </vertices>
        <triangles count="5923" material="ID9">
          <input offset="0" semantic="VERTEX" source="#ID8"/>
          <p>98 99 100 101 102 103 104 105 101 103 106 107 104 108 109 110 111 112 113 114 115 116 117 118 119 111 120 121 122 123 107 124 120 125 126 122 127 128 129 130 131 132 133 134 135 136 137 99 138 139 140 141 142 143 144 145 146 147 148 149 145 150 151 152 153 154 155 147 149 156 157 158 159 143 160 161 162 163 164 165 166 167 168 169 170 171 172 173 174 175 176 168 167 177 178 179 180 181 157 182 183 184 185 186 187 188 189 190 173 191 192 193 194 195 196 197 189 198 199 200 201 202 203 204 205 206 207 208 209 210 211 212 213 214 215 216 217 218 219 220 221 222 223 219 224 225 226 227 216 228 207 209 229 230 231 232 233 234 235 236 237 238 239 240 241 242 243 244 245 246 232 198 247 202 248 215 229 249 250 251 252 253 254 255 256 210 257 242 244 258 253 259 260 234 240 243 261 250 239 241 231 262 233 235 220 224 221 262 263 257 254 249 251 246 245 226 264 265 266 265 222 266 213 259 214 267 264 268 269 270 217 228 268 227 208 271 272 237 270 269 238 273 274 271 256 255 273 275 274 201 203 211 206 276 275 277 278 279 204 279 205 199 280 200 281 282 277 283 197 196 280 283 284 285 286 195 193 282 281 287 190 288 285 289 286 128 127 121 183 182 289 290 291 292 288 290 287 187 186 291 178 182 184 293 294 185 179 178 184 293 175 174 178 177 295 296 167 295 296 295 177 191 297 298 176 167 296 299 300 301 298 297 300 301 161 163 302 169 168 162 166 303 169 302 304 305 306 304 305 304 302 307 152 308 164 156 165 307 153 152 309 181 180 152 154 155 310 311 309 312 171 313 172 310 170 314 312 315 147 155 154 314 315 160 316 149 148 317 316 318 316 317 149 142 141 146 319 320 318 132 151 150 320 321 322 323 324 325 324 137 326 327 140 328 138 131 139 329 323 330 126 125 327 331 332 135 333 329 334 335 336 337 338 116 129 337 339 340 332 341 342 115 343 344 345 335 346 347 343 348 308 304 306 306 307 308 349 289 285 289 349 183 286 193 195 194 193 281 282 278 277 278 205 279 205 276 206 276 274 275 274 236 238 236 270 237 270 218 217 218 228 216 228 267 268 267 265 264 265 223 222 223 220 219 220 225 224 225 246 226 246 230 232 230 239 231 239 260 240 260 235 234 235 263 262 263 242 257 242 261 243 261 251 250 251 252 254 252 259 253 258 259 213 214 229 215 248 229 209 207 271 208 272 271 255 256 211 210 212 211 203 201 198 202 247 198 200 199 283 280 284 283 196 197 190 189 188 190 287 288 291 290 292 291 186 187 293 185 294 293 174 175 191 173 192 191 298 297 301 300 299 301 163 161 166 162 303 166 165 164 157 156 158 157 181 180 310 309 311 310 172 170 313 171 313 315 312 315 159 160 159 141 143 141 144 146 144 150 145 150 130 132 130 139 131 139 328 140 328 126 327 126 123 122 123 128 121 128 338 129 338 117 116 118 117 112 111 110 120 112 117 110 124 119 120 106 124 107 350 106 103 101 105 102 103 102 350 104 109 105 104 114 108 113 115 344 108 114 113 343 115 348 347 348 345 336 335 345 346 347 345 339 337 336 339 341 340 342 135 332 339 342 341 331 135 134 134 133 333 330 334 329 333 133 329 325 330 323 351 325 324 137 136 326 324 326 351 99 98 136 99 322 100 321 320 319 100 322 321 318 320 317 352 353 354 355 356 357 358 355 359 360 359 361 357 362 363 364 361 365 366 367 363 367 368 369 370 365 371 371 372 373 369 374 375 376 375 377 378 379 372 380 381 376 382 372 383 384 385 372 386 353 381 387 388 389 352 354 388 390 391 392 393 389 392 394 395 396 391 397 396 398 399 400 400 395 401 402 399 403 404 405 406 407 405 402 408 409 410 408 411 412 412 409 408 413 411 414 411 413 412 415 416 414 413 414 416 415 417 418 418 416 415 419 420 418 421 372 422 423 424 418 423 418 420 425 426 418 425 418 424 417 427 418 419 418 427 410 404 406 409 404 410 406 405 407 407 402 403 403 399 398 398 400 401 401 395 394 394 396 397 397 391 390 392 391 393 389 393 387 388 387 352 354 353 386 386 381 380 380 376 377 377 375 374 374 369 368 368 367 366 366 363 362 362 357 356 356 355 358 358 359 360 360 361 364 364 365 370 370 371 373 373 372 379 382 378 372 372 385 383 384 372 421 428 422 372 429 430 431 432 433 429 434 435 436 437 438 439 440 441 429 429 441 432 442 443 429 429 443 440 431 444 429 429 444 442 430 429 445 446 447 448 449 450 451 452 453 454 455 456 457 458 459 460 453 461 462 463 464 436 465 459 466 467 468 469 437 467 470 471 472 473 474 468 471 475 476 477 478 472 475 479 480 481 482 476 479 483 480 484 484 485 486 487 488 489 490 489 488 491 487 492 487 491 488 492 493 494 494 491 492 495 496 493 494 493 496 471 497 474 495 498 496 499 495 500 501 495 502 501 500 495 503 495 504 503 502 495 498 495 505 499 505 495 490 486 485 489 490 485 486 483 484 483 481 480 481 482 479 482 477 476 477 478 475 478 473 472 473 497 471 474 469 468 469 470 467 470 438 437 438 435 439 436 464 434 435 434 439 463 466 464 460 459 465 465 466 463 462 458 460 452 461 453 461 458 462 456 452 454 455 457 446 456 454 457 448 447 449 455 446 448 450 445 451 447 450 449 429 451 445 506 507 508 509 510 511 512 513 514 515 516 517 518 519 520 521 522 523 524 525 526 527 528 529 530 531 532 519 511 533 534 535 536 537 538 527 539 540 541 542 543 544 545 546 547 540 548 549 550 551 552 553 554 555 556 557 558 559 560 561 562 563 564 527 538 528 565 556 558 566 567 568 514 569 512 570 571 572 573 574 575 576 539 541 571 577 578 560 579 547 580 581 582 583 534 584 585 586 587 588 589 572 514 513 590 591 592 565 593 594 587 595 596 597 598 599 600 601 586 602 603 604 605 596 601 606 607 608 600 609 610 581 593 610 611 612 613 614 615 616 617 618 619 620 613 616 621 569 622 623 622 619 624 625 582 626 573 627 590 628 629 630 592 575 574 631 632 633 630 631 634 604 635 636 564 637 557 638 639 559 640 563 562 551 641 552 642 641 640 547 579 545 643 550 644 546 545 645 646 643 647 648 649 549 649 648 647 650 536 645 650 645 545 651 652 576 534 536 650 653 584 538 535 534 583 538 537 653 654 655 567 656 657 532 656 654 657 529 528 553 531 658 659 660 661 662 658 660 659 510 509 662 529 553 555 554 663 664 554 553 663 664 543 542 664 663 543 665 542 544 522 518 520 666 667 668 668 667 521 669 544 670 544 669 665 671 672 673 666 674 671 675 526 676 517 673 672 516 507 677 676 678 675 679 680 681 680 682 678 683 684 685 506 508 683 686 687 688 681 686 679 687 689 690 691 684 692 693 690 689 691 692 694 695 696 697 695 694 698 699 693 700 701 697 696 702 703 704 702 704 699 705 706 703 707 708 706 709 710 701 711 712 713 713 712 710 714 715 716 711 717 718 719 720 721 722 723 724 725 726 727 728 720 729 730 731 724 732 733 734 735 736 737 738 739 731 740 741 742 743 744 745 746 743 747 742 741 747 744 748 749 740 750 751 738 750 739 748 735 749 752 753 734 725 727 732 754 715 714 736 753 752 754 755 726 722 728 723 756 757 716 719 721 718 708 707 756 653 583 584 566 568 651 670 526 525 670 525 669 524 526 675 676 680 678 682 680 679 681 687 686 688 687 690 689 700 693 700 702 699 702 705 703 705 707 706 707 757 756 757 714 716 714 755 754 755 727 726 727 733 732 733 752 734 752 737 736 737 749 735 749 745 744 745 747 743 746 747 741 742 750 740 751 750 738 739 724 731 730 724 723 722 720 728 729 720 719 721 711 718 717 711 713 712 701 710 709 701 696 697 694 695 698 694 692 691 685 684 685 506 683 506 677 507 677 517 516 515 517 672 673 666 671 674 666 668 667 522 521 523 522 520 518 511 519 533 511 510 509 660 662 661 660 658 659 532 531 530 532 657 656 655 654 655 568 567 568 652 651 652 539 576 539 548 540 548 648 549 648 646 647 646 550 643 644 550 552 551 640 641 642 640 562 563 637 564 637 558 557 558 591 565 591 575 592 575 627 573 627 514 590 569 623 512 622 624 623 622 620 619 620 589 618 572 589 570 618 589 588 571 570 577 614 578 577 616 613 612 612 614 577 616 615 621 617 595 615 597 596 606 617 596 595 606 601 602 602 586 758 594 585 587 585 758 586 611 594 593 759 611 610 581 580 609 610 609 759 582 625 580 582 608 626 607 600 599 626 608 607 598 600 629 634 628 630 628 598 629 632 631 630 603 633 632 603 635 604 603 605 633 635 639 636 638 559 561 636 639 638 560 559 579 990 991 992 993 994 995 996 997 998 999 1000 1001 1002 1003 1004 1005 1006 1007 1008 1009 1010 1011 1012 1013 1014 1015 1003 1016 1017 1018 1018 1017 1019 1020 1021 1022 1023 1024 1025 1026 1027 1028 1029 1030 1031 1008 1032 1033 1026 1028 1034 1035 1036 1037 1024 1038 1029 1027 1039 1028 1040 1041 1042 1043 1044 1045 1014 1046 1015 1047 1048 1031 1049 1050 1051 1026 1046 1014 1031 1030 1047 1052 1053 1018 1054 1055 1025 1056 1035 1057 1048 995 1031 1055 1054 1058 995 1048 993 993 1039 994 1039 1027 994 1046 1026 1034 1059 1054 1037 1060 1057 1043 1061 1056 1057 1003 1015 1004 1062 1044 1019 1063 1064 1052 1002 1004 1042 1063 1049 1065 1041 1002 1042 1051 1066 1049 1067 1041 1040 1010 1068 1069 1070 1071 1050 1072 1073 1005 1073 1074 1070 1075 1076 996 1077 1069 1078 1079 1013 1080 1081 1082 1083 1083 1084 1085 1021 1020 1080 991 1086 1021 1087 1085 1088 1089 1090 992 1001 1091 1092 1093 1094 1095 1095 1096 1097 1098 1099 1100 1089 1101 1102 1101 1103 1104 1105 1102 1101 1103 1106 1107 1108 1109 1110 1111 1112 1113 1114 1110 1115 1116 1117 1118 1119 1120 1106 1121 1122 1123 1121 1119 1122 1124 1125 1116 1118 1126 1116 1127 1128 1125 1122 1129 1130 1131 1129 1132 1133 1134 1128 1135 1132 1136 1134 1137 1138 1136 1139 1140 1139 1141 1140 1137 1142 1138 1139 1143 1144 1145 1138 1146 1147 1148 1149 1147 1150 1143 1151 1152 1153 1145 1154 1151 1155 1153 1156 1157 1148 1158 1159 1158 1160 1161 1155 1156 1162 1163 1164 1165 1166 1155 1167 1168 1169 1170 1171 1172 1173 1174 1175 1163 1176 1177 1178 1179 1173 1180 1181 1182 1183 1184 1185 1173 1186 1174 1187 1188 1189 1190 1191 1192 1193 1191 1194 1189 1195 1196 1197 1198 1199 1197 1200 1194 1201 1202 1184 1203 1204 1205 1201 1204 1206 1190 1205 1191 1189 1196 1198 1207 1185 1184 1208 1168 1182 1175 1209 1187 1210 1169 1168 1180 1183 1211 1212 1213 1167 1214 1215 1213 1216 1177 1217 1216 1218 1178 1219 1215 1220 1176 1163 1221 1160 1171 1222 1219 1170 1172 1223 1157 1158 1166 1224 1164 1012 1006 1005 1225 1226 1227 1113 1117 1111 1029 1038 1030 1024 1023 1038 1025 1055 1023 1054 1059 1058 1037 1036 1059 1035 1056 1036 1057 1060 1061 1043 1045 1060 1044 1062 1045 1019 1017 1062 1018 1053 1016 1052 1064 1053 1063 1065 1064 1049 1066 1065 1050 1071 1051 1070 1074 1071 1073 1072 1074 1005 1007 1072 1012 1011 1006 1013 1079 1011 1080 1020 1079 1021 1086 1022 991 990 1086 992 1090 990 1089 1102 1090 1101 1104 1105 1103 1107 1104 1106 1120 1107 1119 1121 1120 1122 1130 1123 1129 1131 1130 1132 1135 1131 1136 1140 1135 1139 1144 1141 1143 1150 1144 1147 1149 1150 1148 1157 1149 1158 1159 1223 1160 1222 1159 1171 1170 1222 1215 1219 1172 1215 1214 1220 1213 1212 1214 1167 1169 1212 1168 1208 1210 1182 1181 1208 1180 1211 1181 1183 1185 1211 1184 1202 1207 1201 1206 1202 1204 1203 1206 1205 1190 1203 1191 1193 1192 1194 1200 1193 1197 1199 1200 1198 1196 1199 1189 1188 1195 1187 1209 1188 1175 1174 1209 1173 1179 1186 1178 1218 1179 1216 1217 1218 1177 1176 1217 1163 1162 1221 1164 1224 1162 1166 1165 1224 1155 1161 1165 1153 1152 1156 1151 1154 1152 1145 1146 1154 1138 1142 1146 1134 1133 1137 1128 1127 1133 1125 1124 1127 1116 1126 1124 1117 1113 1118 1114 1112 1111 1110 1109 1115 1114 1115 1112 1110 1098 1108 1100 1099 1093 1108 1098 1100 1095 1094 1096 1093 1099 1094 1091 1097 1096 999 1001 1092 1092 1091 1096 1087 1000 999 1085 1228 1088 1087 1088 1000 1084 1083 1082 1228 1085 1084 1082 1081 997 996 998 1075 997 1081 998 1226 1076 1075 1077 1225 1227 1227 1226 1075 1069 1068 1078 1077 1078 1225 1010 1229 1068 1009 1008 1033 1229 1010 1009 1033 1032 1067 1041 1067 1032 1410 1411 1412 1413 1414 1415 1413 1415 1416 1417 1418 1419 1413 1420 1414 1421 1422 1423 1424 1419 1425 1426 1427 1428 1429 1430 1431 1432 1433 1434 1435 1436 1426 1437 1438 1439 1440 1441 1442 1443 1444 1445 1438 1446 1447 1448 1449 1450 1451 1452 1453 1454 1455 1456 1457 1458 1450 1459 1460 1461 1462 1463 1464 1465 1466 1459 1467 1468 1469 1470 1471 1466 1454 1472 1473 1474 1460 1468 1471 1475 1476 1477 1478 1476 1479 1462 1469 1480 1464 1481 1478 1482 1472 1483 1484 1485 1484 1480 1486 1483 1487 1488 1457 1456 1489 1490 1491 1449 1488 1492 1451 1443 1453 1493 1494 1495 1491 1447 1496 1497 1496 1495 1497 1498 1499 1500 1500 1445 1501 1502 1503 1439 1442 1499 1504 1441 1505 1432 1506 1507 1502 1508 1435 1509 1506 1508 1510 1511 1512 1434 1512 1511 1431 1513 1514 1428 1430 1512 1431 1429 1515 1430 1516 1422 1514 1517 1515 1429 1517 1518 1515 1425 1421 1519 1520 1413 1518 1518 1517 1520 1521 1522 1523 1524 1418 1525 1526 1527 1528 1529 1527 1522 1526 1530 1531 1416 1532 1413 1533 1531 1534 1413 1532 1535 1536 1410 1533 1537 1413 1535 1537 1538 1413 1539 1540 1541 1412 1542 1541 1543 1544 1545 1546 1544 1540 1547 1548 1549 1543 1549 1548 1550 1551 1552 1551 1553 1547 1554 1555 1556 1557 1552 1554 1558 1559 1560 1555 1560 1561 1562 1563 1564 1565 1558 1562 1566 1567 1568 1563 1566 1569 1566 1570 1571 1566 1572 1573 1524 1574 1523 1520 1420 1413 1511 1434 1433 1433 1432 1505 1505 1441 1440 1440 1442 1504 1504 1499 1498 1498 1500 1501 1501 1445 1444 1444 1443 1493 1493 1453 1452 1452 1451 1492 1492 1488 1487 1487 1483 1485 1485 1484 1486 1486 1480 1481 1481 1464 1463 1463 1462 1479 1469 1462 1467 1468 1467 1474 1460 1474 1461 1459 1461 1465 1466 1465 1470 1471 1470 1475 1476 1475 1477 1478 1477 1482 1472 1482 1473 1454 1473 1455 1456 1455 1489 1457 1489 1458 1450 1458 1448 1449 1448 1490 1491 1490 1494 1495 1494 1497 1496 1447 1446 1446 1438 1437 1437 1439 1503 1503 1502 1507 1507 1506 1510 1510 1508 1509 1435 1508 1436 1426 1436 1427 1428 1427 1513 1514 1513 1516 1422 1516 1423 1421 1423 1519 1425 1519 1424 1419 1424 1417 1418 1417 1525 1524 1525 1574 1523 1574 1521 1522 1521 1529 1527 1529 1528 1526 1528 1530 1531 1530 1534 1533 1534 1536 1410 1536 1411 1412 1411 1542 1541 1542 1539 1540 1539 1546 1544 1546 1545 1543 1545 1549 1548 1547 1553 1553 1551 1550 1550 1552 1557 1557 1554 1556 1556 1555 1561 1561 1560 1559 1559 1558 1565 1565 1562 1564 1564 1563 1569 1569 1566 1568 1573 1567 1566 1566 1571 1572 1570 1566 1575 1576 1577 1566 1575 1566 1577 1578 1579 1580 1581 1582 1583 1584 1585 1586 1580 1587 1588 1589 1590 1591 1592 1593 1594 1595 1596 1597 1598 1599 1600 1601 1602 1603 1604 1605 1606 1607 1608 1609 1610 1611 1612 1613 1614 1615 1616 1617 1618 1619 1620 1621 1598 1622 1623 1624 1594 1625 1591 1626 1627 1599 1628 1600 1629 1630 1631 1632 1633 1634 1603 1635 1636 1606 1605 1637 1638 1615 1614 1589 1639 1590 1640 1641 1642 1643 1613 1644 1645 1646 1640 1647 1584 1648 1649 1622 1650 1651 1652 1653 1654 1655 1638 1649 1650 1651 1656 1657 1658 1642 1641 1657 1645 1620 1619 1621 1659 1660 1661 1662 1643 1659 1662 1661 1663 1630 1629 1663 1664 1655 1665 1666 1652 1665 1656 1666 1667 1668 1631 1667 1636 1635 1612 1601 1610 1669 1670 1611 1671 1669 1672 1673 1618 1628 1671 1672 1674 1617 1616 1626 1675 1676 1677 1676 1678 1674 1679 1637 1639 1675 1677 1680 1592 1634 1633 1632 1681 1680 1682 1683 1604 1684 1624 1625 1648 1683 1647 1685 1686 1608 1687 1686 1684 1688 1587 1689 1586 1688 1689 1607 1609 1690 1607 1685 1608 1691 1579 1578 1690 1692 1607 1693 1581 1583 1694 1693 1691 1692 1695 1595 1690 1695 1692 1596 1595 1696 1595 1695 1696 1697 1698 1699 1582 1700 1699 1701 1702 1703 1702 1698 1697 1597 1704 1705 1704 1597 1596 1701 1706 1707 1704 1708 1705 1709 1710 1711 1707 1706 1711 1712 1710 1713 1708 1714 1705 1714 1715 1716 1716 1705 1714 1712 1713 1717 1715 1718 1716 1719 1720 1721 1718 1715 1722 1723 1724 1719 1722 1725 1718 1726 1727 1725 1726 1725 1722 1724 1728 1729 1725 1727 1730 1730 1727 1731 1728 1732 1729 1733 1734 1735 1735 1732 1736 1733 1737 1734 1731 1738 1730 1739 1740 1738 1731 1739 1738 1741 1740 1742 1740 1741 1738 1743 1744 1742 1745 1746 1744 1747 1746 1748 1749 1750 1751 1752 1753 1754 1755 1756 1757 1758 1759 1757 1760 1761 1762 1763 1764 1765 1766 1767 1768 1767 1769 1770 1771 1772 1773 1774 1775 1776 1777 1778 1779 1780 1777 1781 1782 1783 1784 1785 1786 1787 1788 1789 1783 1790 1791 1792 1793 1782 1794 1775 1795 1773 1796 1797 1798 1799 1761 1772 1787 1792 1800 1760 1801 1802 1796 1803 1804 1781 1805 1806 1765 1807 1763 1764 1808 1804 1807 1809 1810 1811 1766 1812 1813 1814 1815 1754 1816 1815 1751 1756 1817 1809 1814 1813 1752 1818 1753 1758 1747 1819 1820 1821 1822 1818 1822 1823 1824 1825 1826 1821 1820 1824 1825 1737 1827 1721 1720 1828 1828 1717 1829 1803 1796 1798 1685 1684 1686 1687 1684 1625 1624 1592 1594 1593 1592 1633 1634 1681 1632 1681 1675 1680 1675 1678 1676 1678 1671 1674 1671 1670 1669 1670 1612 1611 1612 1602 1601 1602 1635 1603 1635 1668 1667 1668 1629 1631 1629 1664 1663 1664 1638 1655 1654 1638 1614 1615 1644 1613 1644 1661 1643 1661 1660 1659 1660 1619 1621 1619 1646 1645 1646 1641 1640 1641 1658 1657 1658 1666 1656 1666 1653 1652 1653 1649 1651 1649 1623 1622 1623 1599 1598 1599 1673 1628 1673 1616 1618 1616 1627 1626 1627 1589 1591 1589 1679 1639 1679 1606 1637 1606 1682 1604 1682 1647 1683 1647 1585 1584 1585 1688 1586 1688 1588 1587 1588 1578 1580 1578 1694 1691 1694 1581 1693 1581 1700 1582 1700 1697 1699 1697 1703 1702 1703 1706 1701 1706 1709 1711 1709 1713 1710 1713 1829 1717 1829 1721 1828 1721 1723 1719 1723 1728 1724 1728 1736 1732 1736 1733 1735 1733 1827 1737 1827 1826 1825 1826 1821 1824 1821 1823 1822 1823 1753 1818 1753 1816 1754 1816 1813 1815 1813 1810 1809 1810 1763 1807 1763 1808 1764 1808 1796 1804 1797 1802 1798 1801 1760 1762 1797 1760 1802 1762 1761 1799 1799 1772 1830 1795 1771 1773 1771 1830 1772 1774 1795 1775 1793 1776 1775 1782 1784 1794 1793 1794 1776 1782 1788 1783 1788 1791 1789 1792 1791 1800 1789 1791 1790 1787 1800 1785 1778 1786 1785 1781 1777 1779 1779 1778 1785 1781 1806 1780 1805 1811 1806 1812 1766 1768 1805 1766 1811 1768 1767 1770 1770 1769 1750 1817 1749 1751 1750 1769 1751 1755 1817 1756 1831 1755 1757 1758 1819 1759 1757 1759 1831 1747 1832 1819 1748 1746 1745 1832 1747 1748 1745 1744 1743 1742 1744 1741 1931 1932 1933 1934 1935 1936 1934 1937 1935 1938 1939 1940 1934 1936 1941 1942 1943 1944 1945 1946 1939 1947 1948 1949 1950 1951 1952 1953 1954 1955 1956 1947 1957 1958 1959 1960 1961 1962 1963 1964 1965 1966 1960 1967 1968 1969 1970 1971 1972 1973 1974 1975 1976 1977 1978 1970 1979 1980 1981 1982 1983 1984 1985 1986 1980 1987 1988 1989 1990 1991 1987 1992 1975 1993 1994 1995 1990 1982 1992 1996 1997 1998 1996 1999 2000 1989 1983 2001 2002 1984 1999 1994 2003 2004 2005 2006 2006 2007 2001 2004 2008 2009 1978 2010 1976 2011 1971 2012 2008 1972 2013 1964 2014 1973 2015 2012 2016 1967 2017 2018 2018 2017 2016 2019 2020 2021 2020 2022 1965 2023 1959 2024 1962 2025 2021 1963 1953 2026 2027 2023 2028 2029 2030 1956 2027 2031 2029 2032 1954 2033 2033 1951 2032 2034 1948 2035 1952 1951 2033 1950 1952 2036 2037 2035 1944 2038 1950 2036 2038 2036 2039 1946 2040 1942 2041 2039 1934 2039 2041 2038 2042 2043 2044 2045 2046 1940 2047 2048 2049 2050 2044 2049 2047 2051 2052 1937 1934 2053 2054 2055 2051 1934 2056 2053 2057 2054 1931 2058 2056 1934 2058 1934 2059 2060 2061 2062 1932 2061 2063 2064 2065 2066 2067 2062 2066 2068 2069 2070 2064 2070 2069 2071 2072 2073 2073 2068 2074 2075 2076 2077 2078 2075 2072 2079 2080 2081 2077 2082 2080 2083 2084 2085 2086 2083 2079 2087 2088 2089 2085 2090 2087 2087 2091 2092 2087 2093 2094 2045 2043 2095 2041 1934 1941 2032 1955 1954 1955 2026 1953 2026 1961 1963 1961 2025 1962 2025 2019 2021 2019 2022 2020 2022 1966 1965 1966 2014 1964 2014 1974 1973 1974 2013 1972 2013 2009 2008 2009 2005 2004 2005 2007 2006 2007 2002 2001 2002 1985 1984 1985 2000 1983 1989 1988 1983 1990 1995 1988 1982 1981 1995 1980 1986 1981 1987 1991 1986 1992 1997 1991 1996 1998 1997 1999 2003 1998 1994 1993 2003 1975 1977 1993 1976 2010 1977 1978 1979 2010 1970 1969 1979 1971 2011 1969 2012 2015 2011 2016 2017 2015 2018 1968 1967 1968 1958 1960 1958 2024 1959 2024 2028 2023 2028 2031 2027 2031 2030 2029 1956 1957 2029 1947 1949 1957 1948 2034 1949 2035 2037 2034 1944 1943 2037 1942 2040 1943 1946 1945 2040 1939 1938 1945 1940 2046 1938 2045 2095 2046 2043 2042 2095 2044 2050 2042 2049 2048 2050 2047 2052 2048 2051 2055 2052 2054 2057 2055 1931 1933 2057 1932 2063 1933 2061 2060 2063 2062 2067 2060 2066 2065 2067 2064 2069 2065 2070 2074 2068 2074 2071 2073 2071 2078 2072 2078 2076 2075 2076 2082 2077 2082 2081 2080 2081 2086 2079 2086 2084 2083 2084 2090 2085 2090 2088 2087 2093 2087 2089 2087 2094 2091 2092 2096 2087 2097 2087 2098 2096 2098 2087 2099 2100 2101 2102 2103 2104 2105 2106 2107 2100 2108 2109 2110 2111 2112 2113 2102 2114 2115 2116 2117 2118 2119 2120 2121 2122 2123 2111 2124 2125 2126 2127 2128 2122 2121 2129 2130 2131 2132 2103 2133 2104 2134 2135 2136 2137 2131 2138 2139 2140 2141 2119 2142 2120 2143 2144 2145 2146 2139 2147 2148 2149 2150 2129 2151 2152 2153 2154 2155 2156 2157 2158 2159 2160 2161 2162 2163 2164 2165 2166 2167 2158 2130 2132 2168 2169 2170 2171 2172 2173 2174 2171 2175 2128 2152 2176 2177 2161 2178 2179 2180 2181 2174 2182 2183 2184 2126 2185 2153 2169 2186 2187 2188 2189 2190 2191 2192 2193 2194 2195 2196 2197 2198 2199 2200 2201 2202 2203 2204 2205 2206 2207 2199 2208 2203 2209 2210 2211 2212 2213 2206 2214 2194 2205 2215 2211 2193 2181 2216 2163 2217 2218 2177 2165 2167 2149 2219 2166 2220 2221 2143 2222 2222 2150 2221 2223 2196 2146 2187 2198 2224 2225 2226 2227 2228 2229 2227 2134 2230 2225 2144 2229 2228 2231 2136 2135 2190 2140 2191 2232 2233 2234 2232 2235 2231 2236 2190 2192 2234 2233 2137 2236 2192 2184 2127 2126 2184 2236 2184 2185 2237 2156 2238 2127 2152 2128 2239 2240 2241 2238 2242 2237 2121 2151 2129 2239 2243 2240 2123 2122 2244 2245 2243 2118 2122 2246 2244 2247 2142 2248 2110 2246 2111 2246 2110 2244 2249 2250 2251 2250 2249 2247 2125 2112 2111 2133 2251 2252 2113 2253 2254 2116 2125 2124 2255 2254 2253 2116 2124 2117 2117 2256 2257 2115 2117 2257 2108 2105 2107 2258 2106 2255 2259 2260 2261 2219 2173 2172 2262 2263 2264 2262 2261 2263 2265 2266 2264 2267 2101 2268 2269 2270 2271 2269 2267 2268 2272 2273 2274 2266 2273 2272 2270 2275 2276 2277 2278 2274 2279 2280 2278 2276 2275 2281 2282 2283 2284 2284 2285 2281 2286 2287 2288 2280 2279 2287 2289 2290 2291 2283 2282 2290 2286 2292 2293 2294 2291 2295 2296 2297 2298 2298 2293 2292 2299 2294 2295 2300 2299 2301 2302 2297 2303 2304 2305 2306 2306 2305 2301 2307 2308 2309 2310 2311 2304 2312 2313 2314 2312 2315 2316 2317 2318 2319 2310 2314 2313 2320 2321 2322 2321 2323 2324 2325 2326 2327 2328 2329 2320 2330 2331 2332 2332 2331 2333 2327 2334 2333 2330 2335 2336 2326 2325 2337 2338 2337 2339 2324 2323 2336 2318 2340 2339 2317 2319 2341 2342 2341 2343 2329 2328 2315 2344 2345 2343 2309 2346 2347 2347 2345 2344 2348 2349 2350 2308 2307 2349 2302 2303 2350 2152 2151 2176 2241 2351 2242 2256 2261 2260 2256 2260 2257 2259 2261 2262 2263 2265 2264 2265 2273 2266 2273 2277 2274 2277 2279 2278 2279 2288 2287 2288 2292 2286 2292 2296 2298 2296 2303 2297 2303 2348 2350 2348 2308 2349 2308 2346 2309 2346 2345 2347 2345 2342 2343 2342 2317 2341 2317 2340 2318 2340 2338 2339 2338 2326 2337 2326 2334 2327 2334 2332 2333 2332 2335 2330 2335 2324 2336 2324 2322 2321 2322 2328 2320 2328 2316 2315 2316 2313 2312 2313 2311 2310 2311 2305 2304 2305 2300 2301 2300 2294 2299 2294 2289 2291 2289 2283 2290 2283 2285 2284 2285 2276 2281 2276 2271 2270 2271 2267 2269 2267 2099 2101 2099 2108 2100 2109 2108 2107 2105 2255 2106 2258 2255 2253 2254 2102 2113 2114 2102 2104 2103 2251 2133 2252 2251 2250 2249 2142 2247 2248 2142 2119 2120 2245 2118 2245 2240 2243 2240 2351 2241 2351 2237 2242 2237 2157 2156 2157 2130 2158 2130 2138 2131 2138 2234 2137 2234 2235 2232 2235 2136 2231 2136 2230 2134 2230 2226 2225 2226 2228 2227 2228 2145 2144 2145 2222 2143 2222 2148 2150 2148 2165 2149 2165 2220 2166 2220 2173 2219 2173 2175 2171 2175 2182 2174 2183 2182 2217 2177 2218 2161 2217 2182 2218 2160 2178 2161 2210 2160 2159 2211 2215 2209 2211 2210 2159 2193 2195 2215 2194 2352 2195 2214 2205 2207 2352 2194 2214 2207 2206 2213 2212 2206 2162 2216 2164 2163 2164 2212 2162 2179 2181 2163 2201 2180 2179 2201 2208 2199 2201 2200 2180 2208 2204 2203 2202 2204 2154 2153 2155 2169 2154 2204 2155 2168 2186 2169 2189 2168 2170 2187 2224 2188 2187 2189 2170 2198 2197 2224 2196 2353 2197 2223 2146 2147 2353 2196 2223 2147 2139 2141 2140 2139 2191 2452 2453 2454 2454 2455 2452 2454 2456 2455 2457 2458 2459 2460 2461 2462 2463 2464 2465 2466 2467 2468 2469 2470 2471 2472 2473 2474 2475 2476 2477 2478 2479 2480 2481 2482 2483 2484 2485 2486 2487 2488 2489 2490 2491 2492 2493 2494 2495 2496 2497 2498 2499 2500 2501 2502 2503 2504 2504 2496 2502 2503 2505 2506 2505 2503 2502 2507 2506 2508 2505 2508 2506 2509 2510 2507 2507 2508 2509 2510 2511 2512 2511 2510 2509 2513 2512 2514 2511 2514 2512 2515 2516 2513 2513 2514 2515 2497 2499 2498 2504 2497 2496 2501 2500 2491 2498 2499 2501 2490 2492 2494 2491 2500 2492 2485 2493 2495 2493 2490 2494 2488 2485 2484 2486 2485 2495 2517 2487 2489 2489 2488 2484 2478 2517 2479 2517 2478 2487 2480 2481 2483 2479 2481 2480 2473 2482 2474 2483 2482 2473 2475 2472 2476 2472 2474 2476 2466 2468 2477 2468 2475 2477 2471 2470 2467 2471 2467 2466 2469 2461 2460 2469 2460 2470 2462 2518 2463 2461 2518 2462 2463 2465 2457 2463 2518 2464 2458 2457 2465 2519 2520 2521 2522 2523 2521 2524 2523 2522 2523 2519 2521 2525 2526 2527 2528 2529 2525 2527 2528 2525 2530 2531 2532 2533 2534 2530 2533 2530 2532 2535 2536 2534 2530 2534 2536 2537 2535 2538 2535 2537 2536 2538 2539 2540 2540 2537 2538 2541 2542 2539 2540 2539 2542 2543 2541 2544 2541 2543 2542 2544 2545 2546 2546 2543 2544 2547 2548 2545 2546 2545 2548 2549 2547 2550 2547 2549 2548 2550 2551 2552 2552 2549 2550 2553 2554 2551 2552 2551 2554 2555 2553 2556 2553 2555 2554 2556 2557 2558 2558 2555 2556 2559 2560 2557 2558 2557 2560 2559 2561 2562 2559 2562 2560 2531 2563 2532 2563 2531 2564 2565 2566 2564 2563 2564 2566 2567 2565 2568 2565 2567 2566 2568 2569 2570 2570 2567 2568 2571 2572 2569 2570 2569 2572 2573 2571 2574 2571 2573 2572 2574 2575 2576 2576 2573 2574 2577 2578 2575 2576 2575 2578 2579 2577 2580 2577 2579 2578 2580 2581 2582 2582 2579 2580 2583 2584 2581 2582 2581 2584 2585 2583 2586 2583 2585 2584 2586 2587 2588 2588 2585 2586 2589 2590 2587 2588 2587 2590 2591 2589 2592 2589 2591 2590 2593 2592 2594 2593 2591 2592 2595 2596 2594 2594 2592 2595 2595 2597 2596 2598 2599 2600 2600 2601 2598 2600 2599 2602 2603 2604 2605 2606 2607 2608 2609 2610 2611 2612 2613 2614 2615 2616 2617 2618 2619 2620 2621 2622 2623 2624 2616 2625 2626 2627 2628 2629 2630 2631 2632 2633 2634 2635 2636 2637 2638 2639 2640 2641 2642 2643 2644 2645 2646 2638 2647 2648 2649 2650 2651 2646 2651 2650 2652 2653 2649 2649 2651 2652 2653 2654 2655 2654 2653 2652 2656 2655 2657 2654 2657 2655 2658 2659 2656 2656 2657 2658 2660 2661 2659 2660 2659 2658 2662 2661 2663 2661 2662 2659 2650 2644 2646 2662 2663 2664 2644 2648 2645 2647 2638 2640 2645 2648 2647 2640 2639 2643 2642 2641 2633 2643 2639 2641 2635 2632 2634 2632 2642 2633 2626 2637 2636 2636 2635 2634 2626 2631 2627 2626 2628 2637 2630 2629 2621 2627 2631 2630 2623 2622 2624 2621 2629 2622 2615 2625 2616 2625 2623 2624 2618 2615 2617 2610 2620 2619 2619 2618 2617 2611 2603 2609 2610 2609 2620 2604 2612 2605 2611 2604 2603 2614 2613 2608 2605 2612 2614 2606 2608 2613 2665 2666 2667 2665 2668 2669 2667 2668 2665 2668 2670 2669 2671 2672 2673 2674 2675 2676 2677 2678 2679 2680 2681 2682 2683 2684 2685 2686 2687 2688 2689 2690 2691 2692 2684 2693 2694 2695 2696 2697 2698 2699 2700 2701 2702 2703 2704 2705 2706 2707 2708 2709 2710 2711 2712 2713 2714 2706 2715 2716 2717 2718 2719 2720 2721 2722 2723 2724 2725 2726 2727 2728 2729 2730 2731 2732 2733 2734 2735 2736 2737 2738 2739 2731 2740 2741 2742 2743 2744 2745 2746 2747 2748 2749 2750 2751 2752 2753 2754 2755 2756 2757 2758 2759 2760 2761 2762 2753 2763 2764 2765 2766 2767 2768 2769 2770 2771 2772 2773 2774 2775 2776 2777 2778 2779 2780 2781 2782 2783 2784 2775 2785 2786 2787 2788 2781 2788 2787 2786 2789 2790 2790 2787 2786 2790 2791 2792 2791 2790 2789 2793 2792 2794 2791 2794 2792 2795 2796 2793 2793 2794 2795 2796 2797 2798 2797 2796 2795 2799 2798 2800 2797 2800 2798 2801 2802 2799 2799 2800 2801 2802 2803 2804 2803 2802 2801 2805 2804 2806 2803 2806 2804 2807 2808 2805 2805 2806 2807 2808 2809 2810 2809 2808 2807 2811 2810 2812 2809 2812 2810 2813 2814 2811 2811 2812 2813 2814 2815 2816 2815 2814 2813 2817 2816 2818 2815 2818 2816 2819 2820 2817 2817 2818 2819 2821 2822 2820 2821 2820 2819 2823 2822 2824 2822 2823 2820 2788 2781 2783 2823 2824 2825 2783 2782 2785 2775 2784 2776 2785 2782 2784 2777 2776 2778 2770 2780 2779 2780 2777 2778 2773 2769 2771 2771 2770 2779 2774 2765 2772 2773 2772 2769 2763 2768 2764 2774 2763 2765 2767 2766 2758 2764 2768 2767 2761 2760 2759 2758 2766 2759 2754 2753 2762 2762 2761 2759 2756 2752 2754 2757 2748 2755 2756 2755 2752 2746 2751 2747 2757 2746 2748 2750 2749 2740 2747 2751 2750 2742 2741 2743 2740 2749 2741 2736 2745 2744 2745 2742 2743 2739 2735 2737 2737 2736 2744 2731 2730 2738 2739 2738 2735 2729 2733 2730 2732 2734 2723 2729 2734 2733 2725 2724 2726 2723 2734 2724 2718 2728 2727 2728 2725 2726 2721 2717 2719 2719 2718 2727 2722 2714 2720 2721 2720 2717 2712 2716 2713 2722 2712 2714 2715 2706 2708 2713 2716 2715 2708 2707 2711 2710 2709 2701 2711 2707 2709 2703 2700 2702 2700 2710 2701 2694 2705 2704 2704 2703 2702 2694 2699 2695 2694 2696 2705 2698 2697 2689 2695 2699 2698 2691 2690 2692 2689 2697 2690 2683 2693 2684 2693 2691 2692 2686 2683 2685 2678 2688 2687 2687 2686 2685 2679 2671 2677 2678 2677 2688 2672 2680 2673 2679 2672 2671 2682 2681 2676 2673 2680 2682 2674 2676 2681 2826 2827 2828 2826 2829 2827 2826 2830 2829 2831 2832 2833 2834 2831 2835 2831 2834 2832 2835 2836 2837 2837 2834 2835 2838 2839 2836 2837 2836 2839 2840 2838 2841 2838 2840 2839 2841 2842 2843 2843 2840 2841 2844 2845 2842 2843 2842 2845 2846 2844 2847 2844 2846 2845 2847 2848 2849 2849 2846 2847 2850 2851 2848 2849 2848 2851 2852 2850 2853 2850 2852 2851 2853 2854 2855 2855 2852 2853 2856 2857 2854 2855 2854 2857 2858 2856 2859 2856 2858 2857 2859 2860 2861 2861 2858 2859 2860 2862 2863 2861 2860 2863 2864 2862 2865 2860 2865 2862 2866 2864 2865 2833 2832 2867 2868 2869 2867 2833 2867 2869 2869 2870 2871 2870 2869 2868 2872 2873 2871 2871 2870 2872 2874 2873 2875 2872 2875 2873 2874 2876 2877 2876 2874 2875 2878 2879 2877 2877 2876 2878 2880 2879 2881 2878 2881 2879 2880 2882 2883 2882 2880 2881 2884 2885 2883 2883 2882 2884 2886 2885 2887 2884 2887 2885 2886 2888 2889 2888 2886 2887 2890 2891 2889 2889 2888 2890 2892 2891 2893 2890 2893 2891 2892 2894 2895 2894 2892 2893 2896 2897 2895 2895 2894 2896 2896 2898 2897 2899 2900 2901 2899 2902 2900 2903 2904 2905 2906 2907 2908 2909 2908 2905 2908 2910 2905 2905 2911 2903 2912 2911 2905 2905 2904 2909 2910 2908 2907 2907 2906 2913 2914 2915 2906 2913 2906 2915 2916 2917 2914 2914 2917 2915 2918 2919 2914 2914 2919 2916 2920 2921 2914 2914 2921 2918 2922 2923 2924 2925 2926 2927 2927 2926 2928 2929 2930 2927 2927 2930 2925 2931 2932 2927 2927 2932 2929 2933 2934 2935 2931 2933 2935 2934 2924 2923 2922 2936 2937 2938 2939 2922 2922 2939 2936 2924 2940 2922 2922 2940 2938 2924 2934 2933 2933 2931 2927 2941 2942 2943 2944 2945 2946 2947 2948 2949 2950 2951 2952 2953 2954 2955 2947 2955 2956 2957 2958 2959 2953 2959 2960 2961 2962 2963 2957 2963 2964 2965 2966 2967 2961 2967 2968 2969 2970 2971 2965 2971 2972 2973 2974 2975 2969 2976 2977 2978 2979 2980 2974 2981 2980 2982 2983 2984 2979 2985 2986 2987 2988 2989 2990 2983 2991 2992 2993 2994 2993 2995 2996 2997 2998 2999 3000 3001 3002 3003 3004 3005 3006 3007 3008 3009 3010 3008 3011 3012 3013 3014 3015 3016 2946 2945 3017 3018 3019 2987 3020 3021 3022 3023 3024 3025 3024 3018 2987 3026 3027 3028 3027 3026 3025 3029 3030 3031 3031 3028 3029 3032 3033 3030 3031 3030 3033 3034 3032 3035 3032 3034 3033 3035 3036 3037 3037 3034 3035 3028 3027 3029 3037 3036 3038 3038 3039 3040 3039 3038 3036 3041 3042 3043 3040 3039 3043 3043 3044 3045 3041 3043 3045 3043 3046 3047 3044 3043 3047 3043 3048 3049 3046 3043 3049 3043 3050 3051 3048 3043 3051 3050 3043 3052 3026 3023 3025 3040 3043 3042 3053 3054 3055 3018 3024 3023 2944 2946 3056 3015 3014 3057 3058 3059 3011 3010 3009 3060 3005 3004 3061 3003 3062 3063 2998 3000 2999 3061 2998 2997 3060 3017 3064 3010 3060 3064 2993 3065 2994 3002 3001 2993 3066 3016 3015 3056 3066 2944 3014 3067 3057 3068 2995 2993 2993 3069 3070 3020 3071 3021 3070 3072 2993 3055 3054 3073 3019 3074 2988 3057 3067 3071 3075 3076 3077 3078 3079 3080 3081 3082 3083 3084 3080 3085 3086 3087 3082 3080 3088 3089 3090 3091 3080 3092 3093 3094 2952 2949 3095 3096 2993 3097 3080 3079 3098 3096 3099 2993 3080 3084 3078 2993 3100 3101 3080 3089 3085 2993 3101 3080 3102 3103 3080 3080 3103 3088 3104 3080 3105 3106 3080 3107 3080 3091 3102 3108 3109 3080 3080 3109 3090 3110 3111 3080 3080 3111 3108 3112 3113 3080 3080 3113 3110 3114 3115 3080 3080 3115 3112 3116 3117 3080 3080 3117 3114 3118 3119 3080 3080 3119 3116 3120 3121 3080 3080 3121 3118 3122 3123 3080 3080 3123 3120 3080 3106 3124 3080 3124 3122 3107 3080 3104 3101 3105 3080 2993 3099 3100 3072 3097 2993 3069 2993 2996 2993 2992 3068 3001 3065 2993 2999 3000 3002 2997 3005 3061 3063 3062 3125 3003 3005 3062 3126 3127 3125 3063 3125 3127 3128 3126 3013 3126 3128 3127 3006 3058 3007 3012 3128 3013 3006 3059 3058 3012 3011 3059 3008 3007 3009 3017 2945 3064 3066 3056 3016 3053 3020 3022 3067 3021 3071 3055 3073 2989 3022 3054 3053 2987 3019 2988 3073 2987 2989 3074 3076 2988 3081 3075 3077 3077 3076 3074 3087 3083 3082 3083 3075 3081 2991 3087 3086 2983 2990 2984 2991 3086 2990 2982 2984 2986 2985 2979 2978 2982 2986 2985 2978 2980 2981 2981 2974 2973 2973 2975 2976 2977 2970 2969 2975 2977 2976 2970 2972 2971 2972 2966 2965 2966 2968 2967 2968 2962 2961 2962 2964 2963 2964 2958 2957 2958 2960 2959 2960 2954 2953 2954 2956 2955 2956 2948 2947 2948 3095 2949 3095 2950 2952 2951 3129 2952 3129 3094 3093 3094 3129 2951 3130 3131 3132 2941 2943 3092 3093 3092 2943 2941 3133 2942 3130 3132 3133 3133 3132 2942 3134 3135 3131 3134 3131 3130 3136 3137 3135 3131 3135 3137 3138 3136 3139 3136 3138 3137 3139 3140 3141 3141 3138 3139 3142 3143 3140 3141 3140 3143 3144 3143 3142 3145 3146 3147 3148 3149 3145 3147 3146 3150 3151 3149 3152 3147 3148 3145 3151 3145 3149 3146 3152 3150 3149 3150 3152 3153 3154 3155 3156 3157 3158 3159 3160 3161 3162 3163 3164 3165 3166 3167 3168 3169 3170 3171 3172 3173 3174 3175 3176 3177 3178 3179 3180 3181 3182 3183 3184 3185 3186 3187 3188 3189 3190 3191 3192 3193 3194 3195 3196 3197 3198 3199 3200 3201 3197 3202 3196 3202 3197 3203 3204 3201 3201 3202 3203 3204 3205 3206 3205 3204 3203 3207 3206 3208 3205 3208 3206 3209 3210 3207 3207 3208 3209 3210 3211 3212 3211 3210 3209 3213 3212 3214 3211 3214 3212 3213 3214 3215 3199 3195 3200 3195 3199 3196 3200 3189 3198 3191 3190 3194 3198 3189 3191 3193 3192 3184 3194 3190 3192 3186 3183 3185 3183 3193 3184 3179 3188 3187 3187 3186 3185 3177 3181 3178 3179 3178 3188 3182 3171 3180 3177 3182 3181 3173 3172 3176 3180 3171 3173 3175 3174 3166 3176 3172 3174 3168 3165 3167 3165 3175 3166 3161 3170 3169 3169 3168 3167 3159 3162 3160 3161 3160 3170 3163 3154 3164 3159 3163 3162 3153 3155 3157 3164 3154 3153 3156 3158 3216 3157 3155 3158 3217 3218 3219 3219 3220 3217 3221 3222 3223 3224 3225 3226 3227 3228 3229 3230 3231 3232 3233 3234 3235 3236 3237 3238 3225 3235 3226 3239 3240 3241 3242 3243 3244 3228 3245 3244 3235 3234 3226 3243 3246 3247 3248 3232 3249 3250 3251 3252 3253 3254 3255 3256 3257 3258 3259 3260 3261 3262 3263 3264 3265 3266 3267 3268 3269 3270 3271 3272 3273 3274 3275 3276 3277 3278 3279 3280 3281 3278 3278 3281 3282 3283 3282 3281 3284 3282 3283 3285 3286 3287 3288 3289 3290 3291 3288 3290 3292 3293 3294 3295 3296 3294 3294 3297 3298 3299 3241 3240 3300 3301 3240 3240 3302 3303 3304 3240 3303 3302 3240 3305 3305 3240 3306 3240 3307 3308 3306 3240 3308 3223 3309 3240 3307 3240 3309 3310 3311 3223 3223 3222 3309 3312 3313 3223 3223 3313 3221 3314 3315 3223 3223 3315 3312 3316 3317 3223 3223 3317 3314 3223 3311 3316 3223 3318 3319 3310 3223 3319 3320 3321 3223 3318 3223 3321 3322 3323 3320 3320 3323 3321 3324 3325 3320 3320 3325 3322 3326 3327 3320 3320 3327 3324 3328 3329 3320 3320 3329 3326 3330 3331 3320 3320 3331 3328 3332 3333 3320 3320 3333 3330 3334 3332 3320 3335 3336 3337 3338 3339 3287 3340 3341 3274 3274 3341 3342 3343 3344 3274 3274 3344 3340 3345 3346 3274 3274 3346 3343 3347 3348 3274 3274 3348 3345 3349 3350 3274 3274 3350 3347 3274 3276 3351 3274 3351 3349 3287 3339 3275 3274 3287 3275 3338 3287 3286 3284 3289 3288 3287 3352 3353 3285 3287 3353 3287 3354 3355 3352 3287 3355 3287 3356 3357 3354 3287 3357 3358 3359 3360 3287 3361 3362 3356 3287 3362 3294 3363 3287 3361 3287 3363 3364 3365 3366 3367 3368 3294 3294 3368 3363 3369 3370 3294 3294 3370 3367 3294 3371 3372 3294 3293 3369 3294 3372 3292 3289 3284 3283 3270 3269 3279 3268 3373 3374 3374 3373 3375 3335 3273 3272 3376 3336 3266 3376 3337 3336 3377 3378 3258 3379 3378 3377 3261 3260 3380 3380 3265 3267 3381 3255 3254 3257 3256 3381 3382 3383 3236 3259 3383 3382 3384 3385 3386 3387 3388 3389 3390 3391 3392 3238 3237 3392 3393 3390 3394 3395 3393 3394 3395 3396 3397 3398 3399 3251 3400 3264 3401 3402 3398 3403 3404 3274 3342 3405 3342 3397 3406 3264 3274 3274 3404 3406 3263 3401 3264 3407 3403 3247 3397 3396 3405 3253 3408 3409 3264 3410 3411 3262 3264 3411 3264 3412 3413 3410 3264 3413 3414 3264 3406 3415 3264 3414 3412 3264 3415 3342 3405 3404 3396 3395 3394 3390 3393 3391 3392 3391 3238 3383 3237 3236 3260 3259 3382 3380 3267 3261 3265 3376 3266 3379 3416 3417 3335 3337 3273 3271 3418 3272 3375 3418 3374 3418 3375 3272 3416 3419 3417 3420 3421 3419 3270 3373 3268 3420 3422 3423 3278 3277 3280 3279 3269 3277 3424 3423 3422 3304 3424 3299 3304 3299 3240 3358 3360 3291 3358 3291 3290 3366 3365 3359 3365 3360 3359 3425 3364 3426 3364 3366 3426 3425 3427 3428 3427 3425 3426 3371 3429 3428 3428 3427 3371 3430 3429 3294 3371 3294 3429 3431 3432 3294 3294 3432 3430 3433 3434 3294 3294 3434 3431 3294 3298 3435 3294 3435 3433 3240 3436 3437 3297 3294 3296 3294 3438 3439 3295 3294 3439 3440 3438 3240 3294 3240 3438 3240 3437 3441 3240 3301 3440 3442 3443 3240 3240 3443 3300 3240 3441 3444 3240 3444 3442 3239 3436 3240 3299 3424 3422 3420 3423 3421 3419 3421 3417 3377 3416 3379 3256 3258 3378 3381 3254 3257 3255 3408 3253 3389 3409 3387 3408 3387 3409 3445 3389 3388 3445 3386 3385 3385 3389 3445 3384 3386 3248 3249 3232 3231 3384 3248 3249 3231 3230 3252 3251 3399 3252 3230 3250 3252 3398 3402 3399 3403 3407 3402 3247 3246 3407 3243 3242 3246 3244 3245 3242 3228 3227 3245 3229 3224 3227 3233 3446 3234 3225 3224 3229 3447 3446 3448 3233 3448 3446 3447 3334 3449 3334 3447 3448 3320 3450 3449 3449 3334 3320 3451 3450 3400 3320 3400 3450 3452 3453 3400 3400 3453 3451 3454 3455 3400 3400 3455 3452 3456 3457 3400 3400 3457 3454 3401 3458 3400 3400 3458 3456 3459 3460 3461 3462 3463 3464 3465 3466 3463 3462 3465 3463 3467 3468 3469 3467 3466 3468 3469 3470 3471 3472 3473 3474 3471 3470 3475 3476 3477 3478 3459 3479 3480 3480 3460 3459 3481 3482 3479 3480 3479 3482 3483 3481 3484 3481 3483 3482 3460 3485 3461 3486 3485 3487 3485 3486 3461 3487 3488 3489 3489 3486 3487 3478 3477 3488 3489 3488 3477 3490 3491 3492 3493 3476 3478 3494 3495 3496 3497 3498 3499 3500 3501 3502 3503 3504 3505 3462 3464 3506 3507 3508 3509 3467 3469 3471 3466 3465 3468 3510 3511 3512 3511 3475 3470 3512 3513 3514 3514 3510 3512 3515 3516 3513 3514 3513 3516 3517 3515 3518 3515 3517 3516 3518 3519 3520 3520 3517 3518 3521 3522 3519 3520 3519 3522 3523 3521 3524 3521 3523 3522 3475 3511 3510 3508 3506 3464 3509 3502 3507 3508 3507 3506 3503 3501 3500 3500 3502 3509 3495 3505 3504 3505 3501 3503 3494 3496 3499 3495 3504 3496 3498 3497 3525 3494 3499 3498 3490 3525 3491 3497 3491 3525 3474 3492 3472 3490 3492 3474 3476 3493 3473 3472 3476 3473 3526 3527 3493 3473 3493 3527 3528 3526 3529 3526 3528 3527 3529 3530 3531 3531 3528 3529 3532 3533 3530 3531 3530 3533 3534 3532 3535 3532 3534 3533 3535 3536 3537 3537 3534 3535 3538 3539 3536 3537 3536 3539 3538 3540 3539 3541 3542 3543 3541 3543 3544 3545 3546 3541 3547 3548 3542 3547 3542 3546 3546 3542 3541 3549 3550 3551 3551 3552 3549 3553 3554 3555 3556 3553 3557 3558 3559 3553 3560 3561 3553 3553 3561 3558 3554 3553 3562 3553 3555 3560 3553 3563 3564 3562 3553 3564 3563 3553 3556 3565 3566 3567 3568 3565 3569 3570 3571 3565 3572 3573 3565 3565 3573 3570 3565 3568 3574 3565 3574 3572 3565 3567 3575 3569 3565 3575 3565 3576 3566 3577 3578 3579 3580 3581 3582 3583 3584 3585 3579 3586 3577 3577 3587 3578 3577 3588 3589 3586 3588 3577 3589 3590 3577 3590 3591 3577 3577 3592 3593 3591 3592 3577 3577 3594 3595 3593 3594 3577 3577 3596 3597 3595 3596 3577 3577 3598 3599 3597 3598 3577 3577 3600 3601 3599 3600 3577 3577 3602 3603 3601 3602 3577 3577 3604 3605 3603 3604 3577 3577 3606 3607 3605 3606 3577 3577 3608 3609 3607 3608 3577 3577 3610 3611 3609 3610 3577 3577 3612 3613 3611 3612 3577 3577 3614 3615 3613 3614 3577 3616 3617 3618 3615 3619 3577 3620 3621 3616 3616 3622 3623 3624 3625 3626 3621 3627 3628 3629 3630 3631 3632 3633 3634 3635 3636 3637 3638 3639 3640 3581 3641 3642 3581 3643 3644 3645 3646 3647 3648 3649 3646 3650 3651 3581 3652 3653 3654 3655 3656 3657 3658 3659 3660 3661 3662 3663 3664 3665 3656 3666 3667 3668 3652 3669 3670 3671 3672 3673 3674 3675 3676 3677 3678 3679 3680 3681 3673 3682 3683 3678 3679 3678 3683 3684 3685 3686 3684 3686 3682 3685 3687 3688 3687 3685 3684 3689 3688 3690 3687 3690 3688 3691 3692 3693 3691 3693 3689 3674 3667 3666 3694 3695 3692 3693 3692 3695 3696 3697 3698 3694 3697 3696 3699 3700 3701 3697 3699 3698 3702 3703 3704 3703 3701 3700 3705 3702 3706 3704 3706 3702 3707 3708 3709 3707 3709 3705 3710 3711 3712 3711 3708 3712 3713 3714 3710 3710 3712 3713 3715 3713 3716 3713 3715 3714 3717 3718 3716 3715 3716 3718 3717 3719 3720 3720 3718 3717 3721 3722 3723 3722 3719 3723 3584 3721 3585 3721 3723 3585 3724 3583 3725 3724 3584 3583 3726 3725 3727 3583 3727 3725 3728 3729 3726 3726 3727 3728 3729 3730 3731 3730 3729 3728 3732 3731 3733 3730 3733 3731 3734 3732 3733 3735 3736 3737 3719 3722 3720 3677 3679 3681 3709 3708 3711 3706 3707 3705 3704 3703 3700 3701 3698 3699 3695 3694 3696 3691 3689 3690 3682 3686 3683 3673 3672 3680 3681 3680 3677 3671 3675 3672 3676 3667 3674 3671 3676 3675 3666 3668 3738 3739 3740 3738 3738 3668 3739 3740 3741 3669 3741 3740 3739 3659 3658 3742 3741 3670 3669 3743 3737 3742 3736 3662 3661 3662 3736 3735 3744 3665 3664 3663 3665 3744 3656 3655 3664 3661 3663 3744 3743 3742 3658 3737 3743 3735 3650 3657 3651 3655 3657 3650 3660 3652 3670 3660 3659 3652 3654 3669 3652 3651 3745 3581 3653 3647 3654 3745 3582 3581 3580 3746 3581 3653 3645 3647 3648 3646 3645 3581 3746 3747 3748 3641 3581 3747 3748 3581 3649 3749 3750 3649 3648 3749 3642 3643 3581 3749 3751 3750 3752 3751 3753 3752 3750 3751 3753 3754 3752 3644 3755 3581 3635 3756 3636 3757 3758 3640 3759 3756 3760 3635 3760 3756 3759 3760 3761 3757 3762 3758 3763 3639 3638 3637 3636 3754 3637 3754 3753 3761 3758 3762 3761 3762 3759 3640 3639 3757 3764 3763 3765 3638 3765 3763 3766 3767 3764 3764 3765 3766 3767 3768 3769 3768 3767 3766 3630 3769 3631 3768 3631 3769 3630 3629 3770 3771 3634 3770 3770 3629 3771 3632 3625 3633 3632 3634 3771 3626 3772 3624 3632 3626 3625 3628 3627 3772 3624 3772 3627 3621 3628 3616 3623 3620 3616 3773 3774 3616 3774 3622 3616 3775 3616 3776 3775 3773 3616 3777 3617 3616 3776 3616 3618 3778 3779 3616 3616 3779 3777 3780 3616 3619 3780 3778 3616 3619 3616 3577 3781 3782 3783 3784 3785 3786 3787 3788 3789 3790 3791 3792 3793 3794 3795 3796 3797 3798 3799 3800 3801 3802 3803 3804 3805 3806 3807 3808 3809 3810 3811 3812 3813 3814 3815 3816 3817 3818 3819 3820 3821 3822 3823 3824 3825 3826 3827 3828 3829 3830 3831 3832 3833 3834 3835 3836 3837 3838 3839 3840 3841 3842 3843 3844 3845 3846 3847 3848 3849 3850 3851 3852 3853 3854 3855 3856 3857 3858 3859 3860 3861 3862 3863 3864 3865 3866 3867 3868 3869 3870 3871 3872 3873 3874 3875 3876 3877 3878 3879 3880 3881 3882 3883 3884 3885 3886 3887 3888 3889 3890 3891 3892 3893 3894 3895 3896 3897 3898 3899 3900 3901 3902 3903 3902 3901 3897 3904 3905 3903 3901 3903 3905 3904 3906 3907 3907 3905 3904 3908 3906 3909 3906 3908 3907 3910 3911 3909 3908 3909 3911 3910 3912 3913 3913 3911 3910 3914 3912 3915 3912 3914 3913 3916 3917 3915 3914 3915 3917 3916 3918 3919 3919 3917 3916 3920 3918 3921 3918 3920 3919 3922 3923 3921 3920 3921 3923 3922 3924 3925 3925 3923 3922 3926 3924 3927 3924 3926 3925 3928 3929 3927 3926 3927 3929 3928 3930 3931 3931 3929 3928 3932 3930 3933 3930 3932 3931 3934 3935 3933 3932 3933 3935 3934 3936 3937 3937 3935 3934 3938 3936 3939 3936 3938 3937 3897 3896 3902 3938 3939 3940 3895 3899 3896 3900 3889 3898 3895 3900 3899 3891 3890 3894 3898 3889 3891 3893 3892 3884 3894 3890 3892 3886 3883 3885 3883 3893 3884 3879 3888 3887 3887 3886 3885 3877 3881 3878 3879 3878 3888 3882 3871 3880 3877 3882 3881 3873 3872 3876 3880 3871 3873 3875 3874 3866 3876 3872 3874 3868 3865 3867 3865 3875 3866 3861 3870 3869 3869 3868 3867 3859 3863 3860 3861 3860 3870 3864 3853 3862 3859 3864 3863 3855 3854 3858 3862 3853 3855 3857 3856 3848 3858 3854 3856 3850 3847 3849 3847 3857 3848 3843 3852 3851 3851 3850 3849 3841 3845 3842 3843 3842 3852 3846 3835 3844 3841 3846 3845 3837 3836 3840 3844 3835 3837 3839 3838 3830 3840 3836 3838 3832 3829 3831 3829 3839 3830 3825 3834 3833 3833 3832 3831 3823 3827 3824 3825 3824 3834 3828 3817 3826 3823 3828 3827 3819 3818 3822 3826 3817 3819 3821 3820 3812 3822 3818 3820 3814 3811 3813 3811 3821 3812 3807 3816 3815 3815 3814 3813 3805 3809 3806 3807 3806 3816 3810 3799 3808 3805 3810 3809 3801 3800 3804 3808 3799 3801 3803 3802 3794 3804 3800 3802 3796 3793 3795 3793 3803 3794 3788 3798 3797 3797 3796 3795 3789 3781 3787 3788 3787 3798 3782 3790 3783 3789 3782 3781 3792 3791 3786 3783 3790 3792 3784 3786 3791 3941 3942 3943 3944 3945 3946 3945 3941 3946 3941 3943 3946 3947 3945 3944 3948 3949 3950 3947 3949 3948 3951 3952 3953 3953 3952 3954 3953 3954 3950 3952 3951 3955 3954 3948 3950 3956 3955 3957 3955 3951 3957 3947 3944 3949 3958 3956 3957 3959 3960 3961 3958 3960 3959 3959 3961 3962 3963 3964 3962 3963 3962 3961 3965 3964 3966 3966 3964 3963 3967 3965 3968 3965 3966 3968 3967 3968 3969 3969 3970 3971 3969 3971 3967 3970 3972 3973 3970 3973 3971 3974 3975 3972 3975 3973 3972 3957 3960 3958 3976 3975 3974 3977 3978 3979 3976 3978 3977 3980 3981 3982 3982 3981 3983 3982 3983 3979 3984 3985 3986 3983 3977 3979 3987 3988 3989 3988 3980 3989 3987 3989 3990 3991 3990 3985 3990 3991 3987 3980 3988 3981 3990 3986 3985 3992 3993 3984 3992 3984 3986 3976 3974 3978 3994 3993 3992 3995 3996 3997 3996 3994 3997 3995 3997 3998 3998 3999 4000 3998 4000 3995 3994 3996 3993 3999 4001 4000 4002 4003 4004 4003 4001 4004 4005 4003 4002 4005 4006 4007 4002 4006 4005 3999 4004 4001 4006 4008 4007 4009 4010 4011 4009 4011 4008 4012 4010 4009 4013 4012 4014 4010 4012 4013 4007 4008 4011 4015 4013 4014 3942 4016 3943 4017 4016 3942 4018 4017 4019 4017 4018 4016 4020 4021 4019 4018 4019 4021 4020 4022 4023 4023 4021 4020 4024 4022 4025 4022 4024 4023 4026 4027 4025 4024 4025 4027 4026 4028 4029 4029 4027 4026 4030 4028 4031 4028 4030 4029 4032 4030 4033 4031 4033 4030 4034 4035 4032 4032 4033 4034 4035 4036 4037 4036 4035 4034 4038 4037 4039 4036 4039 4037 4040 4041 4038 4038 4039 4040 4041 4042 4043 4042 4041 4040 4044 4043 4045 4042 4045 4043 4046 4047 4044 4044 4045 4046 4047 4048 4049 4048 4047 4046 4050 4049 4051 4048 4051 4049 4052 4053 4050 4050 4051 4052 4053 4054 4055 4054 4053 4052 4056 4055 4057 4054 4057 4055 4058 4059 4056 4056 4057 4058 4060 4061 4059 4060 4059 4058 4062 4061 4063 4061 4062 4059 4064 4065 4063 4062 4063 4065 4064 4066 4067 4067 4065 4064 4068 4066 4069 4066 4068 4067 4070 4071 4069 4068 4069 4071 4070 4072 4073 4073 4071 4070 4074 4072 4075 4072 4074 4073 4076 4077 4075 4074 4075 4077 4076 4078 4079 4079 4077 4076 4080 4078 4081 4078 4080 4079 4082 4083 4081 4080 4081 4083 4082 4084 4085 4085 4083 4082 4086 4084 4087 4084 4086 4085 4088 4089 4087 4086 4087 4089 4088 4090 4091 4091 4089 4088 4091 4092 4093 4092 4091 4090 4092 4094 4093 4093 4094 4095 4501 4502 4503 4504 4505 4506 4502 4507 4508 4507 4502 4501 4509 4508 4510 4507 4510 4508 4511 4512 4509 4509 4510 4511 4512 4513 4514 4513 4512 4511 4515 4514 4516 4513 4516 4514 4517 4518 4515 4515 4516 4517 4518 4519 4520 4519 4518 4517 4521 4520 4522 4519 4522 4520 4523 4524 4521 4521 4522 4523 4524 4525 4526 4525 4524 4523 4527 4526 4528 4525 4528 4526 4529 4530 4527 4527 4528 4529 4530 4531 4532 4531 4530 4529 4533 4532 4534 4531 4534 4532 4535 4536 4533 4533 4534 4535 4536 4537 4538 4537 4536 4535 4539 4538 4540 4537 4540 4538 4541 4542 4539 4539 4540 4541 4542 4543 4544 4543 4542 4541 4545 4544 4546 4543 4546 4544 4547 4548 4545 4545 4546 4547 4548 4549 4550 4549 4548 4547 4551 4550 4552 4549 4552 4550 4553 4551 4554 4551 4552 4554 4555 4551 4553 4503 4556 4501 4557 4558 4556 4556 4503 4557 4558 4559 4560 4559 4558 4557 4561 4560 4562 4559 4562 4560 4563 4564 4561 4561 4562 4563 4564 4565 4566 4565 4564 4563 4567 4566 4568 4565 4568 4566 4569 4570 4567 4567 4568 4569 4570 4571 4572 4571 4570 4569 4573 4572 4574 4571 4574 4572 4575 4576 4573 4573 4574 4575 4576 4577 4578 4577 4576 4575 4579 4578 4580 4577 4580 4578 4581 4582 4579 4579 4580 4581 4582 4583 4584 4583 4582 4581 4585 4584 4586 4583 4586 4584 4587 4588 4585 4585 4586 4587 4588 4589 4590 4589 4588 4587 4591 4590 4592 4589 4592 4590 4593 4594 4591 4591 4592 4593 4594 4595 4596 4595 4594 4593 4597 4596 4598 4595 4598 4596 4599 4600 4597 4597 4598 4599 4600 4601 4602 4601 4600 4599 4603 4602 4604 4601 4604 4602 4605 4606 4607 4603 4604 4504 4608 4609 4610 4611 4612 4613 4614 4615 4616 4617 4618 4619 4620 4621 4622 4623 4624 4625 4626 4627 4628 4629 4630 4631 4632 4633 4634 4635 4636 4637 4638 4639 4640 4641 4642 4643 4644 4645 4646 4647 4648 4649 4650 4651 4652 4653 4654 4655 4656 4657 4658 4659 4660 4661 4662 4663 4664 4665 4666 4667 4668 4669 4670 4671 4672 4673 4674 4675 4676 4677 4678 4679 4680 4681 4682 4683 4684 4685 4686 4687 4688 4689 4690 4691 4692 4693 4694 4695 4696 4697 4698 4699 4700 4701 4702 4703 4704 4705 4706 4707 4708 4709 4710 4711 4712 4713 4714 4715 4716 4717 4718 4719 4720 4721 4722 4723 4724 4725 4726 4727 4728 4729 4730 4731 4732 4733 4734 4735 4736 4737 4738 4739 4740 4741 4742 4743 4744 4745 4746 4747 4748 4749 4750 4751 4752 4753 4754 4755 4756 4754 4752 4757 4758 4758 4753 4752 4759 4757 4760 4757 4759 4758 4761 4762 4760 4759 4760 4762 4761 4763 4764 4764 4762 4761 4765 4763 4766 4763 4765 4764 4767 4768 4766 4765 4766 4768 4767 4769 4770 4770 4768 4767 4771 4769 4772 4769 4771 4770 4773 4774 4772 4771 4772 4774 4773 4775 4776 4776 4774 4773 4777 4775 4778 4775 4777 4776 4779 4780 4778 4777 4778 4780 4779 4781 4782 4782 4780 4779 4783 4781 4784 4781 4783 4782 4785 4786 4784 4783 4784 4786 4785 4787 4788 4788 4786 4785 4789 4787 4790 4787 4789 4788 4791 4792 4790 4789 4790 4792 4791 4793 4794 4794 4792 4791 4795 4793 4796 4793 4795 4794 4797 4798 4796 4795 4796 4798 4797 4799 4800 4800 4798 4797 4801 4799 4802 4799 4801 4800 4803 4804 4802 4801 4802 4804 4555 4553 4804 4804 4803 4555 4747 4756 4755 4753 4755 4754 4746 4748 4749 4756 4747 4746 4751 4750 4742 4749 4748 4750 4744 4741 4740 4741 4751 4742 4734 4743 4745 4745 4744 4740 4735 4739 4736 4734 4736 4743 4737 4729 4738 4735 4737 4739 4728 4730 4731 4738 4729 4728 4733 4732 4724 4731 4730 4732 4726 4723 4722 4723 4733 4724 4716 4725 4727 4727 4726 4722 4717 4721 4718 4716 4718 4725 4719 4711 4720 4717 4719 4721 4710 4712 4713 4720 4711 4710 4715 4714 4706 4713 4712 4714 4708 4705 4704 4705 4715 4706 4698 4707 4709 4709 4708 4704 4699 4703 4700 4698 4700 4707 4701 4693 4702 4699 4701 4703 4692 4694 4695 4702 4693 4692 4697 4696 4688 4695 4694 4696 4690 4687 4686 4687 4697 4688 4680 4689 4691 4691 4690 4686 4681 4685 4682 4680 4682 4689 4683 4675 4684 4681 4683 4685 4674 4676 4677 4684 4675 4674 4679 4678 4670 4677 4676 4678 4672 4669 4668 4669 4679 4670 4662 4671 4673 4673 4672 4668 4663 4667 4664 4662 4664 4671 4665 4657 4666 4663 4665 4667 4656 4658 4659 4666 4657 4656 4661 4660 4652 4659 4658 4660 4654 4651 4650 4651 4661 4652 4644 4653 4655 4655 4654 4650 4645 4649 4646 4644 4646 4653 4647 4639 4648 4645 4647 4649 4638 4640 4641 4648 4639 4638 4643 4642 4634 4641 4640 4642 4636 4633 4632 4633 4643 4634 4626 4635 4637 4637 4636 4632 4627 4631 4628 4626 4628 4635 4629 4621 4630 4627 4629 4631 4620 4622 4623 4630 4621 4620 4625 4624 4616 4623 4622 4624 4618 4615 4614 4615 4625 4616 4608 4617 4619 4619 4618 4614 4609 4613 4610 4608 4610 4617 4611 4605 4612 4609 4611 4613 4607 4606 4505 4612 4605 4607 4504 4506 4603 4505 4606 4506 5210 5211 5212 5213 5214 5215 5216 5217 5212 5210 5212 5217 5216 5218 5219 5219 5217 5216 5220 5218 5221 5218 5220 5219 5222 5223 5221 5220 5221 5223 5222 5224 5225 5225 5223 5222 5226 5224 5227 5224 5226 5225 5228 5229 5227 5226 5227 5229 5228 5230 5231 5231 5229 5228 5232 5230 5233 5230 5232 5231 5234 5235 5233 5232 5233 5235 5234 5236 5237 5237 5235 5234 5238 5236 5239 5236 5238 5237 5240 5241 5239 5238 5239 5241 5240 5242 5243 5243 5241 5240 5244 5242 5245 5242 5244 5243 5246 5247 5245 5244 5245 5247 5246 5248 5249 5249 5247 5246 5250 5248 5251 5248 5250 5249 5252 5253 5251 5250 5251 5253 5252 5254 5255 5255 5253 5252 5256 5254 5257 5254 5256 5255 5258 5259 5257 5256 5257 5259 5258 5260 5261 5261 5259 5258 5262 5260 5263 5260 5262 5261 5264 5265 5263 5262 5263 5265 5264 5266 5267 5267 5265 5264 5268 5266 5269 5266 5268 5267 5270 5271 5269 5268 5269 5271 5270 5272 5273 5273 5271 5270 5274 5272 5275 5272 5274 5273 5276 5277 5275 5274 5275 5277 5276 5278 5279 5279 5277 5276 5280 5278 5281 5278 5280 5279 5282 5283 5281 5280 5281 5283 5282 5284 5285 5285 5283 5282 5286 5284 5287 5284 5286 5285 5288 5289 5287 5286 5287 5289 5288 5290 5291 5291 5289 5288 5292 5290 5293 5290 5292 5291 5294 5295 5293 5292 5293 5295 5294 5296 5297 5297 5295 5294 5298 5296 5299 5296 5298 5297 5300 5301 5299 5298 5299 5301 5300 5302 5303 5303 5301 5300 5304 5302 5305 5302 5304 5303 5306 5307 5305 5304 5305 5307 5306 5308 5309 5309 5307 5306 5310 5308 5311 5308 5310 5309 5312 5313 5311 5310 5311 5313 5312 5314 5315 5315 5313 5312 5314 5316 5315 5317 5211 5210 5317 5318 5319 5319 5211 5317 5320 5318 5321 5318 5320 5319 5322 5323 5321 5320 5321 5323 5322 5324 5325 5325 5323 5322 5326 5324 5327 5324 5326 5325 5328 5329 5327 5326 5327 5329 5328 5330 5331 5331 5329 5328 5332 5330 5333 5330 5332 5331 5334 5335 5333 5332 5333 5335 5334 5336 5337 5337 5335 5334 5338 5336 5339 5336 5338 5337 5340 5341 5339 5338 5339 5341 5340 5342 5343 5343 5341 5340 5344 5342 5345 5342 5344 5343 5346 5347 5345 5344 5345 5347 5346 5348 5349 5349 5347 5346 5350 5348 5351 5348 5350 5349 5352 5353 5351 5350 5351 5353 5352 5354 5355 5355 5353 5352 5356 5354 5357 5354 5356 5355 5358 5359 5357 5356 5357 5359 5358 5360 5361 5361 5359 5358 5362 5360 5363 5360 5362 5361 5364 5365 5363 5362 5363 5365 5364 5366 5367 5367 5365 5364 5368 5366 5369 5366 5368 5367 5370 5371 5369 5368 5369 5371 5370 5372 5373 5373 5371 5370 5374 5372 5375 5372 5374 5373 5376 5377 5375 5374 5375 5377 5376 5378 5379 5379 5377 5376 5380 5378 5381 5378 5380 5379 5382 5383 5381 5380 5381 5383 5382 5384 5385 5385 5383 5382 5386 5384 5387 5384 5386 5385 5388 5389 5387 5386 5387 5389 5388 5390 5391 5391 5389 5388 5392 5390 5393 5390 5392 5391 5394 5395 5393 5392 5393 5395 5394 5396 5397 5397 5395 5394 5398 5396 5399 5396 5398 5397 5400 5401 5399 5398 5399 5401 5400 5402 5403 5403 5401 5400 5404 5402 5405 5402 5404 5403 5406 5407 5405 5404 5405 5407 5406 5408 5409 5409 5407 5406 5410 5408 5411 5408 5410 5409 5412 5413 5411 5410 5411 5413 5412 5414 5415 5415 5413 5412 5416 5414 5214 5414 5416 5415 5417 5418 5215 5416 5214 5213 5419 5420 5421 5422 5423 5424 5425 5426 5427 5428 5429 5430 5431 5432 5433 5434 5435 5436 5437 5438 5439 5440 5441 5442 5443 5444 5445 5446 5447 5448 5449 5450 5451 5452 5453 5454 5455 5456 5457 5458 5459 5460 5461 5462 5463 5464 5465 5466 5467 5468 5469 5470 5471 5472 5473 5474 5475 5476 5477 5478 5479 5480 5481 5482 5483 5484 5485 5486 5487 5488 5489 5490 5486 5491 5492 5491 5486 5485 5493 5492 5494 5491 5494 5492 5495 5496 5493 5493 5494 5495 5496 5497 5498 5497 5496 5495 5499 5498 5500 5497 5500 5498 5501 5502 5499 5499 5500 5501 5502 5503 5504 5503 5502 5501 5505 5504 5506 5503 5506 5504 5507 5508 5505 5505 5506 5507 5508 5509 5510 5509 5508 5507 5511 5510 5512 5509 5512 5510 5316 5314 5511 5511 5512 5316 5488 5487 5489 5485 5487 5488 5480 5490 5481 5490 5489 5481 5484 5483 5479 5483 5480 5479 5473 5475 5482 5473 5482 5484 5474 5476 5478 5474 5478 5475 5477 5468 5467 5476 5468 5477 5470 5469 5471 5467 5469 5470 5462 5472 5463 5472 5471 5463 5466 5465 5461 5465 5462 5461 5455 5457 5464 5455 5464 5466 5456 5458 5460 5456 5460 5457 5459 5450 5449 5458 5450 5459 5452 5451 5453 5449 5451 5452 5445 5454 5513 5454 5453 5513 5448 5444 5443 5443 5445 5513 5446 5437 5447 5448 5447 5444 5438 5440 5439 5446 5438 5437 5442 5441 5432 5439 5440 5442 5431 5433 5435 5432 5441 5433 5427 5434 5436 5434 5431 5435 5430 5426 5425 5425 5427 5436 5428 5419 5429 5430 5429 5426 5420 5422 5421 5428 5420 5419 5424 5423 5417 5421 5422 5424 5215 5418 5213 5417 5423 5418 5986 5987 5988 5989 5990 5991 5992 5993 5994 5995 5987 5996 5997 5991 5998 5999 6000 5996 5999 5996 5997 5987 5995 6001 5995 5996 6000 6002 6003 5989 5996 5991 5997 5992 5994 6004 5991 6002 5989 5986 5988 6005 6006 6005 6007 6008 6009 6010 6011 6012 6013 6002 5994 5993 6014 6015 6016 6017 6018 6012 6019 6020 6021 6022 6023 6024 6025 6026 6027 6028 6029 6030 6023 6028 6024 6031 6032 6033 6034 6035 6036 6037 6038 6039 6040 6035 6041 6042 6043 6044 6045 6046 6047 6048 6049 6050 6047 6051 6052 6047 6046 6053 6044 6043 6054 6051 6055 6052 6056 6057 6058 6059 6052 6060 6061 6062 6063 6064 6065 6059 6066 6067 6068 6068 6069 6070 6071 6072 6073 6074 6075 6068 6072 6076 6077 6078 6079 6080 6081 6082 6083 6084 6085 6086 6080 6079 6083 6087 6086 6088 6089 6090 6091 6092 6093 6088 6094 6095 6096 6092 6097 6098 6099 6100 6101 6102 6103 6104 6099 6105 6106 6107 6103 6108 6109 6110 6108 6111 6106 6112 6113 6114 6115 6112 6105 6116 6117 6118 6119 6120 6112 6121 6122 6115 6123 6124 6125 6126 6127 6128 6129 6121 6129 6130 6131 6126 6132 6133 6134 6135 6136 6137 6138 6139 6129 6140 6141 6138 6142 6143 6140 6128 6140 6144 6145 6146 6147 6148 6149 6150 6151 6147 6152 6148 6153 6154 6141 6155 6144 6143 6151 6156 6157 6153 6158 6159 6160 6157 6156 6146 6161 6147 6159 6162 6163 6156 6164 6165 6166 6164 6162 6164 6166 6167 6163 6168 6146 6169 6170 6171 6172 6153 6159 6173 6174 6147 6175 6144 6176 6118 6117 6132 6176 6177 6178 6179 6180 6181 6135 6134 6118 6182 6183 6184 6185 6186 6187 6188 6135 6189 6183 6190 6189 6191 6192 6184 6193 6191 6194 6195 6191 6183 6196 6197 6195 6198 6199 6191 6200 6201 6193 5988 5987 6193 6200 5987 6202 5987 6200 6193 6001 6202 5987 6170 6203 6171 6190 6204 6189 6179 6181 6177 6205 6122 6123 6206 6138 6122 6114 6207 6115 6127 6121 6116 6129 6139 6130 6208 6109 6125 6126 6131 6209 6113 6210 6211 6130 6120 6121 6100 6106 6212 6125 6213 6208 6214 6215 6210 6120 6111 6112 6216 6100 6217 6109 6218 6110 6216 6097 6101 6096 6219 6220 6216 6221 6098 6080 6222 6223 6222 6102 6224 6225 6090 6226 6093 6098 6227 6228 6229 6226 6230 6103 6107 6226 6231 6228 6093 6232 6087 6233 6234 6231 6235 6224 6102 6231 6077 6233 6236 6084 6087 6093 6227 6232 6237 6223 6222 6062 6082 6238 6084 6239 6240 6087 6232 6236 6241 6085 6240 6061 6056 6062 6242 6074 6240 6236 6239 6084 6241 6074 6067 6243 6238 6082 6056 6058 6244 6242 6240 6239 6245 6246 6247 6070 6248 6066 6249 6250 6244 6245 6247 6251 6070 6252 6253 6253 6254 6248 6255 6256 6250 6059 6257 6258 6253 6040 6041 6259 6254 6041 6044 6256 6260 6261 6255 6250 6035 6034 6041 6036 6049 6034 6034 6048 6259 6260 6256 6262 6263 6032 6054 6264 6032 6031 6049 6265 6266 6038 6050 6266 6267 6268 6045 6264 6269 6024 6039 6266 6270 6265 6049 6036 6027 6271 6272 6273 6037 6274 6039 6275 6274 6276 6026 6277 6274 6278 6279 6269 6264 6280 6273 6279 6281 6016 6282 6021 6283 6284 6279 6284 6017 6281 6030 6285 6286 6014 6016 6287 6288 6018 6284 6009 6289 6010 6290 6010 6286 6287 6291 6292 6018 6293 6013 6285 6030 6294 6287 6295 6291 6288 6284 6283 6013 6005 6006 6295 6296 6297 5994 6289 6298 6299 6011 6006 6300 6290 6286 6288 6293 6018 6006 6007 6301 6299 6006 6301 6302 6303 6296 6304 6305 6302 6306 6299 6301 6306 6307 6308 6293 6005 6013 6307 6309 6308 6302 6305 6310 6311 6309 6307 6312 6305 6313 6314 6308 6309 6311 6313 6309 6313 6315 6312 6316 6312 6317 6150 6318 6312 6312 6315 6150 6149 6319 6150 6150 6319 6318 5986 5996 5987 5990 5998 5991 6289 6320 6298 6005 5988 6007 6321 5996 5986 6322 6302 6296 5986 6293 6321 6323 6308 6314 6304 6314 6309 6299 6306 6308 6011 6013 6006 6323 6314 6324 6299 6308 6323 6316 6325 6305 6305 6312 6316 6311 6315 6313 6313 6305 6304 6318 6317 6312 6321 5991 5996 5993 6003 6002 6289 6009 6326 6293 5986 6005 6321 6327 5991 6328 6296 6295 6321 6288 6327 6329 6323 6324 6322 6324 6314 6011 6299 6323 6012 6018 6013 6329 6324 6330 6011 6323 6329 6310 6331 6302 6310 6305 6332 6309 6313 6304 6304 6302 6322 6325 6332 6305 5991 6327 6002 6298 6004 5994 6010 6290 6333 6288 6321 6293 6327 6334 6002 6283 6279 6278 6283 6334 6327 6335 6329 6330 6328 6330 6324 6012 6011 6329 6284 6018 6017 6330 6336 6335 6012 6329 6335 6303 6337 6296 6303 6302 6338 6314 6304 6322 6322 6296 6328 6331 6338 6302 6334 5994 6002 6326 6320 6289 6339 6286 6285 6283 6327 6288 6334 6340 5994 6274 6275 6278 6278 6340 6334 6341 6335 6336 6342 6336 6330 6017 6012 6335 6279 6284 6281 6336 6343 6341 6335 6341 6017 6297 6344 6295 6297 6296 6345 6324 6322 6328 6328 6295 6342 6337 6345 6296 6340 6289 5994 6333 6008 6010 6028 6346 6029 6278 6334 6283 6347 6289 6340 6270 6275 6039 6340 6275 6347 6348 6341 6343 6343 6336 6349 6281 6017 6341 6274 6279 6273 6343 6277 6348 6341 6348 6281 6342 6295 6287 6291 6295 6350 6330 6328 6342 6287 6349 6342 6344 6350 6295 6347 6010 6289 6339 6300 6286 6028 6023 6351 6275 6340 6278 6347 6352 6010 6265 6270 6266 6347 6270 6352 6025 6348 6277 6277 6343 6353 6273 6281 6348 6039 6274 6037 6277 6026 6025 6348 6025 6273 6349 6287 6016 6287 6354 6014 6336 6342 6349 6016 6353 6349 6354 6287 6292 6010 6352 6286 6029 6294 6030 6024 6269 6355 6270 6347 6275 6352 6356 6286 6357 6358 6359 6356 6352 6265 6359 6358 6360 6358 6276 6021 6037 6273 6025 6266 6039 6038 6026 6271 6027 6025 6027 6037 6016 6021 6353 6016 6361 6282 6343 6349 6353 6021 6276 6353 6361 6016 6015 6356 6030 6286 6351 6346 6028 6362 6264 6031 6265 6352 6270 6356 6363 6030 6364 6359 6267 6363 6356 6036 6267 6359 6365 6357 6271 6026 6038 6037 6027 6050 6049 6266 6272 6271 6366 6038 6027 6272 6367 6358 6021 6021 6020 6367 6277 6353 6276 6276 6358 6357 6282 6019 6021 6363 6028 6030 6355 6022 6024 6054 6368 6263 6036 6356 6265 6369 6028 6363 6370 6267 6045 6363 6035 6369 6371 6272 6366 6364 6366 6271 6050 6038 6272 6048 6034 6049 6371 6366 6372 6050 6272 6371 6360 6373 6359 6360 6358 6374 6026 6276 6357 6357 6359 6364 6367 6374 6358 6369 6024 6028 6362 6280 6264 6054 6043 6375 6035 6363 6036 6024 6369 6376 6253 6252 6040 6369 6040 6376 6377 6371 6372 6370 6372 6366 6048 6050 6371 6041 6034 6259 6377 6372 6378 6048 6371 6377 6365 6379 6267 6365 6359 6380 6271 6357 6364 6364 6267 6370 6373 6380 6359 6024 6376 6264 6263 6033 6032 6044 6260 6381 6040 6369 6035 6376 6382 6264 6070 6069 6252 6252 6382 6376 6383 6377 6378 6384 6378 6372 6259 6048 6377 6253 6041 6254 6378 6385 6383 6377 6383 6259 6268 6386 6045 6268 6267 6387 6366 6364 6370 6370 6045 6384 6379 6387 6267 6382 6032 6264 6375 6368 6054 6256 6255 6388 6252 6376 6040 6382 6389 6032 6068 6075 6069 6069 6389 6382 6390 6383 6385 6385 6378 6391 6254 6259 6383 6070 6253 6248 6385 6392 6390 6383 6390 6254 6384 6045 6047 6046 6045 6393 6372 6370 6384 6047 6391 6384 6386 6393 6045 6389 6054 6032 6381 6042 6044 6244 6394 6249 6069 6382 6252 6389 6395 6054 6242 6075 6074 6389 6075 6395 6396 6390 6392 6392 6385 6397 6248 6254 6390 6068 6070 6066 6392 6398 6396 6390 6396 6248 6391 6047 6052 6047 6399 6051 6378 6384 6391 6052 6397 6391 6399 6047 6053 6395 6044 6054 6388 6262 6256 6244 6058 6400 6075 6389 6069 6395 6401 6044 6402 6065 6403 6242 6401 6395 6246 6396 6398 6398 6392 6404 6066 6248 6396 6074 6068 6067 6398 6247 6246 6396 6246 6066 6052 6059 6397 6052 6405 6060 6385 6391 6397 6059 6404 6397 6405 6052 6055 6401 6256 6044 6249 6261 6250 6056 6061 6406 6242 6395 6075 6401 6407 6256 6408 6403 6073 6407 6401 6239 6073 6403 6409 6402 6247 6398 6067 6066 6246 6240 6074 6241 6410 6403 6065 6246 6245 6067 6059 6065 6404 6059 6258 6064 6392 6397 6404 6404 6065 6402 6060 6257 6059 6407 6250 6256 6400 6394 6244 6062 6238 6411 6239 6401 6242 6407 6412 6250 6413 6073 6072 6236 6412 6407 6414 6245 6251 6408 6251 6247 6241 6067 6245 6085 6084 6240 6414 6251 6415 6241 6245 6414 6410 6416 6403 6410 6065 6417 6398 6404 6402 6402 6403 6408 6064 6417 6065 6412 6244 6250 6406 6057 6056 6083 6418 6081 6236 6407 6239 6412 6419 6244 6420 6077 6076 6412 6232 6419 6421 6414 6415 6413 6415 6251 6085 6241 6414 6086 6087 6084 6421 6415 6422 6085 6414 6421 6409 6423 6073 6409 6403 6424 6247 6402 6408 6408 6073 6413 6416 6424 6403 6419 6056 6244 6411 6063 6062 6083 6079 6425 6232 6412 6236 6419 6426 6056 6098 6221 6227 6419 6227 6426 6427 6421 6422 6428 6422 6415 6086 6085 6421 6093 6087 6088 6422 6429 6427 6086 6421 6427 6071 6430 6072 6071 6073 6431 6251 6408 6413 6413 6072 6428 6423 6431 6073 6426 6062 6056 6081 6243 6082 6080 6223 6432 6227 6419 6232 6426 6433 6062 6216 6217 6221 6221 6433 6426 6434 6427 6429 6435 6429 6422 6088 6086 6427 6098 6093 6092 6429 6436 6434 6427 6434 6088 6428 6072 6077 6076 6072 6437 6415 6413 6428 6428 6077 6435 6430 6437 6072 6433 6082 6062 6425 6418 6083 6222 6224 6438 6221 6426 6227 6433 6439 6082 6100 6212 6217 6217 6439 6433 6440 6434 6436 6436 6429 6441 6092 6088 6434 6216 6098 6097 6436 6219 6440 6434 6440 6092 6435 6077 6231 6233 6077 6442 6422 6428 6435 6231 6441 6435 6442 6077 6420 6439 6083 6082 6432 6078 6080 6103 6443 6104 6217 6433 6221 6439 6444 6083 6111 6212 6106 6439 6212 6444 6095 6440 6219 6219 6436 6445 6097 6092 6440 6100 6216 6101 6219 6096 6095 6440 6095 6097 6441 6231 6226 6231 6446 6228 6429 6435 6441 6226 6445 6441 6446 6231 6234 6444 6080 6083 6438 6237 6222 6107 6108 6447 6212 6439 6217 6444 6448 6080 6449 6450 6214 6111 6448 6444 6214 6450 6451 6450 6220 6090 6101 6097 6095 6106 6100 6099 6096 6452 6094 6095 6094 6101 6226 6090 6445 6226 6453 6225 6436 6441 6445 6090 6220 6445 6453 6226 6229 6448 6222 6080 6104 6235 6102 6108 6110 6454 6111 6444 6212 6448 6455 6222 6456 6214 6210 6448 6120 6455 6457 6094 6452 6449 6452 6096 6099 6101 6094 6105 6112 6106 6457 6452 6458 6099 6094 6457 6459 6450 6090 6090 6089 6459 6219 6445 6220 6220 6450 6449 6225 6091 6090 6455 6102 6222 6230 6443 6103 6109 6208 6460 6120 6448 6111 6455 6461 6102 6462 6210 6113 6130 6461 6455 6463 6457 6458 6456 6458 6452 6105 6099 6457 6116 6121 6112 6463 6458 6464 6105 6457 6463 6451 6465 6214 6451 6450 6466 6096 6220 6449 6449 6214 6456 6459 6466 6450 6461 6103 6102 6454 6447 6108 6126 6467 6124 6130 6455 6120 6461 6468 6103 6140 6145 6139 6461 6139 6468 6469 6463 6464 6462 6464 6458 6116 6105 6463 6129 6121 6127 6469 6464 6470 6116 6463 6469 6215 6471 6210 6215 6214 6472 6452 6449 6456 6456 6210 6462 6465 6472 6214 6468 6108 6103 6460 6218 6109 6131 6132 6473 6139 6461 6130 6468 6474 6108 6175 6145 6144 6468 6145 6474 6475 6469 6470 6476 6470 6464 6127 6116 6469 6140 6129 6128 6470 6477 6475 6469 6475 6127 6211 6478 6113 6211 6210 6479 6458 6456 6462 6462 6113 6476 6471 6479 6210 6474 6109 6108 6124 6213 6125 6132 6117 6480 6145 6468 6139 6474 6481 6109 6178 6175 6176 6474 6175 6481 6482 6475 6477 6477 6470 6483 6128 6127 6475 6144 6140 6143 6477 6484 6482 6475 6482 6128 6476 6113 6115 6114 6113 6485 6464 6462 6476 6115 6483 6476 6478 6485 6113 6481 6125 6109 6209 6467 6126 6118 6134 6486 6175 6474 6145 6125 6481 6487 6177 6181 6178 6178 6487 6481 6488 6482 6484 6484 6477 6489 6143 6128 6482 6176 6144 6155 6484 6490 6488 6482 6488 6143 6483 6115 6122 6115 6491 6123 6470 6476 6483 6122 6489 6483 6491 6115 6207 6487 6126 6125 6480 6473 6132 6189 6492 6188 6178 6481 6175 6126 6487 6493 6174 6176 6155 6181 6493 6487 6152 6488 6490 6490 6484 6494 6155 6143 6488 6177 6176 6174 6490 6148 6152 6488 6152 6155 6122 6138 6489 6122 6495 6206 6477 6483 6489 6138 6494 6489 6495 6122 6205 6493 6132 6126 6486 6119 6118 6496 6190 6183 6181 6487 6178 6132 6493 6497 6177 6173 6179 6180 6493 6181 6162 6159 6498 6154 6148 6490 6174 6155 6152 6174 6173 6177 6499 6153 6141 6152 6147 6174 6138 6141 6494 6138 6137 6142 6484 6489 6494 6494 6141 6154 6206 6136 6138 6497 6118 6132 6188 6133 6135 6186 6180 6500 6497 6493 6180 6118 6497 6501 6500 6179 6502 6186 6497 6180 6502 6173 6161 6180 6179 6500 6172 6146 6148 6502 6179 6173 6161 6146 6168 6173 6147 6161 6499 6503 6153 6499 6141 6504 6490 6494 6154 6154 6153 6172 6142 6504 6141 6501 6135 6118 6204 6492 6189 6505 6187 6500 6501 6497 6186 6506 6135 6501 6507 6505 6502 6185 6501 6186 6168 6507 6161 6187 6186 6500 6162 6164 6203 6502 6505 6500 6168 6170 6507 6507 6502 6161 6158 6508 6159 6158 6153 6509 6148 6154 6172 6172 6159 6163 6503 6509 6153 6506 6189 6135 6182 6496 6183 6185 6510 6511 6506 6501 6185 6189 6506 6512 6187 6513 6510 6506 6185 6511 6505 6514 6513 6185 6187 6510 6507 6170 6514 6187 6505 6513 6168 6203 6170 6505 6507 6514 6498 6515 6162 6498 6159 6516 6146 6172 6163 6163 6162 6203 6508 6516 6159 6512 6183 6189 6191 6199 6192 6196 6512 6511 6512 6506 6511 6512 6196 6195 6517 6511 6510 6511 6517 6196 6518 6510 6513 6510 6518 6517 6519 6513 6514 6513 6519 6518 6169 6514 6170 6514 6169 6519 6156 6165 6160 6166 6162 6520 6168 6163 6203 6164 6171 6203 6515 6520 6162 6183 6191 6184 6198 6193 6201 6517 6521 6196 6183 6512 6195 6195 6197 6194 6518 6522 6517 6196 6521 6197 6519 6523 6518 6517 6522 6521 6169 6524 6519 6518 6523 6522 6171 6525 6169 6519 6524 6523 6164 6156 6171 6524 6169 6525 6164 6526 6165 6156 6525 6171 6526 6164 6167 6198 6191 6193 6191 6195 6194 5988 6194 6007 6193 6194 5988 6007 6197 6301 6194 6197 6007 6301 6521 6306 6197 6521 6301 6306 6522 6307 6521 6522 6306 6307 6523 6311 6522 6523 6307 6311 6524 6315 6523 6524 6311 6315 6525 6150 6524 6525 6315 6156 6151 6150 6525 6156 6150 7620 7621 7622 7623 7624 7625 7621 7626 7627 7626 7621 7620 7628 7627 7629 7626 7629 7627 7630 7631 7628 7628 7629 7630 7631 7632 7633 7632 7631 7630 7634 7633 7635 7632 7635 7633 7636 7637 7634 7634 7635 7636 7637 7638 7639 7638 7637 7636 7640 7639 7641 7638 7641 7639 7642 7643 7640 7640 7641 7642 7643 7644 7645 7644 7643 7642 7646 7645 7647 7644 7647 7645 7648 7649 7646 7646 7647 7648 7649 7650 7651 7650 7649 7648 7652 7651 7653 7650 7653 7651 7654 7655 7652 7652 7653 7654 7655 7656 7657 7656 7655 7654 7658 7657 7659 7656 7659 7657 7660 7661 7658 7658 7659 7660 7661 7662 7663 7662 7661 7660 7664 7663 7665 7662 7665 7663 7666 7667 7664 7664 7665 7666 7667 7668 7669 7668 7667 7666 7670 7669 7671 7668 7671 7669 7672 7673 7670 7670 7671 7672 7673 7674 7675 7674 7673 7672 7676 7675 7677 7674 7677 7675 7678 7679 7676 7676 7677 7678 7679 7680 7681 7680 7679 7678 7682 7681 7683 7680 7683 7681 7684 7685 7682 7682 7683 7684 7685 7686 7687 7686 7685 7684 7688 7687 7689 7686 7689 7687 7690 7691 7688 7688 7689 7690 7691 7692 7693 7692 7691 7690 7694 7693 7695 7692 7695 7693 7696 7697 7694 7694 7695 7696 7697 7698 7699 7698 7697 7696 7700 7699 7701 7698 7701 7699 7702 7703 7700 7700 7701 7702 7703 7704 7705 7704 7703 7702 7706 7705 7707 7704 7707 7705 7708 7709 7706 7706 7707 7708 7709 7710 7711 7710 7709 7708 7712 7711 7713 7710 7713 7711 7714 7715 7712 7712 7713 7714 7715 7716 7717 7716 7715 7714 7718 7717 7719 7716 7719 7717 7720 7721 7718 7718 7719 7720 7722 7723 7721 7722 7721 7720 7723 7724 7721 7622 7725 7620 7726 7725 7727 7622 7727 7725 7728 7729 7726 7726 7727 7728 7729 7730 7731 7730 7729 7728 7732 7731 7733 7730 7733 7731 7734 7735 7732 7732 7733 7734 7735 7736 7737 7736 7735 7734 7738 7737 7739 7736 7739 7737 7740 7741 7738 7738 7739 7740 7741 7742 7743 7742 7741 7740 7744 7743 7745 7742 7745 7743 7746 7747 7744 7744 7745 7746 7747 7748 7749 7748 7747 7746 7750 7749 7751 7748 7751 7749 7752 7753 7750 7750 7751 7752 7753 7754 7755 7754 7753 7752 7756 7755 7757 7754 7757 7755 7758 7759 7756 7756 7757 7758 7759 7760 7761 7760 7759 7758 7762 7761 7763 7760 7763 7761 7764 7765 7762 7762 7763 7764 7765 7766 7767 7766 7765 7764 7768 7767 7769 7766 7769 7767 7770 7771 7768 7768 7769 7770 7771 7772 7773 7772 7771 7770 7774 7773 7775 7772 7775 7773 7776 7777 7774 7774 7775 7776 7777 7778 7779 7778 7777 7776 7780 7779 7781 7778 7781 7779 7782 7783 7780 7780 7781 7782 7783 7784 7785 7784 7783 7782 7786 7785 7787 7784 7787 7785 7788 7789 7786 7786 7787 7788 7789 7790 7791 7790 7789 7788 7792 7791 7793 7790 7793 7791 7794 7795 7792 7792 7793 7794 7795 7796 7797 7796 7795 7794 7798 7797 7799 7796 7799 7797 7800 7801 7798 7798 7799 7800 7801 7802 7803 7802 7801 7800 7804 7803 7805 7802 7805 7803 7806 7807 7804 7804 7805 7806 7807 7808 7809 7808 7807 7806 7810 7809 7811 7808 7811 7809 7812 7813 7810 7810 7811 7812 7813 7814 7815 7814 7813 7812 7816 7815 7817 7814 7817 7815 7818 7819 7816 7816 7817 7818 7819 7820 7821 7820 7819 7818 7623 7821 7624 7820 7624 7821 7822 7823 7824 7825 7826 7827 7828 7829 7830 7831 7832 7833 7834 7835 7836 7837 7838 7839 7840 7841 7842 7843 7844 7845 7846 7847 7848 7849 7850 7851 7852 7853 7854 7855 7856 7857 7858 7859 7860 7861 7862 7863 7864 7865 7866 7867 7868 7869 7870 7871 7872 7873 7874 7875 7876 7877 7878 7879 7880 7881 7882 7883 7884 7885 7886 7887 7888 7886 7889 7890 7891 7892 7893 7894 7895 7896 7897 7898 7898 7899 7896 7900 7897 7901 7897 7900 7898 7902 7903 7901 7900 7901 7903 7902 7904 7905 7905 7903 7902 7906 7904 7907 7904 7906 7905 7908 7909 7907 7906 7907 7909 7908 7910 7911 7911 7909 7908 7912 7910 7913 7910 7912 7911 7914 7915 7913 7912 7913 7915 7914 7916 7917 7917 7915 7914 7918 7916 7919 7916 7918 7917 7920 7921 7919 7918 7919 7921 7920 7724 7723 7723 7921 7920 7899 7892 7891 7896 7899 7891 7893 7890 7894 7890 7892 7894 7886 7885 7889 7887 7893 7895 7885 7887 7895 7879 7881 7888 7879 7888 7889 7880 7882 7922 7880 7922 7881 7884 7883 7874 7922 7882 7884 7873 7875 7877 7874 7883 7875 7869 7876 7878 7876 7873 7877 7872 7868 7867 7867 7869 7878 7870 7861 7871 7872 7871 7868 7862 7864 7863 7870 7862 7861 7865 7856 7866 7863 7864 7866 7855 7857 7858 7866 7856 7855 7860 7859 7851 7858 7857 7859 7853 7850 7849 7850 7860 7851 7843 7852 7854 7854 7853 7849 7844 7848 7845 7843 7845 7852 7846 7838 7847 7844 7846 7848 7837 7839 7840 7847 7838 7837 7842 7841 7833 7840 7839 7841 7835 7832 7831 7832 7842 7833 7825 7834 7836 7836 7835 7831 7826 7830 7827 7825 7827 7834 7828 7822 7829 7826 7828 7830 7824 7823 7625 7829 7822 7824 7623 7625 7823 7923 7924 7925 7926 7927 7928 7929 7930 7925 7923 7925 7930 7929 7931 7932 7932 7930 7929 7933 7931 7934 7931 7933 7932 7935 7936 7934 7933 7934 7936 7935 7937 7938 7938 7936 7935 7939 7937 7940 7937 7939 7938 7941 7942 7940 7939 7940 7942 7941 7943 7944 7944 7942 7941 7945 7943 7946 7943 7945 7944 7947 7948 7946 7945 7946 7948 7947 7949 7950 7950 7948 7947 7951 7949 7952 7949 7951 7950 7953 7954 7952 7951 7952 7954 7953 7955 7956 7956 7954 7953 7957 7955 7958 7955 7957 7956 7959 7960 7958 7957 7958 7960 7959 7961 7962 7962 7960 7959 7963 7961 7964 7961 7963 7962 7965 7966 7964 7963 7964 7966 7965 7967 7968 7968 7966 7965 7969 7967 7970 7967 7969 7968 7971 7972 7970 7969 7970 7972 7971 7973 7974 7974 7972 7971 7975 7973 7976 7973 7975 7974 7977 7978 7976 7975 7976 7978 7979 7978 7977 7980 7924 7923 7981 7980 7982 7980 7981 7924 7983 7984 7982 7981 7982 7984 7983 7985 7986 7986 7984 7983 7987 7985 7988 7985 7987 7986 7989 7990 7988 7987 7988 7990 7989 7991 7992 7992 7990 7989 7993 7991 7994 7991 7993 7992 7995 7996 7994 7993 7994 7996 7995 7997 7998 7998 7996 7995 7999 7997 8000 7997 7999 7998 8001 8002 8000 7999 8000 8002 8001 8003 8004 8004 8002 8001 8005 8003 8006 8003 8005 8004 8007 8008 8006 8005 8006 8008 8007 8009 8010 8010 8008 8007 8011 8009 8012 8009 8011 8010 8013 8014 8012 8011 8012 8014 8013 8015 8016 8016 8014 8013 8017 8015 8018 8015 8017 8016 8019 8020 8018 8017 8018 8020 8019 8021 8022 8022 8020 8019 8023 8021 8024 8021 8023 8022 8025 8026 8024 8023 8024 8026 8025 8027 8028 8028 8026 8025 8029 8027 8030 8027 8029 8028 8031 8032 8030 8029 8030 8032 8033 8034 8035 8036 8037 8038 8039 8040 8041 8042 8043 8044 8045 8046 8047 8048 8049 8050 8051 8052 8053 8054 8055 8056 8057 8058 8059 8060 8061 8062 8063 8064 8065 8066 8067 8068 8069 8070 8071 8072 8073 8074 8075 8076 8077 8078 8079 8080 8081 8082 8083 8084 8085 8086 8087 8088 8089 8090 8091 8092 8093 8094 8095 8096 8097 8098 8099 8100 8101 8102 8103 8104 8105 8106 8107 8108 8109 8110 8111 8112 8113 8114 8115 8116 8117 8118 8119 8120 8121 8122 8123 8124 8125 8126 8127 8128 8129 8130 8131 8132 8133 8134 8135 8136 8137 8138 8139 8140 8141 8142 8143 8144 8145 8146 8147 8148 8149 8150 8151 8152 8153 8154 8155 8156 8157 8158 8159 8160 8161 8162 8163 8164 8165 8166 8167 8168 8169 8170 8171 8172 8173 8174 8175 8176 8177 8178 8179 8174 8180 8181 8181 8175 8174 8182 8180 8183 8180 8182 8181 8184 8185 8183 8182 8183 8185 8184 8186 8187 8187 8185 8184 8188 8186 8189 8186 8188 8187 8190 8191 8189 8188 8189 8191 8190 8192 8193 8193 8191 8190 8194 8192 8195 8192 8194 8193 8196 8197 8195 8194 8195 8197 8196 8198 8199 8199 8197 8196 8200 8198 8201 8198 8200 8199 8202 8203 8201 8200 8201 8203 8202 8204 8205 8205 8203 8202 8206 8204 8207 8204 8206 8205 8208 8209 8207 8206 8207 8209 8208 8210 8211 8211 8209 8208 8212 8210 8213 8210 8212 8211 8214 8215 8213 8212 8213 8215 8214 8216 8217 8217 8215 8214 8218 8216 8219 8216 8218 8217 8220 8221 8219 8218 8219 8221 8220 8222 8223 8223 8221 8220 8224 8222 8225 8222 8224 8223 7979 8226 8225 8224 8225 8226 7977 8226 7979 8179 8176 8177 8175 8177 8176 8169 8178 8170 8179 8178 8169 8171 8168 8172 8168 8170 8172 8162 8164 8173 8164 8171 8173 8167 8166 8163 8167 8163 8162 8165 8157 8156 8165 8156 8166 8158 8159 8161 8157 8159 8158 8151 8160 8152 8161 8160 8151 8153 8150 8154 8150 8152 8154 8144 8146 8155 8146 8153 8155 8149 8148 8145 8149 8145 8144 8147 8139 8138 8147 8138 8148 8140 8141 8143 8139 8141 8140 8133 8142 8134 8143 8142 8133 8135 8132 8136 8132 8134 8136 8126 8128 8137 8128 8135 8137 8131 8130 8127 8131 8127 8126 8129 8121 8120 8129 8120 8130 8122 8123 8125 8121 8123 8122 8115 8124 8116 8125 8124 8115 8117 8114 8118 8114 8116 8118 8108 8110 8119 8110 8117 8119 8113 8112 8109 8113 8109 8108 8111 8103 8102 8111 8102 8112 8104 8105 8107 8103 8105 8104 8097 8106 8098 8107 8106 8097 8099 8096 8100 8096 8098 8100 8090 8092 8101 8092 8099 8101 8095 8094 8091 8095 8091 8090 8093 8085 8084 8093 8084 8094 8086 8087 8089 8085 8087 8086 8079 8088 8080 8089 8088 8079 8081 8078 8082 8078 8080 8082 8072 8074 8083 8074 8081 8083 8077 8076 8073 8077 8073 8072 8075 8067 8066 8075 8066 8076 8068 8069 8071 8067 8069 8068 8061 8070 8062 8071 8070 8061 8063 8060 8064 8060 8062 8064 8054 8056 8065 8056 8063 8065 8059 8058 8055 8059 8055 8054 8057 8049 8048 8057 8048 8058 8050 8051 8053 8049 8051 8050 8043 8052 8044 8053 8052 8043 8045 8042 8046 8042 8044 8046 8036 8038 8047 8038 8045 8047 8041 8040 8037 8041 8037 8036 8039 8033 8035 8039 8035 8040 8034 7927 7926 8033 7927 8034 8031 7928 8032 7926 7928 8031 8759 8760 8761 8759 8762 8763 8763 8760 8759 8764 8762 8765 8762 8764 8763 8766 8767 8765 8764 8765 8767 8766 8768 8769 8769 8767 8766 8770 8768 8771 8768 8770 8769 8772 8773 8771 8770 8771 8773 8772 8774 8775 8775 8773 8772 8776 8774 8777 8774 8776 8775 8778 8779 8777 8776 8777 8779 8778 8780 8781 8781 8779 8778 8781 8782 8783 8782 8781 8780 8784 8783 8785 8782 8785 8783 8786 8787 8784 8784 8785 8786 8787 8788 8789 8788 8787 8786 8790 8789 8791 8788 8791 8789 8792 8793 8790 8790 8791 8792 8793 8794 8795 8794 8793 8792 8796 8795 8797 8794 8797 8795 8798 8799 8796 8796 8797 8798 8799 8800 8801 8800 8799 8798 8802 8801 8803 8800 8803 8801 8804 8805 8802 8802 8803 8804 8805 8806 8807 8806 8805 8804 8808 8807 8809 8806 8809 8807 8810 8811 8808 8808 8809 8810 8811 8812 8813 8812 8811 8810 8814 8813 8815 8812 8815 8813 8816 8817 8814 8814 8815 8816 8817 8818 8819 8818 8817 8816 8820 8819 8821 8818 8821 8819 8822 8820 8823 8820 8821 8823 8824 8820 8822 8760 8825 8761 8826 8827 8825 8761 8825 8827 8826 8828 8829 8829 8827 8826 8830 8828 8831 8828 8830 8829 8832 8833 8831 8830 8831 8833 8832 8834 8835 8835 8833 8832 8836 8834 8837 8834 8836 8835 8838 8839 8837 8836 8837 8839 8838 8840 8841 8841 8839 8838 8842 8840 8843 8840 8842 8841 8843 8844 8845 8842 8843 8845 8844 8846 8847 8846 8844 8843 8848 8847 8849 8846 8849 8847 8850 8851 8848 8848 8849 8850 8851 8852 8853 8852 8851 8850 8854 8853 8855 8852 8855 8853 8856 8857 8854 8854 8855 8856 8857 8858 8859 8858 8857 8856 8860 8859 8861 8858 8861 8859 8862 8863 8860 8860 8861 8862 8863 8864 8865 8864 8863 8862 8866 8865 8867 8864 8867 8865 8868 8869 8866 8866 8867 8868 8869 8870 8871 8870 8869 8868 8872 8871 8873 8870 8873 8871 8874 8875 8872 8872 8873 8874 8875 8876 8877 8876 8875 8874 8878 8877 8879 8876 8879 8877 8880 8881 8878 8878 8879 8880 8881 8882 8883 8882 8881 8880 8882 8824 8883 8883 8824 8822 8884 8885 8886 8887 8888 8889 8890 8891 8892 8893 8894 8892 8895 8896 8897 8892 8898 8893 8899 8895 8900 8901 8891 8887 8884 8902 8885 8890 8903 8904 8905 8906 8907 8908 8909 8903 8905 8910 8911 8889 8912 8913 8889 8888 8907 8914 8915 8916 8916 8910 8917 8918 8916 8919 8888 8904 8920 8921 8922 8923 8905 8920 8910 8917 8920 8904 8888 8891 8904 8922 8924 8913 8906 8905 8925 8903 8926 8917 8927 8928 8906 8929 8923 8930 8931 8932 8933 8934 8923 8935 8932 8931 8923 8936 8933 8932 8913 8912 8932 8923 8931 8935 8934 8930 8923 8913 8932 8923 8929 8921 8923 8937 8902 8884 8924 8887 8889 8938 8921 8939 8939 8921 8929 8940 8941 8942 8940 8921 8943 8944 8940 8945 8900 8946 8947 8948 8940 8944 8940 8942 8945 8899 8900 8947 8948 8900 8940 8899 8949 8895 8938 8943 8921 8941 8940 8943 8950 8951 8897 8952 8900 8948 8952 8946 8900 8896 8895 8953 8954 8897 8896 8955 8940 8900 8955 8922 8921 8956 8957 8932 8932 8957 8936 8913 8923 8922 8932 8912 8906 8928 8956 8906 8932 8906 8956 8953 8895 8949 8903 8958 8959 8940 8955 8921 8895 8960 8955 8911 8910 8961 8924 8922 8960 8925 8962 8906 8889 8913 8924 8906 8912 8907 8962 8963 8906 8927 8906 8963 8895 8955 8900 8950 8897 8954 8892 8964 8890 8955 8960 8922 8960 8897 8965 8926 8966 8967 8887 8924 8965 8910 8915 8968 8969 8925 8905 8912 8889 8907 8905 8907 8920 8911 8969 8905 8895 8897 8960 8937 8884 8951 8964 8970 8890 8960 8965 8924 8901 8965 8884 8971 8926 8909 8887 8891 8888 8919 8916 8972 8915 8910 8916 8907 8888 8920 8910 8920 8917 8961 8910 8968 8965 8897 8884 8897 8951 8884 8901 8884 8892 8887 8965 8901 8891 8901 8892 8903 8959 8973 8891 8890 8904 8966 8926 8974 8917 8904 8903 8967 8916 8926 8926 8916 8917 8914 8916 8918 8892 8884 8886 8886 8898 8892 8894 8975 8892 8892 8975 8964 8970 8976 8890 8958 8890 8976 8903 8890 8958 8908 8903 8973 8909 8926 8903 8974 8926 8971 8967 8972 8916 9105 9106 9107 9105 9108 9109 9109 9106 9105 9110 9108 9111 9108 9110 9109 9112 9113 9111 9110 9111 9113 9112 9114 9115 9115 9113 9112 9116 9114 9117 9114 9116 9115 9118 9119 9117 9116 9117 9119 9118 9120 9121 9121 9119 9118 9122 9120 9123 9120 9122 9121 9124 9125 9123 9122 9123 9125 9124 9126 9127 9127 9125 9124 9127 9128 9129 9128 9127 9126 9130 9129 9131 9128 9131 9129 9132 9133 9130 9130 9131 9132 9133 9134 9135 9134 9133 9132 9136 9135 9137 9134 9137 9135 9138 9139 9136 9136 9137 9138 9139 9140 9141 9140 9139 9138 9142 9141 9143 9140 9143 9141 9144 9145 9142 9142 9143 9144 9145 9146 9147 9146 9145 9144 9148 9147 9149 9146 9149 9147 9150 9151 9148 9148 9149 9150 9151 9152 9153 9152 9151 9150 9154 9153 9155 9152 9155 9153 9156 9157 9154 9154 9155 9156 9157 9158 9159 9158 9157 9156 9160 9159 9161 9158 9161 9159 9162 9163 9160 9160 9161 9162 9163 9164 9165 9164 9163 9162 9166 9165 9167 9164 9167 9165 9168 9166 9169 9166 9167 9169 9170 9166 9168 9106 9171 9107 9172 9173 9171 9107 9171 9173 9172 9174 9175 9175 9173 9172 9176 9174 9177 9174 9176 9175 9178 9179 9177 9176 9177 9179 9178 9180 9181 9181 9179 9178 9182 9180 9183 9180 9182 9181 9184 9185 9183 9182 9183 9185 9184 9186 9187 9187 9185 9184 9188 9186 9189 9186 9188 9187 9189 9190 9191 9188 9189 9191 9190 9192 9193 9192 9190 9189 9194 9193 9195 9192 9195 9193 9196 9197 9194 9194 9195 9196 9197 9198 9199 9198 9197 9196 9200 9199 9201 9198 9201 9199 9202 9203 9200 9200 9201 9202 9203 9204 9205 9204 9203 9202 9206 9205 9207 9204 9207 9205 9208 9209 9206 9206 9207 9208 9209 9210 9211 9210 9209 9208 9212 9211 9213 9210 9213 9211 9214 9215 9212 9212 9213 9214 9215 9216 9217 9216 9215 9214 9218 9217 9219 9216 9219 9217 9220 9221 9218 9218 9219 9220 9221 9222 9223 9222 9221 9220 9224 9223 9225 9222 9225 9223 9226 9227 9224 9224 9225 9226 9227 9228 9229 9228 9227 9226 9228 9170 9229 9229 9170 9168 9230 9231 9232 9233 9234 9235 9236 9237 9238 9239 9240 9238 9241 9242 9243 9238 9244 9239 9245 9241 9246 9247 9237 9233 9230 9248 9231 9236 9249 9250 9251 9252 9253 9254 9255 9249 9251 9256 9257 9235 9258 9259 9235 9234 9253 9260 9261 9262 9262 9256 9263 9264 9262 9265 9234 9250 9266 9267 9268 9269 9251 9266 9256 9263 9266 9250 9234 9237 9250 9268 9270 9259 9252 9251 9271 9249 9272 9263 9273 9274 9252 9275 9269 9276 9277 9278 9279 9280 9269 9281 9278 9277 9269 9282 9279 9278 9259 9258 9278 9269 9277 9281 9280 9276 9269 9259 9278 9269 9275 9267 9269 9283 9248 9230 9270 9233 9235 9284 9267 9285 9285 9267 9275 9286 9287 9288 9286 9267 9289 9290 9286 9291 9246 9292 9293 9294 9286 9290 9286 9288 9291 9245 9246 9293 9294 9246 9286 9245 9295 9241 9284 9289 9267 9287 9286 9289 9296 9297 9243 9298 9246 9294 9298 9292 9246 9242 9241 9299 9300 9243 9242 9301 9286 9246 9301 9268 9267 9302 9303 9278 9278 9303 9282 9259 9269 9268 9278 9258 9252 9274 9302 9252 9278 9252 9302 9299 9241 9295 9249 9304 9305 9286 9301 9267 9241 9306 9301 9257 9256 9307 9270 9268 9306 9271 9308 9252 9235 9259 9270 9252 9258 9253 9308 9309 9252 9273 9252 9309 9241 9301 9246 9296 9243 9300 9238 9310 9236 9301 9306 9268 9306 9243 9311 9272 9312 9313 9233 9270 9311 9256 9261 9314 9315 9271 9251 9258 9235 9253 9251 9253 9266 9257 9315 9251 9241 9243 9306 9283 9230 9297 9310 9316 9236 9306 9311 9270 9247 9311 9230 9317 9272 9255 9233 9237 9234 9265 9262 9318 9261 9256 9262 9253 9234 9266 9256 9266 9263 9307 9256 9314 9311 9243 9230 9243 9297 9230 9247 9230 9238 9233 9311 9247 9237 9247 9238 9249 9305 9319 9237 9236 9250 9312 9272 9320 9263 9250 9249 9313 9262 9272 9272 9262 9263 9260 9262 9264 9238 9230 9232 9232 9244 9238 9240 9321 9238 9238 9321 9310 9316 9322 9236 9304 9236 9322 9249 9236 9304 9254 9249 9319 9255 9272 9249 9320 9272 9317 9313 9318 9262</p>
        </triangles>
        <triangles count="40" material="ID10">
          <input offset="0" semantic="VERTEX" source="#ID8"/>
          <p>1366 1367 1368 1366 1369 1370 1370 1367 1366 1371 1369 1372 1369 1371 1370 1373 1374 1372 1371 1372 1374 1373 1375 1376 1376 1374 1373 1375 1377 1376 1378 1368 1367 1379 1378 1380 1378 1379 1368 1381 1382 1380 1379 1380 1382 1381 1383 1384 1384 1382 1381 1385 1383 1386 1383 1385 1384 1385 1386 1387 1388 1389 1390 1388 1391 1392 1392 1389 1388 1393 1391 1394 1391 1393 1392 1395 1396 1394 1393 1394 1396 1395 1397 1398 1398 1396 1395 1397 1399 1398 1400 1390 1389 1401 1400 1402 1400 1401 1390 1403 1404 1402 1401 1402 1404 1403 1405 1406 1406 1404 1403 1407 1405 1408 1405 1407 1406 1407 1408 1409</p>
        </triangles>
        <triangles count="256" material="ID11">
          <input offset="0" semantic="VERTEX" source="#ID8"/>
          <p>8631 8632 8633 8634 8635 8636 8632 8637 8638 8637 8632 8631 8639 8638 8640 8637 8640 8638 8641 8642 8639 8639 8640 8641 8642 8643 8644 8643 8642 8641 8645 8644 8646 8643 8646 8644 8647 8648 8645 8645 8646 8647 8648 8649 8650 8649 8648 8647 8651 8650 8652 8649 8652 8650 8653 8654 8651 8651 8652 8653 8654 8655 8656 8655 8654 8653 8657 8656 8658 8655 8658 8656 8659 8660 8657 8657 8658 8659 8660 8661 8662 8661 8660 8659 8663 8662 8664 8661 8664 8662 8665 8663 8666 8663 8664 8666 8667 8663 8665 8633 8668 8631 8669 8670 8668 8668 8633 8669 8670 8671 8672 8671 8670 8669 8673 8672 8674 8671 8674 8672 8675 8676 8673 8673 8674 8675 8676 8677 8678 8677 8676 8675 8679 8678 8680 8677 8680 8678 8681 8682 8679 8679 8680 8681 8682 8683 8684 8683 8682 8681 8685 8684 8686 8683 8686 8684 8687 8688 8685 8685 8686 8687 8688 8689 8690 8689 8688 8687 8691 8690 8692 8689 8692 8690 8693 8694 8691 8691 8692 8693 8694 8695 8696 8695 8694 8693 8697 8696 8698 8695 8698 8696 8699 8700 8701 8697 8698 8634 8702 8703 8704 8705 8706 8707 8708 8709 8710 8711 8712 8713 8714 8715 8716 8717 8718 8719 8720 8721 8722 8723 8724 8725 8726 8727 8728 8729 8730 8731 8732 8733 8734 8735 8736 8737 8738 8739 8740 8741 8742 8743 8744 8745 8746 8738 8746 8745 8744 8747 8748 8748 8745 8744 8749 8747 8750 8747 8749 8748 8751 8752 8750 8749 8750 8752 8751 8753 8754 8754 8752 8751 8755 8753 8756 8753 8755 8754 8757 8758 8756 8755 8756 8758 8667 8665 8758 8758 8757 8667 8740 8739 8743 8738 8740 8746 8741 8733 8742 8739 8741 8743 8732 8734 8735 8742 8733 8732 8737 8736 8728 8735 8734 8736 8730 8727 8726 8727 8737 8728 8720 8729 8731 8731 8730 8726 8721 8725 8722 8720 8722 8729 8723 8715 8724 8721 8723 8725 8714 8716 8717 8724 8715 8714 8719 8718 8710 8717 8716 8718 8712 8709 8708 8709 8719 8710 8702 8711 8713 8713 8712 8708 8703 8707 8704 8702 8704 8711 8705 8699 8706 8703 8705 8707 8701 8700 8635 8706 8699 8701 8634 8636 8697 8635 8700 8636 8977 8978 8979 8980 8981 8982 8978 8983 8984 8983 8978 8977 8985 8984 8986 8983 8986 8984 8987 8988 8985 8985 8986 8987 8988 8989 8990 8989 8988 8987 8991 8990 8992 8989 8992 8990 8993 8994 8991 8991 8992 8993 8994 8995 8996 8995 8994 8993 8997 8996 8998 8995 8998 8996 8999 9000 8997 8997 8998 8999 9000 9001 9002 9001 9000 8999 9003 9002 9004 9001 9004 9002 9005 9006 9003 9003 9004 9005 9006 9007 9008 9007 9006 9005 9009 9008 9010 9007 9010 9008 9011 9009 9012 9009 9010 9012 9013 9009 9011 8979 9014 8977 9015 9016 9014 9014 8979 9015 9016 9017 9018 9017 9016 9015 9019 9018 9020 9017 9020 9018 9021 9022 9019 9019 9020 9021 9022 9023 9024 9023 9022 9021 9025 9024 9026 9023 9026 9024 9027 9028 9025 9025 9026 9027 9028 9029 9030 9029 9028 9027 9031 9030 9032 9029 9032 9030 9033 9034 9031 9031 9032 9033 9034 9035 9036 9035 9034 9033 9037 9036 9038 9035 9038 9036 9039 9040 9037 9037 9038 9039 9040 9041 9042 9041 9040 9039 9043 9042 9044 9041 9044 9042 9045 9046 9047 9043 9044 8980 9048 9049 9050 9051 9052 9053 9054 9055 9056 9057 9058 9059 9060 9061 9062 9063 9064 9065 9066 9067 9068 9069 9070 9071 9072 9073 9074 9075 9076 9077 9078 9079 9080 9081 9082 9083 9084 9085 9086 9087 9088 9089 9090 9091 9092 9084 9092 9091 9090 9093 9094 9094 9091 9090 9095 9093 9096 9093 9095 9094 9097 9098 9096 9095 9096 9098 9097 9099 9100 9100 9098 9097 9101 9099 9102 9099 9101 9100 9103 9104 9102 9101 9102 9104 9013 9011 9104 9104 9103 9013 9086 9085 9089 9084 9086 9092 9087 9079 9088 9085 9087 9089 9078 9080 9081 9088 9079 9078 9083 9082 9074 9081 9080 9082 9076 9073 9072 9073 9083 9074 9066 9075 9077 9077 9076 9072 9067 9071 9068 9066 9068 9075 9069 9061 9070 9067 9069 9071 9060 9062 9063 9070 9061 9060 9065 9064 9056 9063 9062 9064 9058 9055 9054 9055 9065 9056 9048 9057 9059 9059 9058 9054 9049 9053 9050 9048 9050 9057 9051 9045 9052 9049 9051 9053 9047 9046 8981 9052 9045 9047 8980 8982 9043 8981 9046 8982</p>
        </triangles>
        <triangles count="1532" material="ID12">
          <input offset="0" semantic="VERTEX" source="#ID8"/>
          <p>858 859 860 861 859 858 862 859 863 862 860 859 864 859 865 864 863 859 866 859 867 866 865 859 859 868 869 869 867 859 859 870 871 868 859 871 859 872 873 870 859 873 872 859 874 875 876 877 878 876 879 880 876 881 880 877 876 876 882 883 881 876 883 876 884 885 882 876 885 876 886 887 884 876 887 886 876 878 888 876 889 888 879 876 890 889 876 891 890 876 892 893 894 895 893 896 895 894 893 897 893 898 897 896 893 899 893 900 899 898 893 893 901 902 903 893 902 893 904 905 901 893 905 893 906 907 904 893 907 906 893 908 903 900 893 909 910 911 910 912 913 914 910 913 910 915 916 912 910 916 910 917 918 915 910 918 910 919 920 917 910 920 921 910 909 910 921 922 923 910 924 923 911 910 925 924 910 919 910 922 926 927 928 927 929 930 931 927 930 932 927 926 929 927 932 933 927 934 933 928 927 935 927 936 935 934 927 936 927 937 927 938 939 937 927 939 927 940 941 938 927 941 940 927 942 943 944 945 944 946 947 944 948 949 946 944 949 944 950 951 948 944 951 944 952 953 950 944 953 952 944 954 955 944 956 955 945 944 957 944 958 957 956 944 959 958 944 954 944 943 960 961 962 960 962 963 964 960 963 965 966 967 965 967 968 969 965 968 970 971 972 971 970 973 971 974 972 975 976 977 976 975 978 976 979 977 980 981 982 983 981 984 981 980 984 985 986 987 985 987 988 988 987 989 1230 1231 1232 1230 1233 1234 1235 1230 1236 1237 1236 1230 1230 1238 1239 1240 1237 1230 1232 1241 1230 1238 1230 1235 1230 1242 1243 1239 1242 1230 1244 1233 1230 1234 1245 1246 1230 1243 1244 1247 1246 1245 1234 1246 1230 1246 1248 1249 1246 1249 1250 1230 1251 1240 1246 1247 1248 1246 1250 1252 1253 1246 1254 1254 1246 1252 1253 1255 1246 1241 1251 1230 1255 1256 1246 1257 1231 1230 1258 1257 1230 1246 1256 1259 1259 1260 1246 1258 1230 1261 1262 1230 1263 1261 1230 1262 1264 1246 1265 1246 1260 1265 1263 1230 1266 1246 1264 1267 1268 1269 1246 1230 1270 1271 1272 1273 1270 1274 1246 1269 1275 1276 1277 1275 1277 1278 1279 1277 1280 1281 1277 1276 1282 1283 1270 1284 1285 1277 1270 1286 1287 1288 1289 1277 1270 1290 1291 1291 1286 1270 1292 1293 1294 1270 1292 1295 1292 1296 1297 1298 1277 1299 1292 1300 1301 1302 1303 1304 1292 1305 1306 1302 1307 1308 1309 1310 1292 1301 1311 1292 1302 1312 1313 1314 1292 1315 1302 1316 1317 1318 1319 1302 1302 1304 1320 1321 1322 1302 1323 1316 1302 1324 1302 1325 1326 1302 1319 1302 1322 1318 1292 1302 1313 1327 1323 1302 1326 1327 1302 1312 1302 1328 1317 1329 1302 1315 1292 1330 1302 1329 1328 1331 1292 1332 1331 1330 1292 1333 1309 1292 1333 1292 1314 1334 1302 1324 1321 1302 1334 1306 1335 1292 1292 1310 1305 1335 1336 1292 1302 1308 1325 1307 1302 1320 1336 1300 1292 1337 1296 1292 1337 1292 1311 1338 1302 1277 1339 1303 1302 1292 1297 1293 1298 1338 1277 1292 1294 1295 1299 1277 1340 1341 1277 1342 1340 1277 1341 1277 1343 1342 1344 1345 1277 1343 1277 1345 1270 1287 1346 1344 1277 1347 1348 1270 1346 1277 1349 1347 1277 1285 1288 1348 1282 1270 1277 1279 1284 1350 1270 1283 1351 1270 1352 1352 1270 1350 1270 1351 1353 1277 1281 1280 1354 1355 1270 1354 1270 1353 1356 1278 1277 1357 1270 1355 1277 1358 1356 1270 1357 1272 1246 1274 1359 1359 1358 1246 1271 1270 1360 1270 1361 1360 1267 1362 1246 1268 1246 1362 1277 1289 1349 1270 1273 1363 1361 1270 1363 1271 1364 1230 1266 1230 1364 1295 1365 1270 1290 1270 1365 1332 1292 1313 1338 1339 1302 1277 1246 1358 5718 5719 5720 5719 5721 5722 5721 5719 5718 5723 5722 5724 5721 5724 5722 5725 5726 5723 5723 5724 5725 5726 5727 5728 5727 5726 5725 5729 5728 5730 5727 5730 5728 5731 5732 5729 5729 5730 5731 5732 5733 5734 5733 5732 5731 5735 5734 5736 5733 5736 5734 5737 5738 5735 5735 5736 5737 5738 5739 5740 5739 5738 5737 5741 5740 5742 5739 5742 5740 5743 5744 5741 5741 5742 5743 5744 5745 5746 5745 5744 5743 5747 5746 5748 5745 5748 5746 5749 5750 5747 5747 5748 5749 5750 5751 5752 5751 5750 5749 5753 5752 5754 5751 5754 5752 5755 5756 5753 5753 5754 5755 5756 5757 5758 5757 5756 5755 5759 5758 5760 5757 5760 5758 5761 5762 5759 5759 5760 5761 5762 5763 5764 5763 5762 5761 5765 5764 5766 5763 5766 5764 5767 5768 5765 5765 5766 5767 5768 5769 5770 5769 5768 5767 5771 5770 5772 5769 5772 5770 5773 5774 5771 5771 5772 5773 5774 5775 5776 5775 5774 5773 5777 5776 5778 5775 5778 5776 5779 5780 5777 5777 5778 5779 5780 5781 5782 5781 5780 5779 5783 5782 5784 5781 5784 5782 5785 5786 5783 5783 5784 5785 5786 5787 5788 5787 5786 5785 5789 5788 5790 5787 5790 5788 5791 5792 5789 5789 5790 5791 5792 5793 5794 5793 5792 5791 5795 5794 5796 5793 5796 5794 5797 5798 5795 5795 5796 5797 5798 5799 5800 5799 5798 5797 5801 5800 5802 5799 5802 5800 5803 5804 5801 5801 5802 5803 5804 5805 5806 5805 5804 5803 5807 5806 5808 5805 5808 5806 5809 5810 5807 5807 5808 5809 5810 5811 5812 5811 5810 5809 5813 5812 5814 5811 5814 5812 5815 5816 5813 5813 5814 5815 5816 5817 5818 5817 5816 5815 5819 5818 5820 5817 5820 5818 5821 5822 5819 5819 5820 5821 5822 5823 5824 5823 5822 5821 5825 5824 5826 5823 5826 5824 5827 5828 5825 5825 5826 5827 5828 5829 5830 5829 5828 5827 5831 5830 5832 5829 5832 5830 5833 5834 5831 5831 5832 5833 5834 5835 5836 5835 5834 5833 5837 5836 5838 5835 5838 5836 5839 5840 5837 5837 5838 5839 5840 5841 5842 5841 5840 5839 5843 5842 5844 5841 5844 5842 5845 5846 5843 5843 5844 5845 5846 5847 5848 5847 5846 5845 5849 5848 5850 5847 5850 5848 5851 5852 5849 5849 5850 5851 5853 5852 5851 5854 5855 5720 5718 5720 5855 5854 5856 5857 5857 5855 5854 5858 5856 5859 5856 5858 5857 5860 5861 5859 5858 5859 5861 5860 5862 5863 5863 5861 5860 5864 5862 5865 5862 5864 5863 5866 5867 5865 5864 5865 5867 5866 5868 5869 5869 5867 5866 5870 5868 5871 5868 5870 5869 5872 5873 5871 5870 5871 5873 5872 5874 5875 5875 5873 5872 5876 5874 5877 5874 5876 5875 5878 5879 5877 5876 5877 5879 5878 5880 5881 5881 5879 5878 5882 5880 5883 5880 5882 5881 5884 5885 5883 5882 5883 5885 5884 5886 5887 5887 5885 5884 5888 5886 5889 5886 5888 5887 5890 5891 5889 5888 5889 5891 5890 5892 5893 5893 5891 5890 5894 5892 5895 5892 5894 5893 5896 5897 5895 5894 5895 5897 5896 5898 5899 5899 5897 5896 5900 5898 5901 5898 5900 5899 5902 5903 5901 5900 5901 5903 5902 5904 5905 5905 5903 5902 5906 5904 5907 5904 5906 5905 5908 5909 5907 5906 5907 5909 5908 5910 5911 5911 5909 5908 5912 5910 5913 5910 5912 5911 5914 5915 5913 5912 5913 5915 5914 5916 5917 5917 5915 5914 5918 5916 5919 5916 5918 5917 5920 5921 5919 5918 5919 5921 5920 5922 5923 5923 5921 5920 5924 5922 5925 5922 5924 5923 5926 5927 5925 5924 5925 5927 5926 5928 5929 5929 5927 5926 5930 5928 5931 5928 5930 5929 5932 5933 5931 5930 5931 5933 5932 5934 5935 5935 5933 5932 5936 5934 5937 5934 5936 5935 5938 5939 5937 5936 5937 5939 5938 5940 5941 5941 5939 5938 5942 5940 5943 5940 5942 5941 5944 5945 5943 5942 5943 5945 5944 5946 5947 5947 5945 5944 5948 5946 5949 5946 5948 5947 5950 5951 5949 5948 5949 5951 5950 5952 5953 5953 5951 5950 5954 5952 5955 5952 5954 5953 5956 5957 5955 5954 5955 5957 5956 5958 5959 5959 5957 5956 5960 5958 5961 5958 5960 5959 5962 5963 5961 5960 5961 5963 5962 5964 5965 5965 5963 5962 5966 5964 5967 5964 5966 5965 5968 5969 5967 5966 5967 5969 5968 5970 5971 5971 5969 5968 5972 5970 5973 5970 5972 5971 5974 5975 5973 5972 5973 5975 5974 5976 5977 5977 5975 5974 5978 5976 5979 5976 5978 5977 5980 5981 5979 5978 5979 5981 5980 5982 5983 5983 5981 5980 5984 5982 5985 5982 5984 5983 5984 5985 5853 5853 5985 5852 6527 6528 6529 6530 6531 6532 6533 6534 6535 6536 6537 6527 6538 6539 6532 6540 6541 6542 6543 6544 6534 6545 6546 6547 6548 6535 6529 6549 6543 6533 6550 6551 6552 6545 6553 6554 6555 6556 6543 6557 6558 6559 6560 6561 6562 6563 6555 6549 6533 6548 6564 6533 6543 6534 6565 6566 6567 6568 6569 6570 6555 6571 6572 6568 6573 6569 6564 6574 6549 6563 6575 6571 6576 6566 6577 6578 6573 6579 6577 6562 6580 6581 6582 6583 6584 6571 6585 6575 6586 6585 6587 6563 6574 6555 6563 6571 6561 6560 6588 6589 6590 6591 6592 6585 6593 6594 6591 6590 6575 6587 6595 6593 6586 6596 6597 6598 6560 6599 6600 6594 6601 6597 6602 6603 6604 6605 6606 6607 6593 6606 6596 6608 6586 6595 6609 6593 6585 6586 6610 6602 6611 6612 6613 6614 6615 6616 6606 6614 6617 6612 6618 6619 6620 6621 6615 6608 6596 6609 6622 6623 6624 6605 6625 6626 6627 6622 6628 6608 6615 6629 6630 6631 6629 6621 6623 6605 6617 6608 6615 6606 6632 6633 6625 6634 6623 6635 6632 6620 6636 6623 6634 6637 6638 6629 6639 6631 6640 6639 6628 6641 6621 6639 6642 6643 6619 6618 6644 6645 6646 6647 6648 6649 6650 6631 6641 6651 6637 6649 6648 6652 6653 6654 6640 6655 6642 6642 6656 6657 6629 6631 6639 6651 6658 6640 6659 6660 6649 6661 6652 6662 6663 6649 6660 6656 6664 6665 6656 6655 6666 6667 6668 6669 6670 6671 6672 6673 6655 6658 6671 6663 6672 6674 6675 6676 6677 6678 6664 6678 6677 6679 6680 6681 6645 6674 6682 6675 6683 6680 6667 6684 6682 6685 6686 6687 6688 6668 6689 6690 6679 6691 6678 6684 6692 6693 6684 6685 6692 6684 6675 6682 6694 6687 6695 6688 6696 6697 6696 6684 6693 6687 6686 6698 6684 6699 6675 6695 6687 6700 6699 6684 6691 6690 6669 6668 6679 6699 6691 6677 6664 6701 6645 6702 6646 6655 6656 6642 6664 6666 6701 6666 6673 6703 6704 6705 6672 6705 6706 6672 6701 6666 6703 6707 6708 6709 6664 6656 6666 6706 6709 6708 6710 6711 6673 6709 6706 6712 6710 6713 6711 6713 6710 6707 6714 6713 6707 6714 6707 6709 6715 6716 6709 6716 6717 6714 6714 6709 6716 6718 6714 6717 6536 6534 6719 6720 6721 6722 6723 6724 6531 6725 6722 6721 6528 6726 6727 6527 6535 6536 6551 6550 6538 6721 6728 6729 6730 6731 6732 6733 6537 6536 6734 6735 6736 6737 6738 6739 6727 6738 6740 6527 6537 6726 6537 6741 6739 6742 6743 6744 6745 6734 6746 6743 6742 6747 6531 6724 6748 6726 6739 6738 6749 6750 6740 6751 6752 6742 6737 6739 6753 6754 6755 6756 6757 6758 6759 6760 6761 6762 6750 6762 6763 6749 6738 6737 6760 6737 6764 6765 6766 6767 6768 6769 6770 6771 6767 6766 6772 6773 6769 6762 6749 6760 6763 6774 6775 6766 6776 6777 6778 6761 6760 6779 6780 6781 6782 6773 6783 6784 6785 6786 6787 6775 6784 6761 6774 6762 6770 6759 6758 6788 6789 6790 6761 6791 6785 6790 6792 6788 6793 6794 6795 6785 6784 6774 6796 6787 6797 6798 6790 6799 6785 6800 6786 6801 6802 6803 6804 6805 6806 6807 6808 6809 6810 6804 6811 6784 6786 6797 6808 6812 6796 6813 6814 6815 6809 6786 6816 6814 6813 6817 6818 6819 6810 6797 6809 6808 6812 6820 6821 6822 6823 6813 6824 6825 6826 6805 6793 6795 6827 6828 6829 6809 6830 6807 6807 6820 6808 6831 6832 6833 6834 6835 6836 6821 6827 6837 6836 6838 6834 6807 6839 6828 6828 6827 6820 6831 6840 6841 6842 6836 6843 6844 6837 6845 6846 6847 6848 6819 6849 6810 6850 6851 6852 6829 6828 6853 6827 6829 6845 6854 6855 6856 6857 6858 6859 6844 6851 6860 6858 6857 6861 6852 6829 6862 6845 6852 6851 6863 6864 6865 6866 6867 6857 6868 6869 6864 6870 6871 6872 6873 6874 6860 6875 6876 6877 6878 6850 6852 6873 6851 6850 6879 6869 6880 6881 6882 6883 6884 6874 6877 6885 6883 6882 6865 6856 6855 6877 6873 6875 6850 6886 6875 6882 6887 6888 6889 6890 6891 6876 6892 6877 6884 6892 6893 6894 6876 6875 6895 6896 6897 6869 6865 6864 6898 6876 6899 6898 6900 6901 6902 6903 6904 6905 6897 6896 6906 6901 6900 6907 6898 6901 6908 6909 6903 6910 6911 6912 6889 6869 6879 6913 6909 6914 6891 6904 6889 6910 6915 6911 6909 6904 6903 6907 6916 6893 6917 6918 6919 6920 6921 6922 6923 6909 6913 6924 6675 6699 6924 6925 6926 6926 6927 6928 6910 6929 6930 6928 6931 6926 6932 6933 6934 6675 6926 6931 6935 6929 6936 6931 6937 6675 6938 6895 6939 6675 6937 6676 6935 6936 6940 6941 6942 6943 6896 6944 6905 6941 6945 6946 6929 6932 6934 6941 6947 6948 6941 6943 6936 6949 6950 6945 6950 6949 6951 6945 6941 6949 6952 6951 6949 6718 6953 6714 6952 6714 6953 6954 6688 6697 6688 6954 6686 6696 6688 6684 6694 6955 6668 6688 6956 6691 6694 6668 6687 6665 6678 6956 6663 6957 6672 6678 6665 6664 6710 6958 6707 6959 6706 6705 6703 6673 6711 6673 6666 6655 6712 6706 6960 6710 6658 6958 6709 6712 6961 6958 6708 6707 6961 6715 6709 6688 6691 6684 6700 6687 6698 6962 6667 6669 6691 6956 6678 6963 6956 6687 6647 6964 6662 6657 6665 6963 6639 6640 6642 6656 6665 6657 6958 6965 6708 6708 6670 6706 6673 6658 6710 6640 6658 6655 6706 6670 6672 6651 6965 6958 6706 6966 6960 6708 6965 6670 6959 6966 6706 6956 6688 6687 6689 6668 6955 6967 6702 6645 6956 6963 6665 6668 6968 6963 6680 6645 6667 6643 6657 6968 6637 6969 6649 6657 6643 6642 6965 6970 6670 6971 6663 6660 6658 6651 6958 6651 6640 6631 6957 6663 6972 6965 6641 6970 6672 6957 6973 6970 6671 6670 6973 6704 6672 6963 6687 6668 6683 6667 6962 6974 6647 6646 6963 6968 6657 6975 6968 6667 6644 6618 6976 6643 6975 6638 6615 6621 6629 6638 6639 6643 6970 6977 6671 6671 6650 6663 6651 6641 6965 6621 6641 6631 6663 6650 6649 6628 6977 6970 6663 6978 6972 6671 6977 6650 6971 6978 6663 6667 6968 6668 6967 6645 6681 6979 6653 6652 6968 6975 6643 6645 6980 6975 6662 6652 6647 6980 6630 6638 6617 6981 6623 6630 6629 6638 6977 6982 6650 6983 6637 6634 6641 6628 6970 6628 6621 6608 6969 6637 6984 6977 6622 6982 6649 6969 6985 6982 6648 6650 6985 6659 6649 6975 6667 6645 6964 6647 6974 6654 6986 6618 6975 6980 6638 6647 6987 6980 6654 6618 6652 6630 6987 6616 6593 6596 6606 6616 6615 6630 6982 6988 6648 6648 6624 6637 6628 6622 6977 6596 6622 6608 6637 6624 6623 6609 6988 6982 6637 6989 6984 6648 6988 6624 6983 6989 6637 6647 6980 6645 6979 6652 6661 6990 6620 6619 6980 6987 6630 6991 6987 6652 6611 6992 6993 6607 6616 6991 6594 6994 6612 6616 6607 6606 6988 6603 6624 6995 6617 6614 6622 6609 6982 6609 6596 6586 6981 6617 6996 6988 6595 6603 6623 6981 6997 6603 6605 6624 6997 6635 6623 6987 6647 6652 6976 6618 6986 6998 6626 6625 6987 6991 6616 6618 6999 6991 6632 6625 6620 6592 6607 6999 6571 6575 6585 6592 6593 6607 6594 6612 6582 6605 7000 6617 6609 6595 6988 6575 6595 6586 6617 7000 6612 6587 6604 6603 6617 7001 6996 6605 6604 7000 6995 7001 6617 6991 6652 6618 6636 6620 6990 6627 7002 6992 6991 6999 6607 7003 6999 6620 6627 6992 6625 6584 6592 7003 6573 7004 6591 6584 6585 6592 6604 6583 7000 7000 6582 6612 6595 6587 6603 6587 6575 6563 6994 6594 6600 6604 6574 6583 6612 6994 7005 6583 6582 7000 7005 6613 6612 6620 6999 6618 6998 6625 6633 7006 6602 6610 6999 7003 6592 6625 7007 7003 6611 6602 6992 6572 6584 7007 6543 6549 6555 6572 6571 6584 6573 6591 6557 6582 7008 6594 6587 6574 6604 6549 6574 6563 6594 7008 6591 6583 6564 6581 6594 6590 7009 6582 6581 7008 7009 6599 6594 7003 6620 6625 6993 6992 7002 7010 6588 6560 7003 7007 6584 6992 7011 7007 6597 6560 6602 6556 6572 7011 6545 7012 6569 6556 6555 6572 6581 6558 7008 7008 6557 6591 6574 6564 6583 6564 6549 6533 7004 6573 6578 6581 6548 6558 6591 7004 7013 6558 6557 7008 7013 6589 6591 7007 6625 6992 6601 6602 7006 7014 6562 6561 7007 7011 6572 7015 7011 6602 6552 6551 7016 6556 7015 6544 6536 6535 6534 6556 6544 6543 6545 6569 7017 6557 7018 6573 6564 6548 6581 6535 6548 6533 6573 7018 6569 6558 6529 6559 6573 6568 7019 6557 6559 7018 7019 6579 6573 6602 7011 6992 7010 6560 6598 7020 6567 6566 7011 7015 6556 6560 7021 7015 6577 6566 6562 7021 6719 6544 6721 6720 6546 6534 6544 6719 6559 7022 7018 7018 7017 6569 6548 6529 6558 6529 6535 6527 7012 6545 6554 6559 6528 7022 6569 7012 7023 7022 7017 7018 7023 6570 6569 7015 6602 6560 6580 6562 7014 6565 7024 6551 7015 7021 6544 6562 7025 7021 6565 6551 6566 6719 7025 6733 6739 6726 6537 6719 6733 6536 7022 7026 7017 7017 6541 6545 6529 6528 6559 6726 6528 6527 6547 6546 7027 7022 6727 7026 6545 6547 7028 7017 7026 6541 7028 6553 6545 6562 7021 6560 7020 6566 6576 7029 6538 6550 7021 7025 6719 7030 7025 6566 6735 6748 7031 6741 6733 7030 6742 6744 6728 6741 6537 6733 7026 6542 6541 6541 6540 6546 6528 6727 7022 6738 6727 6726 6546 6540 6721 7026 6740 6542 6546 6720 7032 7027 6546 7032 6545 6541 6546 7025 6562 6566 7016 6551 7024 7033 6723 6531 7025 7030 6733 6551 7034 7030 6532 6531 6538 6753 6741 7034 6760 6749 6737 6753 6739 6741 6542 7035 6540 6540 6730 6721 6727 6740 7026 6749 6740 6738 6729 6728 7036 6542 6750 7035 6721 6729 7037 6540 7035 6730 7037 6725 6721 7030 6566 6551 6539 6538 7029 6724 7038 6748 7030 7034 6741 7039 7034 6538 6757 6759 7040 6764 6753 7039 6766 6765 6751 6764 6737 6753 7035 6731 6730 6730 6732 6728 6740 6750 6542 6762 6750 6749 6728 6732 6742 7035 6763 6731 6728 6744 7041 7036 6728 7041 6721 6730 6728 6538 7034 6551 7033 6531 6530 7042 6734 6736 7034 7039 6753 6531 7043 7039 6735 6734 6748 6778 6764 7043 6785 6774 6761 6778 6760 6764 6731 7044 6732 6732 6756 6742 6750 6763 7035 6774 6763 6762 6752 6751 7045 6731 6775 7044 6742 6752 7046 6732 7044 6756 7046 6747 6742 7039 6538 6531 7031 6748 7038 6745 7047 6759 7039 7043 6764 6748 7048 7043 6745 6759 6734 6791 6778 7048 6790 6789 6776 6791 6761 6778 7044 6754 6756 6756 6755 6751 6763 6775 6731 6784 6775 6774 6751 6755 6766 7044 6787 6754 6751 6765 7049 7045 6751 7049 6742 6756 6751 7043 6531 6748 6746 6734 7042 7050 6770 6758 7043 7048 6778 7051 7048 6734 6794 6793 7052 6791 7051 6800 6797 6786 6809 6791 6800 6785 6754 7053 6755 6755 6779 6766 6775 6787 7044 6797 6787 6784 6777 6776 7054 6754 6796 7053 6766 6777 7055 6755 7053 6779 7055 6771 6766 6734 7048 6748 7040 6759 7047 7056 6783 6773 7048 7051 6791 6759 7057 7051 6769 6773 6770 7057 6816 6800 6813 6815 6799 6786 6800 6816 7053 6780 6779 6779 6781 6776 6787 6796 6754 6808 6796 6797 6776 6781 6790 7053 6812 6780 6776 6789 7058 7054 6776 7058 6766 6779 6776 7051 6734 6759 6768 6770 7050 6782 7059 6793 7051 7057 6800 6770 7060 7057 6782 6793 6773 6816 7060 6830 6820 6807 6828 6816 6830 6809 6780 7061 6781 6781 6802 6790 6796 6812 7053 6820 6812 6808 6798 6799 7062 6780 6821 7061 6790 6798 7063 6781 7061 6802 7063 6792 6790 6770 7057 6759 7056 6773 6772 7064 6805 6795 7057 7060 6816 7065 7060 6773 6832 6849 7066 6839 6830 7065 6836 6835 6822 6839 6807 6830 7061 6803 6802 6802 6801 6799 6812 6821 6780 6827 6821 6820 6799 6801 6813 7061 6837 6803 6799 6815 7067 7062 6799 7067 6790 6802 6799 7060 6770 6773 7052 6793 7059 7068 6818 6810 7060 7065 6830 6793 7069 7065 6804 6810 6805 6839 7069 6853 6845 6829 6852 6853 6828 6839 6803 7070 6801 6801 6824 6813 6821 6837 7061 6837 6827 6845 6823 6822 7071 6803 6844 7070 6813 6823 7072 6801 7070 6824 7072 6817 6813 7065 6773 6793 6806 6805 7064 7073 6849 6819 7065 7069 6839 7074 7069 6805 6854 6856 7075 6862 6853 7074 6857 6859 6843 6862 6829 6853 7070 6825 6824 6824 6826 6822 6837 6844 6803 6851 6844 6845 6822 6826 6836 7070 6860 6825 6822 6835 7076 7071 6822 7076 6813 6824 6822 6805 7069 6793 7068 6810 6811 7077 6831 6833 7069 7074 6853 6810 7078 7074 6832 6831 6849 6878 6862 7078 6873 6850 6875 6878 6852 6862 6825 7079 6826 6826 6846 6836 6844 6860 7070 6860 6851 6873 6842 6843 7080 6825 6874 7079 6836 6842 7081 6826 7079 6846 7081 6838 6836 7074 6805 6810 7066 6849 7073 6841 7082 6856 7074 7078 6862 6849 7083 7078 6841 6856 6831 6886 6878 7083 6882 6881 6866 6886 6850 6878 7079 6847 6846 6846 6848 6843 6860 6874 6825 6877 6874 6873 6843 6848 6857 7079 6884 6847 6843 6859 7084 7080 6843 7084 6836 6846 6843 7078 6810 6849 6840 6831 7077 7085 6865 6855 7078 7083 6878 7086 7083 6831 6890 6889 7087 6886 7086 6894 6898 6892 6876 6886 6894 6875 6847 7088 6848 6848 6871 6857 6874 6884 7079 6884 6877 6892 6867 6866 7089 6847 6893 7088 6857 6867 7090 6848 7088 6871 7090 6861 6857 6831 7083 6849 7075 6856 7082 7091 6880 6869 7083 7086 6886 7092 7086 6856 6898 6907 6892 7092 6899 6894 6910 6912 6887 6876 6894 6899 7088 6872 6871 6871 6870 6866 6884 6893 6847 6907 6893 6892 6866 6870 6882 6916 6872 7088 6866 6881 7093 7089 6866 7093 6857 6871 6866 7086 6831 6856 6863 6865 7085 6879 7094 6889 7086 7092 6894 7092 6865 7095 6901 6920 6907 6899 7095 6900 6920 6939 6916 6900 6898 6899 6872 6895 6870 6897 6882 6870 6893 6916 7088 6916 6907 6920 6888 6887 7096 6872 6939 6895 6882 6888 7097 6870 6895 6897 7097 6885 6882 6865 7092 6856 7091 6869 6868 7098 6904 6891 7092 7095 6899 7095 6869 7099 6920 6901 6921 7099 6906 6900 6939 6920 6922 6906 6921 6901 6936 7100 6940 6897 6905 6887 6916 6939 6872 6939 6922 6938 6887 6905 6910 6938 6896 6895 6887 6912 7101 7096 6887 7101 6882 6897 6887 7095 6865 6869 7087 6889 7094 6906 7102 6921 7095 7099 6900 7103 7099 6889 6921 7104 6922 7103 7102 6906 6922 7105 6938 7102 7104 6921 6938 7106 6896 6922 7104 7105 6932 6910 6905 7106 6938 7105 6930 6929 7107 7106 6944 6896 6910 6930 7108 6905 6944 6932 7108 6915 6910 7099 6869 6889 6902 6904 7098 7102 6917 7104 7099 7103 6906 6904 7109 7103 7104 6919 7105 7109 6917 7102 7105 7110 7106 6917 6919 7104 7106 7111 6944 6919 7110 7105 6933 6932 6944 7111 7106 7110 6929 6934 6936 6944 7111 6933 6929 6935 7112 7107 6929 7112 6910 6932 6929 6904 7103 6889 6914 6909 6908 7113 7110 6919 7103 7109 7102 6909 6925 7109 7114 7111 7110 6925 6918 6917 7115 6933 7111 6918 7113 6919 7116 6934 6933 7113 7114 7110 6947 6936 6934 7114 7115 7111 6946 7117 6941 6933 7115 7116 6936 6943 7118 7116 6947 6934 7118 7100 6936 6909 7109 6904 6926 6923 6927 6924 7119 6918 7109 6925 6917 6924 6918 6925 7119 7120 7113 7119 7113 6918 7120 7121 7114 7120 7114 7113 7121 7122 7115 7121 7115 7114 7122 7123 7116 7122 7116 7115 7123 6948 6947 7123 6947 7116 6941 6948 6949 6942 6941 7117 6936 6947 6941 6926 6909 6923 6925 6909 6926 7119 6699 6679 6675 6924 6926 7120 6679 6677 6699 7119 6924 7121 6677 6701 6679 7120 7119 7122 6701 6703 6677 7121 7120 7123 6703 6711 6701 7122 7121 6948 6711 6713 6703 7123 7122 6949 6713 6714 6711 6948 7123 6949 6714 6952 6713 6949 6948 7124 7125 7126 7124 7126 7127 7126 7128 7129 7127 7126 7129 7126 7130 7131 7128 7126 7131 7126 7132 7133 7130 7126 7133 7126 7134 7135 7132 7126 7135 7126 7136 7137 7134 7126 7137 7126 7138 7139 7136 7126 7139 7138 7126 7140 7126 7141 7142 7140 7126 7142 7126 7143 7144 7141 7126 7144 7126 7145 7146 7143 7126 7146 7126 7147 7148 7145 7126 7148 7126 7149 7150 7147 7126 7150 7126 7151 7152 7149 7126 7152 7126 7153 7154 7151 7126 7154 7153 7126 7155 7126 7156 7157 7155 7126 7157 7126 7158 7159 7156 7126 7159 7126 7160 7161 7158 7126 7161 7126 7162 7163 7160 7126 7163 7126 7164 7165 7162 7126 7165 7126 7166 7167 7164 7126 7167 7126 7168 7169 7166 7126 7169 7168 7126 7170 7171 7170 7126 7172 7173 7126 7126 7173 7171 7174 7175 7126 7126 7175 7172 7176 7177 7126 7126 7177 7174 7178 7179 7126 7126 7179 7176 7180 7181 7126 7126 7181 7178 7182 7183 7126 7126 7183 7180 7126 7184 7182 7185 7186 7126 7126 7186 7184 7187 7188 7126 7126 7188 7185 7189 7190 7126 7126 7190 7187 7191 7192 7126 7126 7192 7189 7193 7194 7126 7126 7194 7191 7195 7196 7126 7126 7196 7193 7197 7198 7126 7126 7198 7195 7126 7199 7197 7200 7201 7126 7126 7201 7199 7202 7203 7126 7126 7203 7200 7204 7205 7126 7126 7205 7202 7206 7207 7126 7126 7207 7204 7208 7209 7126 7126 7209 7206 7210 7211 7126 7126 7211 7208 7212 7213 7126 7126 7213 7210 7126 7214 7212 7126 7125 7214</p>
        </triangles>
        <triangles count="819" material="ID13">
          <input offset="0" semantic="VERTEX" source="#ID8"/>
          <p>4096 4097 4098 4099 4097 4100 4097 4099 4098 4101 4102 4100 4099 4100 4102 4101 4103 4104 4104 4102 4101 4105 4103 4106 4103 4105 4104 4107 4108 4106 4105 4106 4108 4107 4109 4110 4110 4108 4107 4111 4109 4112 4109 4111 4110 4113 4114 4112 4111 4112 4114 4113 4115 4116 4116 4114 4113 4117 4115 4118 4115 4117 4116 4119 4120 4118 4117 4118 4120 4119 4121 4122 4122 4120 4119 4123 4121 4124 4121 4123 4122 4125 4126 4124 4123 4124 4126 4125 4127 4128 4128 4126 4125 4129 4127 4130 4127 4129 4128 4131 4132 4130 4129 4130 4132 4131 4133 4134 4134 4132 4131 4135 4133 4136 4133 4135 4134 4137 4138 4136 4135 4136 4138 4137 4139 4140 4140 4138 4137 4141 4139 4142 4139 4141 4140 4143 4144 4142 4141 4142 4144 4143 4145 4146 4146 4144 4143 4147 4145 4148 4145 4147 4146 4149 4147 4148 4150 4151 4149 4149 4148 4150 4151 4152 4153 4152 4151 4150 4154 4153 4155 4152 4155 4153 4156 4157 4154 4154 4155 4156 4157 4158 4159 4158 4157 4156 4160 4159 4161 4158 4161 4159 4162 4163 4160 4160 4161 4162 4163 4164 4165 4164 4163 4162 4166 4165 4167 4164 4167 4165 4168 4169 4166 4166 4167 4168 4169 4170 4171 4170 4169 4168 4172 4171 4173 4170 4173 4171 4174 4175 4172 4172 4173 4174 4175 4176 4177 4176 4175 4174 4178 4177 4179 4176 4179 4177 4180 4181 4178 4178 4179 4180 4181 4182 4183 4182 4181 4180 4184 4183 4185 4182 4185 4183 4186 4187 4184 4184 4185 4186 4187 4188 4189 4188 4187 4186 4190 4189 4191 4188 4191 4189 4192 4193 4190 4190 4191 4192 4193 4194 4195 4194 4193 4192 4196 4195 4197 4194 4197 4195 4198 4199 4196 4196 4197 4198 4200 4096 4098 4200 4201 4202 4202 4096 4200 4203 4201 4204 4201 4203 4202 4205 4206 4204 4203 4204 4206 4205 4207 4208 4208 4206 4205 4209 4207 4210 4207 4209 4208 4211 4212 4210 4209 4210 4212 4211 4213 4214 4214 4212 4211 4215 4213 4216 4213 4215 4214 4217 4218 4216 4215 4216 4218 4217 4219 4220 4220 4218 4217 4221 4219 4222 4219 4221 4220 4223 4224 4222 4221 4222 4224 4223 4225 4226 4226 4224 4223 4227 4225 4228 4225 4227 4226 4229 4230 4228 4227 4228 4230 4229 4231 4232 4232 4230 4229 4233 4231 4234 4231 4233 4232 4235 4236 4234 4233 4234 4236 4235 4237 4238 4238 4236 4235 4239 4237 4240 4237 4239 4238 4241 4242 4240 4239 4240 4242 4241 4243 4244 4244 4242 4241 4245 4243 4246 4243 4245 4244 4247 4248 4246 4245 4246 4248 4247 4249 4250 4250 4248 4247 4251 4249 4252 4249 4251 4250 4253 4254 4252 4251 4252 4254 4253 4255 4256 4256 4254 4253 4257 4255 4258 4255 4257 4256 4259 4260 4258 4257 4258 4260 4259 4261 4262 4262 4260 4259 4263 4261 4264 4261 4263 4262 4265 4266 4264 4263 4264 4266 4265 4267 4268 4268 4266 4265 4269 4267 4270 4267 4269 4268 4271 4272 4270 4269 4270 4272 4271 4273 4274 4274 4272 4271 4275 4273 4276 4273 4275 4274 4277 4278 4276 4275 4276 4278 4277 4279 4280 4280 4278 4277 4281 4279 4282 4279 4281 4280 4283 4284 4282 4281 4282 4284 4283 4285 4286 4286 4284 4283 4287 4285 4288 4285 4287 4286 4289 4290 4288 4287 4288 4290 4289 4291 4292 4292 4290 4289 4293 4291 4294 4291 4293 4292 4295 4296 4294 4293 4294 4296 4295 4297 4298 4298 4296 4295 4299 4297 4300 4297 4299 4298 4299 4300 4198 4198 4300 4199 5005 5006 5007 5008 5009 5010 5011 5012 5007 5005 5007 5012 5011 5013 5014 5014 5012 5011 5015 5013 5016 5013 5015 5014 5017 5018 5016 5015 5016 5018 5017 5019 5020 5020 5018 5017 5006 5021 5022 5021 5006 5005 5023 5022 5024 5021 5024 5022 5025 5026 5023 5023 5024 5025 5026 5027 5028 5027 5026 5025 5029 5028 5030 5027 5030 5028 5031 5032 5033 5029 5030 5008 5034 5035 5036 5037 5038 5039 5040 5041 5042 5043 5044 5045 5046 5047 5048 5049 5050 5051 5052 5053 5054 5055 5056 5057 5058 5059 5060 5061 5062 5063 5064 5065 5066 5067 5068 5069 5070 5071 5072 5073 5074 5075 5076 5077 5078 5079 5080 5081 5082 5083 5084 5085 5086 5087 5088 5089 5090 5091 5092 5093 5094 5095 5096 5097 5098 5099 5100 5101 5102 5103 5104 5105 5106 5107 5108 5109 5110 5111 5112 5113 5114 5115 5116 5117 5118 5119 5120 5121 5122 5123 5124 5125 5126 5127 5128 5129 5130 5131 5132 5133 5134 5135 5136 5137 5138 5139 5140 5141 5142 5143 5144 5145 5146 5147 5148 5149 5150 5151 5152 5153 5154 5155 5156 5157 5158 5159 5160 5161 5162 5163 5164 5165 5166 5167 5162 5160 5162 5167 5166 5168 5169 5169 5167 5166 5170 5168 5171 5168 5170 5169 5172 5173 5171 5170 5171 5173 5172 5174 5175 5175 5173 5172 5176 5174 5177 5174 5176 5175 5178 5179 5177 5176 5177 5179 5178 5180 5181 5181 5179 5178 5182 5180 5183 5180 5182 5181 5184 5185 5183 5182 5183 5185 5184 5186 5187 5187 5185 5184 5188 5186 5189 5186 5188 5187 5190 5191 5189 5188 5189 5191 5190 5192 5193 5193 5191 5190 5194 5192 5195 5192 5194 5193 5196 5197 5195 5194 5195 5197 5196 5198 5199 5199 5197 5196 5200 5198 5201 5198 5200 5199 5202 5203 5201 5200 5201 5203 5202 5204 5205 5205 5203 5202 5206 5204 5207 5204 5206 5205 5207 5019 5208 5206 5207 5208 5020 5019 5207 5165 5161 5160 5163 5154 5164 5165 5164 5161 5155 5157 5156 5163 5155 5154 5159 5158 5149 5156 5157 5159 5148 5150 5152 5149 5158 5150 5144 5151 5153 5151 5148 5152 5147 5143 5142 5142 5144 5153 5145 5136 5146 5147 5146 5143 5137 5139 5138 5145 5137 5136 5141 5140 5131 5138 5139 5141 5130 5132 5134 5131 5140 5132 5126 5133 5135 5133 5130 5134 5129 5125 5124 5124 5126 5135 5127 5118 5128 5129 5128 5125 5119 5121 5120 5127 5119 5118 5123 5122 5113 5120 5121 5123 5112 5114 5116 5113 5122 5114 5108 5115 5117 5115 5112 5116 5111 5107 5106 5106 5108 5117 5109 5100 5110 5111 5110 5107 5101 5103 5102 5109 5101 5100 5105 5104 5095 5102 5103 5105 5094 5096 5209 5095 5104 5096 5209 5099 5098 5098 5094 5209 5088 5090 5097 5088 5097 5099 5089 5091 5093 5089 5093 5090 5092 5083 5082 5091 5083 5092 5085 5084 5086 5082 5084 5085 5077 5087 5078 5087 5086 5078 5081 5080 5076 5080 5077 5076 5070 5072 5079 5070 5079 5081 5071 5073 5075 5071 5075 5072 5074 5065 5064 5073 5065 5074 5067 5066 5068 5064 5066 5067 5059 5069 5060 5069 5068 5060 5063 5062 5058 5062 5059 5058 5052 5054 5061 5052 5061 5063 5053 5055 5057 5053 5057 5054 5056 5047 5046 5055 5047 5056 5049 5048 5050 5046 5048 5049 5041 5051 5042 5051 5050 5042 5045 5044 5040 5044 5041 5040 5034 5036 5043 5034 5043 5045 5035 5037 5039 5035 5039 5036 5038 5031 5033 5037 5031 5038 5009 5032 5010 5033 5032 5009 5008 5010 5029 7415 7416 7417 7418 7419 7420 7421 7422 7415 7415 7417 7421 7422 7423 7424 7423 7422 7421 7425 7424 7426 7423 7426 7424 7427 7428 7425 7425 7426 7427 7428 7429 7430 7429 7428 7427 7431 7430 7432 7429 7432 7430 7433 7434 7431 7431 7432 7433 7435 7434 7433 7416 7436 7417 7437 7436 7438 7416 7438 7436 7439 7440 7437 7437 7438 7439 7440 7441 7442 7441 7440 7439 7443 7442 7444 7441 7444 7442 7445 7446 7443 7443 7444 7445 7446 7447 7448 7447 7446 7445 7449 7448 7450 7447 7450 7448 7451 7452 7453 7449 7450 7418 7454 7455 7456 7457 7458 7459 7460 7461 7462 7463 7464 7465 7466 7467 7468 7469 7470 7471 7472 7473 7474 7475 7476 7477 7478 7479 7480 7481 7482 7483 7484 7485 7486 7487 7488 7489 7490 7491 7492 7493 7494 7495 7496 7497 7498 7499 7500 7501 7502 7503 7504 7505 7506 7507 7508 7509 7510 7511 7512 7513 7514 7515 7516 7517 7518 7519 7520 7521 7522 7523 7524 7525 7526 7527 7528 7529 7530 7531 7532 7533 7534 7535 7536 7537 7538 7539 7540 7541 7542 7543 7544 7545 7546 7547 7548 7549 7550 7551 7552 7553 7554 7555 7556 7557 7558 7559 7560 7561 7562 7563 7564 7565 7566 7567 7568 7569 7570 7571 7572 7573 7574 7575 7576 7577 7578 7579 7579 7572 7577 7580 7578 7581 7578 7580 7579 7582 7583 7581 7580 7581 7583 7582 7584 7585 7585 7583 7582 7586 7584 7587 7584 7586 7585 7588 7589 7587 7586 7587 7589 7588 7590 7591 7591 7589 7588 7592 7590 7593 7590 7592 7591 7594 7595 7593 7592 7593 7595 7594 7596 7597 7597 7595 7594 7598 7596 7599 7596 7598 7597 7600 7601 7599 7598 7599 7601 7600 7602 7603 7603 7601 7600 7604 7602 7605 7602 7604 7603 7606 7607 7605 7604 7605 7607 7606 7608 7609 7609 7607 7606 7610 7608 7611 7608 7610 7609 7612 7613 7611 7610 7611 7613 7612 7614 7615 7615 7613 7612 7616 7614 7617 7614 7616 7615 7434 7618 7617 7616 7617 7618 7435 7618 7434 7574 7571 7573 7577 7572 7571 7576 7575 7567 7574 7573 7575 7569 7566 7565 7566 7576 7567 7559 7568 7570 7570 7569 7565 7560 7564 7561 7559 7561 7568 7562 7554 7563 7560 7562 7564 7553 7555 7556 7563 7554 7553 7558 7557 7551 7556 7555 7557 7546 7550 7552 7550 7558 7551 7549 7545 7544 7544 7546 7552 7547 7538 7548 7549 7548 7545 7539 7541 7540 7547 7539 7538 7543 7542 7533 7540 7541 7543 7532 7534 7536 7533 7542 7534 7528 7535 7537 7535 7532 7536 7531 7527 7526 7526 7528 7537 7529 7520 7530 7531 7530 7527 7521 7523 7522 7529 7521 7520 7525 7524 7515 7522 7523 7525 7514 7516 7518 7515 7524 7516 7510 7517 7519 7517 7514 7518 7513 7509 7508 7508 7510 7519 7511 7502 7512 7513 7512 7509 7503 7505 7504 7511 7503 7502 7507 7506 7497 7504 7505 7507 7496 7498 7500 7497 7506 7498 7492 7499 7501 7499 7496 7500 7495 7491 7490 7490 7492 7501 7493 7484 7494 7495 7494 7491 7485 7487 7486 7493 7485 7484 7489 7488 7479 7486 7487 7489 7478 7480 7482 7479 7488 7480 7474 7481 7483 7481 7478 7482 7477 7473 7472 7472 7474 7483 7475 7466 7476 7477 7476 7473 7467 7469 7468 7475 7467 7466 7471 7470 7461 7468 7469 7471 7460 7462 7464 7461 7470 7462 7456 7463 7465 7463 7460 7464 7459 7455 7454 7454 7456 7465 7457 7453 7458 7459 7458 7455 7451 7619 7452 7457 7451 7453 7420 7419 7619 7452 7619 7419 7418 7420 7449 8427 8428 8429 8430 8428 8431 8428 8430 8429 8432 8433 8431 8430 8431 8433 8432 8434 8435 8435 8433 8432 8436 8434 8437 8434 8436 8435 8438 8439 8437 8436 8437 8439 8438 8440 8441 8441 8439 8438 8442 8440 8443 8440 8442 8441 8444 8445 8443 8442 8443 8445 8444 8446 8447 8447 8445 8444 8448 8446 8449 8446 8448 8447 8450 8451 8449 8448 8449 8451 8450 8452 8453 8453 8451 8450 8454 8452 8455 8452 8454 8453 8456 8457 8455 8454 8455 8457 8456 8458 8459 8459 8457 8456 8460 8458 8461 8458 8460 8459 8462 8463 8461 8460 8461 8463 8462 8464 8465 8465 8463 8462 8466 8464 8467 8464 8466 8465 8468 8469 8467 8466 8467 8469 8468 8470 8471 8471 8469 8468 8472 8470 8473 8470 8472 8471 8474 8475 8473 8472 8473 8475 8474 8476 8477 8477 8475 8474 8478 8476 8479 8476 8478 8477 8480 8478 8479 8481 8482 8480 8480 8479 8481 8482 8483 8484 8483 8482 8481 8485 8484 8486 8483 8486 8484 8487 8488 8485 8485 8486 8487 8488 8489 8490 8489 8488 8487 8491 8490 8492 8489 8492 8490 8493 8494 8491 8491 8492 8493 8494 8495 8496 8495 8494 8493 8497 8496 8498 8495 8498 8496 8499 8500 8497 8497 8498 8499 8500 8501 8502 8501 8500 8499 8503 8502 8504 8501 8504 8502 8505 8506 8503 8503 8504 8505 8506 8507 8508 8507 8506 8505 8509 8508 8510 8507 8510 8508 8511 8512 8509 8509 8510 8511 8512 8513 8514 8513 8512 8511 8515 8514 8516 8513 8516 8514 8517 8518 8515 8515 8516 8517 8518 8519 8520 8519 8518 8517 8521 8520 8522 8519 8522 8520 8523 8524 8521 8521 8522 8523 8524 8525 8526 8525 8524 8523 8527 8526 8528 8525 8528 8526 8529 8530 8527 8527 8528 8529 8531 8427 8429 8531 8532 8533 8533 8427 8531 8534 8532 8535 8532 8534 8533 8536 8537 8535 8534 8535 8537 8536 8538 8539 8539 8537 8536 8540 8538 8541 8538 8540 8539 8542 8543 8541 8540 8541 8543 8542 8544 8545 8545 8543 8542 8546 8544 8547 8544 8546 8545 8548 8549 8547 8546 8547 8549 8548 8550 8551 8551 8549 8548 8552 8550 8553 8550 8552 8551 8554 8555 8553 8552 8553 8555 8554 8556 8557 8557 8555 8554 8558 8556 8559 8556 8558 8557 8560 8561 8559 8558 8559 8561 8560 8562 8563 8563 8561 8560 8564 8562 8565 8562 8564 8563 8566 8567 8565 8564 8565 8567 8566 8568 8569 8569 8567 8566 8570 8568 8571 8568 8570 8569 8572 8573 8571 8570 8571 8573 8572 8574 8575 8575 8573 8572 8576 8574 8577 8574 8576 8575 8578 8579 8577 8576 8577 8579 8578 8580 8581 8581 8579 8578 8582 8580 8583 8580 8582 8581 8584 8585 8583 8582 8583 8585 8584 8586 8587 8587 8585 8584 8588 8586 8589 8586 8588 8587 8590 8591 8589 8588 8589 8591 8590 8592 8593 8593 8591 8590 8594 8592 8595 8592 8594 8593 8596 8597 8595 8594 8595 8597 8596 8598 8599 8599 8597 8596 8600 8598 8601 8598 8600 8599 8602 8603 8601 8600 8601 8603 8602 8604 8605 8605 8603 8602 8606 8604 8607 8604 8606 8605 8608 8609 8607 8606 8607 8609 8608 8610 8611 8611 8609 8608 8612 8610 8613 8610 8612 8611 8614 8615 8613 8612 8613 8615 8614 8616 8617 8617 8615 8614 8618 8616 8619 8616 8618 8617 8620 8621 8619 8618 8619 8621 8620 8622 8623 8623 8621 8620 8624 8622 8625 8622 8624 8623 8626 8627 8625 8624 8625 8627 8626 8628 8629 8629 8627 8626 8630 8628 8530 8628 8630 8629 8630 8530 8529</p>
        </triangles>
        <triangles count="204" material="ID14">
          <input offset="0" semantic="VERTEX" source="#ID8"/>
          <p>5514 5515 5516 5517 5518 5519 5520 5521 5514 5514 5516 5520 5521 5522 5523 5522 5521 5520 5524 5523 5525 5522 5525 5523 5526 5527 5524 5524 5525 5526 5527 5528 5529 5528 5527 5526 5530 5529 5531 5528 5531 5529 5532 5533 5530 5530 5531 5532 5533 5534 5535 5534 5533 5532 5536 5535 5537 5534 5537 5535 5538 5539 5536 5536 5537 5538 5539 5540 5541 5540 5539 5538 5542 5541 5543 5540 5543 5541 5544 5545 5542 5542 5543 5544 5545 5546 5547 5546 5545 5544 5548 5547 5549 5546 5549 5547 5550 5551 5548 5548 5549 5550 5551 5552 5553 5552 5551 5550 5554 5553 5555 5552 5555 5553 5556 5557 5554 5554 5555 5556 5557 5558 5559 5558 5557 5556 5560 5559 5561 5558 5561 5559 5562 5563 5560 5560 5561 5562 5563 5564 5565 5564 5563 5562 5566 5565 5567 5564 5567 5565 5568 5569 5566 5566 5567 5568 5516 5515 5570 5571 5570 5572 5515 5572 5570 5573 5574 5571 5571 5572 5573 5574 5575 5576 5575 5574 5573 5577 5576 5578 5575 5578 5576 5579 5580 5577 5577 5578 5579 5580 5581 5582 5581 5580 5579 5583 5582 5584 5581 5584 5582 5585 5586 5583 5583 5584 5585 5586 5587 5588 5587 5586 5585 5589 5588 5590 5587 5590 5588 5591 5592 5589 5589 5590 5591 5592 5593 5594 5593 5592 5591 5593 5595 5594 5596 5597 5595 5594 5595 5597 5596 5598 5599 5599 5597 5596 5600 5598 5601 5598 5600 5599 5602 5603 5601 5600 5601 5603 5602 5604 5605 5605 5603 5602 5606 5604 5607 5604 5606 5605 5608 5609 5607 5606 5607 5609 5608 5610 5611 5611 5609 5608 5612 5610 5613 5610 5612 5611 5614 5615 5613 5612 5613 5615 5614 5616 5617 5617 5615 5614 5618 5616 5519 5616 5618 5617 5618 5519 5518 5619 5620 5621 5622 5623 5624 5625 5626 5627 5628 5629 5630 5631 5632 5633 5634 5635 5636 5637 5638 5639 5640 5641 5642 5643 5644 5645 5646 5647 5648 5649 5650 5651 5652 5653 5654 5655 5656 5657 5658 5659 5660 5661 5662 5663 5664 5665 5666 5667 5668 5669 5670 5671 5672 5673 5674 5675 5676 5677 5678 5679 5680 5681 5682 5683 5684 5685 5686 5687 5688 5689 5690 5691 5692 5693 5693 5694 5695 5692 5696 5697 5696 5692 5691 5698 5697 5699 5696 5699 5697 5700 5701 5698 5698 5699 5700 5701 5702 5703 5702 5701 5700 5704 5703 5705 5702 5705 5703 5706 5707 5704 5704 5705 5706 5707 5708 5709 5708 5707 5706 5710 5709 5711 5708 5711 5709 5712 5713 5710 5710 5711 5712 5713 5714 5715 5714 5713 5712 5716 5715 5717 5714 5717 5715 5569 5568 5716 5716 5717 5569 5686 5695 5694 5691 5693 5695 5685 5687 5689 5686 5694 5687 5681 5688 5690 5688 5685 5689 5684 5680 5679 5679 5681 5690 5682 5673 5683 5684 5683 5680 5674 5676 5675 5682 5674 5673 5678 5677 5668 5675 5676 5678 5667 5669 5671 5668 5677 5669 5663 5670 5672 5670 5667 5671 5666 5662 5661 5661 5663 5672 5664 5655 5665 5666 5665 5662 5656 5658 5657 5664 5656 5655 5660 5659 5650 5657 5658 5660 5649 5651 5653 5650 5659 5651 5645 5652 5654 5652 5649 5653 5648 5644 5643 5643 5645 5654 5646 5637 5647 5648 5647 5644 5638 5640 5639 5646 5638 5637 5642 5641 5632 5639 5640 5642 5631 5633 5635 5632 5641 5633 5627 5634 5636 5634 5631 5635 5630 5626 5625 5625 5627 5636 5628 5619 5629 5630 5629 5626 5620 5623 5621 5628 5620 5619 5622 5624 5517 5621 5623 5622 5518 5517 5624</p>
        </triangles>
        <triangles count="1184" material="ID15">
          <input offset="0" semantic="VERTEX" source="#ID8"/>
          <p>0 1 2 3 4 5 5 6 3 3 7 8 8 7 9 10 11 12 4 3 8 2 12 13 14 11 8 15 16 17 12 18 13 19 20 21 15 13 22 23 24 25 26 27 28 29 30 31 24 32 25 33 34 35 36 29 35 37 38 39 38 37 40 41 42 43 44 45 46 47 48 49 50 42 51 47 49 52 53 54 55 56 57 53 58 59 60 54 61 62 63 64 65 58 66 67 68 69 70 64 71 65 72 68 73 63 65 74 58 67 71 75 64 69 66 76 67 73 68 70 77 78 69 63 79 70 70 69 63 69 68 77 67 65 71 63 69 64 60 66 58 80 58 71 81 66 60 61 60 62 60 61 81 55 54 62 53 57 82 53 82 54 56 52 83 57 56 83 48 47 84 52 49 83 85 84 50 84 85 48 51 42 41 85 50 51 45 44 43 43 44 41 86 39 46 45 86 46 38 40 87 37 39 86 87 88 33 88 87 40 34 36 35 88 34 33 30 89 31 30 29 36 32 90 89 31 89 90 25 91 23 24 90 32 91 28 27 27 23 91 26 92 20 26 28 92 19 93 20 92 21 20 16 94 19 93 19 94 15 17 0 15 94 16 0 2 13 13 15 0 11 10 95 10 12 2 10 96 95 8 11 95 97 4 95 4 8 95 760 761 762 763 764 765 766 767 768 760 762 769 770 771 772 770 768 767 773 774 775 770 772 768 776 777 778 764 779 765 780 781 782 782 783 780 784 785 786 784 787 785 788 789 790 791 792 793 794 795 796 788 797 789 798 799 800 799 794 796 801 802 803 804 805 806 806 801 807 808 809 810 809 811 812 813 814 815 816 817 811 812 814 809 805 804 817 818 811 809 817 819 812 810 813 820 821 822 813 813 822 820 813 810 809 814 813 809 823 810 820 812 811 817 824 818 809 806 825 804 805 817 816 801 806 826 825 806 807 802 801 827 801 803 807 827 798 800 800 802 827 800 799 828 829 796 795 828 799 796 797 830 795 829 795 830 790 831 788 788 830 797 790 832 792 792 831 790 793 786 791 793 792 832 785 787 833 793 784 786 781 834 833 833 834 785 778 780 783 781 833 782 778 777 835 780 778 835 779 836 777 776 779 777 837 763 765 779 764 836 763 771 838 771 763 837 766 768 839 838 771 770 774 839 840 839 774 766 775 774 841 840 841 774 842 775 843 775 841 843 842 844 845 845 775 842 845 844 846 847 848 844 769 846 844 769 848 760 769 844 848 849 850 851 848 849 760 851 852 853 851 760 849 854 851 853 851 855 852 854 760 851 856 854 853 760 854 857 1833 1834 1835 1836 1837 1838 1839 1840 1841 1833 1835 1842 1839 1835 1840 1843 1844 1839 1842 1835 1839 1845 1846 1847 1839 1844 1846 1848 1849 1850 1848 1850 1847 1850 1851 1852 1852 1853 1850 1854 1855 1856 1857 1854 1858 1859 1860 1861 1861 1862 1859 1863 1864 1865 1866 1865 1864 1867 1868 1869 1870 1871 1872 1873 1874 1875 1876 1868 1867 1877 1878 1879 1880 1881 1878 1882 1883 1884 1883 1882 1885 1886 1887 1888 1889 1890 1891 1892 1893 1894 1895 1886 1896 1897 1838 1898 1894 1836 1892 1899 1900 1901 1902 1903 1901 1904 1905 1906 1901 1903 1907 1898 1902 1908 1909 1901 1910 1911 1900 1899 1912 1837 1836 1906 1905 1909 1913 1914 1899 1905 1913 1899 1909 1899 1901 1905 1899 1909 1903 1902 1898 1900 1902 1901 1838 1837 1898 1903 1898 1837 1838 1892 1836 1893 1915 1916 1893 1892 1915 1895 1896 1916 1893 1916 1896 1888 1887 1889 1895 1887 1886 1917 1891 1890 1891 1888 1889 1917 1884 1883 1884 1917 1890 1885 1918 1919 1882 1918 1885 1879 1919 1877 1918 1877 1919 1881 1880 1873 1878 1881 1879 1875 1874 1920 1873 1880 1874 1920 1868 1876 1876 1875 1920 1869 1921 1922 1869 1922 1867 1922 1921 1871 1870 1872 1863 1871 1921 1872 1864 1923 1866 1865 1870 1863 1923 1860 1924 1924 1866 1923 1862 1861 1925 1860 1859 1924 1926 1925 1856 1925 1926 1862 1855 1854 1927 1926 1856 1855 1857 1858 1928 1857 1927 1854 1928 1853 1852 1852 1857 1928 1847 1850 1853 1929 1853 1928 1846 1844 1848 1848 1847 1846 1930 1842 1846 1842 1839 1846 2354 2355 2356 2357 2358 2359 2359 2360 2357 2361 2362 2363 2364 2365 2366 2362 2367 2363 2361 2363 2368 2369 2370 2371 2361 2365 2364 2372 2373 2374 2375 2376 2377 2378 2379 2380 2381 2373 2372 2382 2383 2384 2378 2385 2379 2386 2387 2388 2386 2389 2387 2390 2391 2392 2391 2393 2394 2395 2396 2356 2390 2355 2354 2397 2398 2399 2395 2400 2401 2402 2403 2404 2405 2406 2402 2405 2407 2406 2398 2397 2401 2404 2397 2399 2395 2355 2408 2405 2402 2404 2409 2397 2410 2405 2411 2412 2398 2413 2399 2405 2404 2399 2405 2399 2411 2397 2404 2414 2398 2401 2415 2397 2409 2401 2416 2395 2401 2400 2415 2401 2355 2395 2356 2396 2395 2416 2390 2392 2355 2393 2391 2417 2391 2394 2392 2388 2418 2393 2393 2417 2388 2388 2387 2418 2389 2382 2419 2389 2419 2387 2382 2420 2383 2382 2384 2419 2385 2383 2379 2420 2379 2383 2421 2422 2380 2422 2378 2380 2373 2381 2422 2422 2421 2373 2376 2423 2372 2376 2372 2374 2377 2370 2375 2376 2375 2423 2370 2424 2371 2377 2424 2370 2425 2426 2371 2371 2426 2369 2427 2367 2426 2426 2425 2427 2363 2367 2427 2428 2366 2365 2368 2365 2361 2366 2429 2430 2429 2366 2428 2431 2430 2432 2429 2432 2430 2433 2434 2432 2435 2431 2432 2435 2434 2436 2435 2432 2434 2434 2358 2437 2436 2434 2437 2438 2439 2358 2438 2358 2434 2358 2440 2359 2440 2358 2439 2440 2441 2359 2442 2441 2440 2443 2444 2445 2443 2445 2441 2445 2446 2447 2441 2445 2448 2448 2445 2447 2445 2449 2446 2359 2441 2448 2450 2448 2447 2359 2448 2451 4301 4302 4303 4304 4305 4306 4301 4307 4308 4308 4302 4301 4309 4307 4310 4307 4309 4308 4311 4312 4310 4309 4310 4312 4311 4313 4314 4314 4312 4311 4315 4313 4316 4313 4315 4314 4317 4318 4316 4315 4316 4318 4317 4319 4320 4320 4318 4317 4321 4319 4322 4319 4321 4320 4323 4324 4322 4321 4322 4324 4323 4325 4326 4326 4324 4323 4327 4325 4328 4325 4327 4326 4329 4330 4328 4327 4328 4330 4329 4331 4332 4332 4330 4329 4333 4331 4334 4331 4333 4332 4335 4336 4334 4333 4334 4336 4335 4337 4338 4338 4336 4335 4339 4337 4340 4337 4339 4338 4341 4342 4340 4339 4340 4342 4341 4343 4344 4344 4342 4341 4345 4343 4346 4343 4345 4344 4347 4348 4346 4345 4346 4348 4347 4349 4350 4350 4348 4347 4351 4349 4352 4349 4351 4350 4353 4354 4352 4351 4352 4354 4355 4356 4354 4354 4353 4355 4303 4302 4357 4357 4358 4359 4303 4357 4359 4358 4360 4361 4360 4358 4357 4362 4361 4363 4360 4363 4361 4364 4365 4362 4362 4363 4364 4365 4366 4367 4366 4365 4364 4368 4367 4369 4366 4369 4367 4370 4371 4368 4368 4369 4370 4371 4372 4373 4372 4371 4370 4374 4373 4375 4372 4375 4373 4376 4377 4374 4374 4375 4376 4377 4378 4379 4378 4377 4376 4380 4379 4381 4378 4381 4379 4382 4383 4380 4380 4381 4382 4383 4384 4385 4384 4383 4382 4386 4385 4387 4384 4387 4385 4388 4389 4386 4386 4387 4388 4389 4390 4391 4390 4389 4388 4392 4391 4393 4390 4393 4391 4394 4395 4392 4392 4393 4394 4395 4396 4397 4396 4395 4394 4398 4397 4399 4396 4399 4397 4400 4401 4398 4398 4399 4400 4401 4402 4403 4402 4401 4400 4402 4306 4403 4403 4306 4305 4404 4405 4406 4407 4408 4409 4410 4411 4412 4413 4414 4415 4416 4417 4418 4419 4420 4421 4422 4423 4424 4425 4426 4427 4428 4429 4430 4431 4432 4433 4434 4435 4436 4437 4438 4439 4440 4441 4442 4443 4444 4445 4446 4447 4448 4449 4450 4451 4452 4453 4454 4455 4456 4457 4458 4459 4460 4461 4462 4463 4464 4465 4466 4467 4468 4469 4470 4471 4472 4473 4474 4475 4476 4477 4478 4477 4476 4471 4479 4478 4480 4477 4480 4478 4481 4482 4479 4479 4480 4481 4482 4483 4484 4483 4482 4481 4485 4484 4486 4483 4486 4484 4487 4488 4485 4485 4486 4487 4488 4489 4490 4489 4488 4487 4491 4490 4492 4489 4492 4490 4493 4494 4491 4491 4492 4493 4494 4495 4496 4495 4494 4493 4497 4496 4498 4495 4498 4496 4356 4355 4497 4497 4498 4356 4472 4474 4470 4471 4476 4472 4466 4473 4475 4473 4470 4474 4469 4465 4464 4464 4466 4475 4467 4458 4468 4469 4468 4465 4459 4461 4460 4467 4459 4458 4463 4462 4453 4460 4461 4463 4452 4454 4456 4453 4462 4454 4455 4457 4448 4455 4452 4456 4450 4447 4446 4447 4455 4448 4440 4449 4451 4451 4450 4446 4441 4445 4442 4440 4442 4449 4443 4499 4444 4441 4443 4445 4436 4435 4499 4444 4499 4435 4437 4434 4438 4434 4436 4438 4428 4430 4439 4430 4437 4439 4433 4432 4429 4433 4429 4428 4431 4423 4422 4431 4422 4432 4424 4425 4427 4423 4425 4424 4417 4426 4418 4427 4426 4417 4419 4416 4420 4416 4418 4420 4410 4412 4421 4412 4419 4421 4415 4414 4411 4415 4411 4410 4413 4405 4404 4413 4404 4414 4406 4408 4407 4405 4408 4406 4304 4409 4500 4407 4409 4304 4305 4304 4500 4805 4806 4807 4808 4809 4810 4805 4811 4812 4812 4806 4805 4813 4811 4814 4811 4813 4812 4815 4816 4814 4813 4814 4816 4815 4817 4818 4818 4816 4815 4819 4817 4820 4817 4819 4818 4821 4822 4820 4819 4820 4822 4821 4823 4824 4824 4822 4821 4825 4823 4826 4823 4825 4824 4827 4828 4826 4825 4826 4828 4827 4829 4830 4830 4828 4827 4831 4829 4832 4829 4831 4830 4833 4834 4832 4831 4832 4834 4833 4835 4836 4836 4834 4833 4837 4835 4838 4835 4837 4836 4839 4840 4838 4837 4838 4840 4839 4841 4842 4842 4840 4839 4843 4841 4844 4841 4843 4842 4845 4846 4844 4843 4844 4846 4845 4847 4848 4848 4846 4845 4849 4847 4850 4847 4849 4848 4851 4852 4850 4849 4850 4852 4851 4853 4854 4854 4852 4851 4855 4853 4856 4853 4855 4854 4857 4858 4856 4855 4856 4858 4859 4860 4858 4858 4857 4859 4807 4806 4861 4861 4862 4863 4807 4861 4863 4862 4864 4865 4864 4862 4861 4866 4865 4867 4864 4867 4865 4868 4869 4866 4866 4867 4868 4869 4870 4871 4870 4869 4868 4872 4871 4873 4870 4873 4871 4874 4875 4872 4872 4873 4874 4875 4876 4877 4876 4875 4874 4878 4877 4879 4876 4879 4877 4880 4881 4878 4878 4879 4880 4881 4882 4883 4882 4881 4880 4884 4883 4885 4882 4885 4883 4886 4887 4884 4884 4885 4886 4887 4888 4889 4888 4887 4886 4890 4889 4891 4888 4891 4889 4892 4893 4890 4890 4891 4892 4893 4894 4895 4894 4893 4892 4896 4895 4897 4894 4897 4895 4898 4899 4896 4896 4897 4898 4899 4900 4901 4900 4899 4898 4902 4901 4903 4900 4903 4901 4904 4905 4902 4902 4903 4904 4905 4906 4907 4906 4905 4904 4906 4810 4907 4907 4810 4809 4908 4909 4910 4911 4912 4913 4914 4915 4916 4917 4918 4919 4920 4921 4922 4923 4924 4925 4926 4927 4928 4929 4930 4931 4932 4933 4934 4935 4936 4937 4938 4939 4940 4941 4942 4943 4944 4945 4946 4947 4948 4949 4950 4951 4952 4953 4954 4955 4956 4957 4958 4959 4960 4961 4962 4963 4964 4965 4966 4967 4968 4969 4970 4971 4972 4973 4974 4975 4976 4977 4978 4979 4980 4981 4982 4981 4980 4975 4983 4982 4984 4981 4984 4982 4985 4986 4983 4983 4984 4985 4986 4987 4988 4987 4986 4985 4989 4988 4990 4987 4990 4988 4991 4992 4989 4989 4990 4991 4992 4993 4994 4993 4992 4991 4995 4994 4996 4993 4996 4994 4997 4998 4995 4995 4996 4997 4998 4999 5000 4999 4998 4997 5001 5000 5002 4999 5002 5000 4860 4859 5001 5001 5002 4860 4976 4978 4974 4975 4980 4976 4970 4977 4979 4977 4974 4978 4973 4969 4968 4968 4970 4979 4971 4962 4972 4973 4972 4969 4963 4965 4964 4971 4963 4962 4967 4966 4957 4964 4965 4967 4956 4958 4960 4957 4966 4958 4959 4961 4952 4959 4956 4960 4954 4951 4950 4951 4959 4952 4944 4953 4955 4955 4954 4950 4945 4949 4946 4944 4946 4953 4947 5003 4948 4945 4947 4949 4940 4939 5003 4948 5003 4939 4941 4938 4942 4938 4940 4942 4932 4934 4943 4934 4941 4943 4937 4936 4933 4937 4933 4932 4935 4927 4926 4935 4926 4936 4928 4929 4931 4927 4929 4928 4921 4930 4922 4931 4930 4921 4923 4920 4924 4920 4922 4924 4914 4916 4925 4916 4923 4925 4919 4918 4915 4919 4915 4914 4917 4909 4908 4917 4908 4918 4910 4912 4911 4909 4912 4910 4808 4913 5004 4911 4913 4808 4809 4808 5004 7215 7216 7217 7218 7219 7220 7215 7221 7222 7222 7216 7215 7223 7221 7224 7221 7223 7222 7225 7226 7224 7223 7224 7226 7225 7227 7228 7228 7226 7225 7229 7227 7230 7227 7229 7228 7231 7232 7230 7229 7230 7232 7231 7233 7234 7234 7232 7231 7235 7233 7236 7233 7235 7234 7237 7238 7236 7235 7236 7238 7237 7239 7240 7240 7238 7237 7241 7239 7242 7239 7241 7240 7243 7244 7242 7241 7242 7244 7243 7245 7246 7246 7244 7243 7247 7245 7248 7245 7247 7246 7249 7250 7248 7247 7248 7250 7249 7251 7252 7252 7250 7249 7253 7251 7254 7251 7253 7252 7255 7256 7254 7253 7254 7256 7255 7257 7258 7258 7256 7255 7259 7257 7260 7257 7259 7258 7261 7262 7260 7259 7260 7262 7261 7263 7264 7264 7262 7261 7265 7263 7266 7263 7265 7264 7267 7268 7266 7265 7266 7268 7269 7270 7268 7268 7267 7269 7217 7216 7271 7271 7272 7273 7217 7271 7273 7272 7274 7275 7274 7272 7271 7276 7275 7277 7274 7277 7275 7278 7279 7276 7276 7277 7278 7279 7280 7281 7280 7279 7278 7282 7281 7283 7280 7283 7281 7284 7285 7282 7282 7283 7284 7285 7286 7287 7286 7285 7284 7288 7287 7289 7286 7289 7287 7290 7291 7288 7288 7289 7290 7291 7292 7293 7292 7291 7290 7294 7293 7295 7292 7295 7293 7296 7297 7294 7294 7295 7296 7297 7298 7299 7298 7297 7296 7300 7299 7301 7298 7301 7299 7302 7303 7300 7300 7301 7302 7303 7304 7305 7304 7303 7302 7306 7305 7307 7304 7307 7305 7308 7309 7306 7306 7307 7308 7309 7310 7311 7310 7309 7308 7312 7311 7313 7310 7313 7311 7314 7315 7312 7312 7313 7314 7315 7316 7317 7316 7315 7314 7316 7220 7317 7317 7220 7219 7318 7319 7320 7321 7322 7323 7324 7325 7326 7327 7328 7329 7330 7331 7332 7333 7334 7335 7336 7337 7338 7339 7340 7341 7342 7343 7344 7345 7346 7347 7348 7349 7350 7351 7352 7353 7354 7355 7356 7357 7358 7359 7360 7361 7362 7363 7364 7365 7366 7367 7368 7369 7370 7371 7372 7373 7374 7375 7376 7377 7378 7379 7380 7381 7382 7383 7384 7385 7386 7387 7388 7389 7390 7391 7392 7391 7390 7385 7393 7392 7394 7391 7394 7392 7395 7396 7393 7393 7394 7395 7396 7397 7398 7397 7396 7395 7399 7398 7400 7397 7400 7398 7401 7402 7399 7399 7400 7401 7402 7403 7404 7403 7402 7401 7405 7404 7406 7403 7406 7404 7407 7408 7405 7405 7406 7407 7408 7409 7410 7409 7408 7407 7411 7410 7412 7409 7412 7410 7270 7269 7411 7411 7412 7270 7386 7388 7384 7385 7390 7386 7380 7387 7389 7387 7384 7388 7383 7379 7378 7378 7380 7389 7381 7372 7382 7383 7382 7379 7373 7375 7374 7381 7373 7372 7377 7376 7367 7374 7375 7377 7366 7368 7370 7367 7376 7368 7369 7371 7362 7369 7366 7370 7364 7361 7360 7361 7369 7362 7354 7363 7365 7365 7364 7360 7355 7359 7356 7354 7356 7363 7357 7413 7358 7355 7357 7359 7350 7349 7413 7358 7413 7349 7351 7348 7352 7348 7350 7352 7342 7344 7353 7344 7351 7353 7347 7346 7343 7347 7343 7342 7345 7337 7336 7345 7336 7346 7338 7339 7341 7337 7339 7338 7331 7340 7332 7341 7340 7331 7333 7330 7334 7330 7332 7334 7324 7326 7335 7326 7333 7335 7329 7328 7325 7329 7325 7324 7327 7319 7318 7327 7318 7328 7320 7322 7321 7319 7322 7320 7218 7323 7414 7321 7323 7218 7219 7218 7414 8227 8228 8229 8230 8231 8232 8227 8233 8234 8234 8228 8227 8235 8233 8236 8233 8235 8234 8237 8238 8236 8235 8236 8238 8237 8239 8240 8240 8238 8237 8241 8239 8242 8239 8241 8240 8243 8244 8242 8241 8242 8244 8243 8245 8246 8246 8244 8243 8247 8245 8248 8245 8247 8246 8249 8250 8248 8247 8248 8250 8249 8251 8252 8252 8250 8249 8253 8251 8254 8251 8253 8252 8255 8256 8254 8253 8254 8256 8255 8257 8258 8258 8256 8255 8259 8257 8260 8257 8259 8258 8261 8262 8260 8259 8260 8262 8261 8263 8264 8264 8262 8261 8265 8263 8266 8263 8265 8264 8267 8268 8266 8265 8266 8268 8267 8269 8270 8270 8268 8267 8271 8269 8272 8269 8271 8270 8273 8274 8272 8271 8272 8274 8273 8275 8276 8276 8274 8273 8277 8275 8278 8275 8277 8276 8279 8280 8278 8277 8278 8280 8281 8282 8280 8280 8279 8281 8229 8228 8283 8283 8284 8285 8229 8283 8285 8284 8286 8287 8286 8284 8283 8288 8287 8289 8286 8289 8287 8290 8291 8288 8288 8289 8290 8291 8292 8293 8292 8291 8290 8294 8293 8295 8292 8295 8293 8296 8297 8294 8294 8295 8296 8297 8298 8299 8298 8297 8296 8300 8299 8301 8298 8301 8299 8302 8303 8300 8300 8301 8302 8303 8304 8305 8304 8303 8302 8306 8305 8307 8304 8307 8305 8308 8309 8306 8306 8307 8308 8309 8310 8311 8310 8309 8308 8312 8311 8313 8310 8313 8311 8314 8315 8312 8312 8313 8314 8315 8316 8317 8316 8315 8314 8318 8317 8319 8316 8319 8317 8320 8321 8318 8318 8319 8320 8321 8322 8323 8322 8321 8320 8324 8323 8325 8322 8325 8323 8326 8327 8324 8324 8325 8326 8327 8328 8329 8328 8327 8326 8328 8232 8329 8329 8232 8231 8330 8331 8332 8333 8334 8335 8336 8337 8338 8339 8340 8341 8342 8343 8344 8345 8346 8347 8348 8349 8350 8351 8352 8353 8354 8355 8356 8357 8358 8359 8360 8361 8362 8363 8364 8365 8366 8367 8368 8369 8370 8371 8372 8373 8374 8375 8376 8377 8378 8379 8380 8381 8382 8383 8384 8385 8386 8387 8388 8389 8390 8391 8392 8393 8394 8395 8396 8397 8398 8399 8400 8401 8402 8403 8404 8403 8402 8397 8405 8404 8406 8403 8406 8404 8407 8408 8405 8405 8406 8407 8408 8409 8410 8409 8408 8407 8411 8410 8412 8409 8412 8410 8413 8414 8411 8411 8412 8413 8414 8415 8416 8415 8414 8413 8417 8416 8418 8415 8418 8416 8419 8420 8417 8417 8418 8419 8420 8421 8422 8421 8420 8419 8423 8422 8424 8421 8424 8422 8282 8281 8423 8423 8424 8282 8398 8400 8396 8397 8402 8398 8392 8399 8401 8399 8396 8400 8395 8391 8390 8390 8392 8401 8393 8384 8394 8395 8394 8391 8385 8387 8386 8393 8385 8384 8389 8388 8379 8386 8387 8389 8378 8380 8382 8379 8388 8380 8381 8383 8374 8381 8378 8382 8376 8373 8372 8373 8381 8374 8366 8375 8377 8377 8376 8372 8367 8371 8368 8366 8368 8375 8369 8425 8370 8367 8369 8371 8362 8361 8425 8370 8425 8361 8363 8360 8364 8360 8362 8364 8354 8356 8365 8356 8363 8365 8359 8358 8355 8359 8355 8354 8357 8349 8348 8357 8348 8358 8350 8351 8353 8349 8351 8350 8343 8352 8344 8353 8352 8343 8345 8342 8346 8342 8344 8346 8336 8338 8347 8338 8345 8347 8341 8340 8337 8341 8337 8336 8339 8331 8330 8339 8330 8340 8332 8334 8333 8331 8334 8332 8230 8335 8426 8333 8335 8230 8231 8230 8426</p>
        </triangles>
      </mesh>
    </geometry>
  </library_geometries>

  <library_visual_scenes>
    <visual_scene id="ID1">
      <node id="ID2">
        <instance_geometry url="#ID3">
          <bind_material>
            <technique_common>
              <instance_material symbol="ID9" target="#ID9"/>
              <instance_material symbol="ID10" target="#ID10"/>
              <instance_material symbol="ID11" target="#ID11"/>
              <instance_material symbol="ID12" target="#ID12"/>
              <instance_material symbol="ID13" target="#ID13"/>
              <instance_material symbol="ID14" target="#ID14"/>
              <instance_material symbol="ID15" target="#ID15"/>
            </technique_common>
          </bind_material>
        </instance_geometry>
      </node>
    </visual_scene>
  </library_visual_scenes>

  <scene>
    <instance_visual_scene url="#ID1"/>
  </scene>

  <library_nodes/>

</COLLADA>
